1789707199.9519591,266,rest
1789707199.951988,257,rest
1789707199.951998,248,rest
1789707199.952008,255,rest
1789707199.9520168,243,rest
1789707199.9520268,229,rest
1789707199.9520361,207,rest
1789707199.9520462,190,rest
1789707199.952055,174,rest
1789707199.952065,159,rest
1789707199.952074,146,rest
1789707199.9520829,147,rest
1789707199.952092,256,rest
1789707199.9521012,256,rest
1789707199.95211,226,rest
1789707199.952119,206,rest
1789707199.952128,191,rest
1789707199.952136,190,rest
1789707199.9521449,195,rest
1789707199.9521542,209,rest
1789707199.952163,225,rest
1789707199.952172,230,rest
1789707199.952181,235,rest
1789707199.95219,237,rest
1789707199.952199,228,rest
1789707199.952207,221,rest
1789707199.9522161,215,rest
1789707199.952225,204,rest
1789707199.952235,194,rest
1789707199.952244,185,rest
1789707199.9522529,172,rest
1789707199.952262,157,rest
1789707199.9522712,147,rest
1789707199.95228,138,rest
1789707199.952289,126,rest
1789707199.952298,119,rest
1789707199.952307,111,rest
1789707199.952317,101,rest
1789707199.9523258,195,rest
1789707199.9523351,299,rest
1789707199.952343,109,rest
1789707199.952352,132,rest
1789707199.9523609,186,rest
1789707199.95237,179,rest
1789707199.952379,176,rest
1789707199.952387,175,rest
1789707199.952396,163,rest
1789707199.952405,154,rest
1789707199.952414,163,rest
1789707199.9524229,151,rest
1789707199.9524322,136,rest
1789707199.952441,125,rest
1789707199.952449,122,rest
1789707199.952459,110,rest
1789707199.952467,102,rest
1789707199.9524748,95,rest
1789707199.952482,87,rest
1789707199.95249,82,rest
1789707199.952497,77,rest
1789707199.9525042,73,rest
1789707199.952512,80,rest
1789707199.952519,81,rest
1789707199.952526,87,rest
1789707199.9525352,104,rest
1789707199.952544,142,rest
1789707199.952553,217,rest
1789707199.9525619,348,rest
1789707199.952571,537,rest
1789707199.9525802,802,rest
1789707199.952592,932,rest
1789707199.9526012,933,rest
1789707199.952609,933,rest
1789707199.952618,933,rest
1789707199.952627,933,rest
1789707199.952636,932,rest
1789707199.952645,933,rest
1789707199.9526541,933,rest
1789707199.9526641,934,rest
1789707199.952673,933,rest
1789707199.952682,933,rest
1789707199.9526908,933,rest
1789707199.9527,933,rest
1789707199.952708,933,rest
1789707199.952717,924,rest
1789707199.9527261,924,rest
1789707199.952735,888,rest
1789707199.952744,812,rest
1789707199.9527528,736,rest
1789707199.9527621,661,rest
1789707199.95277,590,rest
1789707199.952779,527,rest
1789707199.9527879,473,rest
1789707199.952797,422,rest
1789707199.952807,383,rest
1789707199.952816,356,rest
1789707199.952824,330,rest
1789707199.952833,306,rest
1789707199.952842,291,rest
1789707199.952851,272,rest
1789707199.9528599,254,rest
1789707199.9528692,246,rest
1789707199.952877,234,rest
1789707199.952886,220,rest
1789707199.952895,215,rest
1789707199.952904,211,rest
1789707199.9529128,203,rest
1789707199.952922,199,rest
1789707199.9529312,195,rest
1789707199.952939,185,rest
1789707199.952954,180,rest
1789707199.952963,178,rest
1789707199.952972,167,rest
1789707199.952981,161,rest
1789707199.95299,160,rest
1789707199.9529989,152,rest
1789707199.9530082,143,rest
1789707199.953016,144,rest
1789707199.953025,140,rest
1789707199.953034,135,rest
1789707199.953043,138,rest
1789707199.9530518,136,rest
1789707199.953061,132,rest
1789707199.9530702,139,rest
1789707199.953079,134,rest
1789707199.953088,122,rest
1789707199.953096,113,rest
1789707199.953105,104,rest
1789707199.9531121,97,rest
1789707199.95312,89,rest
1789707199.9531279,82,rest
1789707199.9531362,76,rest
1789707199.9531431,70,rest
1789707199.95315,65,rest
1789707199.953158,61,rest
1789707199.953165,58,rest
1789707199.953172,54,rest
1789707199.9531798,52,rest
1789707199.953187,52,rest
1789707199.953194,49,rest
1789707199.953202,46,rest
1789707199.9532092,46,rest
1789707199.953216,43,rest
1789707199.953224,41,rest
1789707199.953231,41,rest
1789707199.953238,39,rest
1789707199.953245,37,rest
1789707199.953253,40,rest
1789707199.95326,41,rest
1789707199.9532669,51,rest
1789707199.9532769,74,rest
1789707199.953286,109,rest
1789707199.953294,137,rest
1789707199.953303,145,rest
1789707199.953312,147,rest
1789707199.953321,145,rest
1789707199.9533298,135,rest
1789707199.9533389,123,rest
1789707199.953347,114,rest
1789707199.953356,103,rest
1789707199.953364,95,rest
1789707199.9533708,92,rest
1789707199.953378,88,rest
1789707199.9533849,87,rest
1789707199.953393,96,rest
1789707199.959816,105,rest
1789707199.95983,106,rest
1789707199.95984,109,rest
1789707199.9598489,119,rest
1789707199.959858,123,rest
1789707199.9598668,128,rest
1789707199.993663,134,rest
1789707199.993695,139,rest
1789707199.993705,141,rest
1789707199.99372,142,rest
1789707199.99373,136,rest
1789707199.99374,126,rest
1789707200.021888,130,rest
1789707200.0219252,132,rest
1789707200.021937,124,rest
1789707200.02195,117,rest
1789707200.021962,109,rest
1789707200.021972,99,rest
1789707200.027117,90,rest
1789707200.0324118,84,rest
1789707200.037493,77,rest
1789707200.042815,71,rest
1789707200.048049,68,rest
1789707200.053338,64,rest
1789707200.05843,64,rest
1789707200.063806,67,rest
1789707200.0690901,64,rest
1789707200.0744162,59,rest
1789707200.079498,56,rest
1789707200.0847309,54,rest
1789707200.0900018,51,rest
1789707200.0953789,48,rest
1789707200.1004171,45,rest
1789707200.105688,46,rest
1789707200.110977,46,rest
1789707200.116099,47,rest
1789707200.12144,55,rest
1789707200.126762,61,rest
1789707200.132054,61,rest
1789707200.137164,63,rest
1789707200.1425211,63,rest
1789707200.147866,58,rest
1789707200.153218,57,rest
1789707200.159235,57,rest
1789707200.163535,52,rest
1789707200.185291,49,rest
1789707200.185314,46,rest
1789707200.185324,43,rest
1789707200.185332,41,rest
1789707200.189748,42,rest
1789707200.195439,42,rest
1789707200.200112,41,rest
1789707200.2055628,46,rest
1789707200.2105322,48,rest
1789707200.215928,48,rest
1789707200.2211552,52,rest
1789707200.2263958,56,rest
1789707200.231544,58,rest
1789707200.2368388,65,rest
1789707200.2421,74,rest
1789707200.247382,81,rest
1789707200.2525172,90,rest
1789707200.285494,101,rest
1789707200.285509,107,rest
1789707200.2855198,115,rest
1789707200.2855308,130,rest
1789707200.2855418,148,rest
1789707200.285556,167,rest
1789707200.319252,185,rest
1789707200.319275,196,rest
1789707200.319286,199,rest
1789707200.319297,202,rest
1789707200.319307,198,rest
1789707200.319317,193,rest
1789707200.353102,189,rest
1789707200.353149,183,rest
1789707200.353159,172,rest
1789707200.353169,167,rest
1789707200.353179,161,rest
1789707200.3531892,151,rest
1789707200.353198,143,rest
1789707200.386921,139,rest
1789707200.386948,132,rest
1789707200.386959,130,rest
1789707200.38697,130,rest
1789707200.386981,124,rest
1789707200.3869922,118,rest
1789707200.410964,117,rest
1789707200.411019,110,rest
1789707200.411048,105,rest
1789707200.411061,104,rest
1789707200.411072,99,rest
1789707200.416245,91,rest
1789707200.421549,89,rest
1789707200.42687,86,rest
1789707200.431958,80,rest
1789707200.437303,77,rest
1789707200.442546,74,rest
1789707200.447607,68,rest
1789707200.452883,64,rest
1789707200.4582632,65,rest
1789707200.463469,64,rest
1789707200.468672,65,rest
1789707200.473856,67,rest
1789707200.479167,64,rest
1789707200.484433,62,rest
1789707200.4895859,63,rest
1789707200.494942,59,rest
1789707200.500298,55,rest
1789707200.505594,59,rest
1789707200.510716,64,rest
1789707200.515996,67,rest
1789707200.521377,71,rest
1789707200.52637,73,rest
1789707200.5316858,70,rest
1789707200.537089,71,rest
1789707200.54226,73,rest
1789707200.5472791,71,rest
1789707200.552664,72,rest
1789707200.558031,74,rest
1789707200.563068,70,rest
1789707200.5684202,66,rest
1789707200.573903,65,rest
1789707200.578888,60,rest
1789707200.5849128,57,rest
1789707200.58932,56,rest
1789707200.594683,52,rest
1789707200.599922,49,rest
1789707200.605361,48,rest
1789707200.6103108,46,rest
1789707200.615663,44,rest
1789707200.620898,43,rest
1789707200.626066,43,rest
1789707200.631284,41,rest
1789707200.6366458,41,rest
1789707200.641867,40,rest
1789707200.646903,38,rest
1789707200.65219,37,rest
1789707200.657768,36,rest
1789707200.662753,34,rest
1789707200.668083,33,rest
1789707200.673166,33,rest
1789707200.6785002,32,rest
1789707200.683605,32,rest
1789707200.6888242,32,rest
1789707200.69418,31,rest
1789707200.69948,30,rest
1789707200.7045991,29,rest
1789707200.709908,29,rest
1789707200.715232,29,rest
1789707200.7204301,28,rest
1789707200.7255712,28,rest
1789707200.7308679,27,rest
1789707200.736207,27,rest
1789707200.741296,27,rest
1789707200.746512,27,rest
1789707200.7518258,26,rest
1789707200.757167,28,rest
1789707200.76216,27,rest
1789707200.767575,27,rest
1789707200.7727911,28,rest
1789707200.778353,28,rest
1789707200.783177,27,rest
1789707200.788464,28,rest
1789707200.7936451,28,rest
1789707200.799169,27,rest
1789707200.804298,28,rest
1789707200.809508,30,rest
1789707200.814705,29,rest
1789707200.819888,28,rest
1789707200.825145,28,rest
1789707200.830579,28,rest
1789707200.8358028,27,rest
1789707200.841022,28,rest
1789707200.846111,28,rest
1789707200.851462,28,rest
1789707200.85648,31,rest
1789707200.8618681,31,rest
1789707200.867168,31,rest
1789707200.87309,33,rest
1789707200.877703,33,rest
1789707200.882806,34,rest
1789707200.888046,36,rest
1789707200.893527,38,rest
1789707200.8985631,37,rest
1789707200.9042702,38,rest
1789707200.9090948,39,rest
1789707200.914689,37,rest
1789707200.919432,36,rest
1789707200.92548,37,rest
1789707200.929986,36,rest
1789707200.935298,37,rest
1789707200.9404511,41,rest
1789707200.945733,41,rest
1789707200.95105,41,rest
1789707200.9561138,46,rest
1789707200.961324,46,rest
1789707200.966739,46,rest
1789707200.972117,49,rest
1789707200.977151,48,rest
1789707200.982412,45,rest
1789707200.987608,46,rest
1789707200.993025,45,rest
1789707200.9980521,43,rest
1789707201.003525,42,rest
1789707201.008692,44,rest
1789707201.0137868,41,rest
1789707201.019027,40,rest
1789707201.024522,42,rest
1789707201.029662,41,rest
1789707201.034914,40,rest
1789707201.0401149,41,rest
1789707201.045335,40,rest
1789707201.050603,38,rest
1789707201.05576,39,rest
1789707201.061055,38,rest
1789707201.066402,36,rest
1789707201.071734,36,rest
1789707201.0767858,35,rest
1789707201.081967,34,rest
1789707201.087253,34,rest
1789707201.0925398,39,rest
1789707201.097784,38,rest
1789707201.1030989,38,rest
1789707201.108309,38,rest
1789707201.113421,47,rest
1789707201.118714,59,rest
1789707201.1239932,64,rest
1789707201.129311,65,rest
1789707201.134457,63,rest
1789707201.139575,61,rest
1789707201.14497,58,rest
1789707201.150248,62,rest
1789707201.155343,65,rest
1789707201.160653,65,rest
1789707201.1661189,62,rest
1789707201.17118,58,rest
1789707201.1763892,57,rest
1789707201.181659,54,rest
1789707201.186891,55,rest
1789707201.1920588,97,rest
1789707201.226937,154,rest
1789707201.227011,181,rest
1789707201.227055,181,rest
1789707201.227094,171,rest
1789707201.227133,156,rest
1789707201.2271712,149,rest
1789707201.2504241,138,rest
1789707201.250517,125,rest
1789707201.250577,114,rest
1789707201.250623,103,rest
1789707201.2506602,94,rest
1789707201.255611,88,rest
1789707201.260654,82,rest
1789707201.265953,76,rest
1789707201.271304,71,rest
1789707201.2763362,69,rest
1789707201.2815769,64,rest
1789707201.2868018,59,rest
1789707201.2926762,59,rest
1789707201.29719,56,rest
1789707201.3026931,58,rest
1789707201.307911,69,rest
1789707201.341017,108,rest
1789707201.3411572,164,rest
1789707201.341221,212,rest
1789707201.341271,234,rest
1789707201.34132,252,rest
1789707201.341368,265,rest
1789707201.374655,259,rest
1789707201.374717,235,rest
1789707201.374752,220,rest
1789707201.374785,239,rest
1789707201.3748171,285,rest
1789707201.374851,318,rest
1789707201.408489,334,rest
1789707201.408603,337,rest
1789707201.4086668,319,rest
1789707201.408727,286,rest
1789707201.4087858,263,rest
1789707201.4088562,264,rest
1789707201.408915,272,rest
1789707201.442687,279,rest
1789707201.442893,280,rest
1789707201.442955,271,rest
1789707201.443006,246,rest
1789707201.4430552,221,rest
1789707201.443105,199,rest
1789707201.476154,185,rest
1789707201.4762392,174,rest
1789707201.4762828,164,rest
1789707201.476325,158,rest
1789707201.476369,147,rest
1789707201.476407,134,rest
1789707201.476444,123,rest
1789707201.492863,113,rest
1789707201.492938,103,rest
1789707201.4929762,97,rest
1789707201.497854,89,rest
1789707201.503237,92,rest
1789707201.536385,109,rest
1789707201.536493,141,rest
1789707201.5365639,179,rest
1789707201.536633,218,rest
1789707201.536713,250,rest
1789707201.5367758,275,rest
1789707201.5700889,287,rest
1789707201.570188,264,rest
1789707201.570352,262,rest
1789707201.570474,268,rest
1789707201.5705512,304,rest
1789707201.570704,388,rest
1789707201.603859,460,rest
1789707201.603981,497,rest
1789707201.604057,498,rest
1789707201.604239,475,rest
1789707201.604353,447,rest
1789707201.604405,413,rest
1789707201.6044512,374,rest
1789707201.637704,341,rest
1789707201.637803,313,rest
1789707201.6379552,280,rest
1789707201.638048,254,rest
1789707201.63813,233,rest
1789707201.638279,211,rest
1789707201.675361,190,rest
1789707201.67545,174,rest
1789707201.675495,158,rest
1789707201.675534,143,rest
1789707201.675572,130,rest
1789707201.675607,119,rest
1789707201.675642,109,rest
1789707201.682821,102,rest
1789707201.682886,95,rest
1789707201.687941,87,rest
1789707201.693131,81,rest
1789707201.698282,75,rest
1789707201.703572,70,rest
1789707201.708747,66,rest
1789707201.7140532,64,rest
1789707201.7193909,60,rest
1789707201.724805,56,rest
1789707201.729784,54,rest
1789707201.735036,53,rest
1789707201.740361,50,rest
1789707201.745405,49,rest
1789707201.750741,47,rest
1789707201.756006,46,rest
1789707201.7612648,43,rest
1789707201.766398,42,rest
1789707201.771708,43,rest
1789707201.7769458,41,rest
1789707201.782231,39,rest
1789707201.787306,40,rest
1789707201.792686,38,rest
1789707201.797871,38,rest
1789707201.803253,38,rest
1789707201.8084,37,rest
1789707201.813617,36,rest
1789707201.818895,36,rest
1789707201.824076,35,rest
1789707201.8294039,34,rest
1789707201.834767,36,rest
1789707201.839962,37,rest
1789707201.8451562,36,rest
1789707201.850394,37,rest
1789707201.85566,39,rest
1789707201.8609338,37,rest
1789707201.866171,36,rest
1789707201.871349,38,rest
1789707201.8767,37,rest
1789707201.881682,35,rest
1789707201.887043,36,rest
1789707201.892374,36,rest
1789707201.897557,35,rest
1789707201.9027781,35,rest
1789707201.908067,35,rest
1789707201.9132779,35,rest
1789707201.9186041,34,rest
1789707201.9236548,34,rest
1789707201.92918,33,rest
1789707201.9343538,33,rest
1789707201.9395761,34,rest
1789707201.944694,32,rest
1789707201.950023,33,rest
1789707201.9552221,33,rest
1789707201.960472,32,rest
1789707201.965716,32,rest
1789707201.970974,33,rest
1789707201.976301,32,rest
1789707201.9813812,31,rest
1789707201.986593,32,rest
1789707201.993491,32,rest
1789707201.997119,32,rest
1789707202.00253,32,rest
1789707202.007658,32,rest
1789707202.013046,32,rest
1789707202.018226,33,rest
1789707202.023196,34,rest
1789707202.028756,33,rest
1789707202.033921,33,rest
1789707202.038962,33,rest
1789707202.044329,33,rest
1789707202.049558,33,rest
1789707202.054656,33,rest
1789707202.060012,34,rest
1789707202.065252,32,rest
1789707202.070685,32,rest
1789707202.0758872,32,rest
1789707202.081002,32,rest
1789707202.086216,33,rest
1789707202.0916321,33,rest
1789707202.096868,32,rest
1789707202.1020548,33,rest
1789707202.107359,33,rest
1789707202.1125278,33,rest
1789707202.1176581,33,rest
1789707202.122995,32,rest
1789707202.128235,31,rest
1789707202.133662,31,rest
1789707202.138604,32,rest
1789707202.143944,31,rest
1789707202.149162,30,rest
1789707202.154326,32,rest
1789707202.1596959,31,rest
1789707202.164917,30,rest
1789707202.170301,30,rest
1789707202.175337,31,rest
1789707202.180595,31,rest
1789707202.185973,32,rest
1789707202.191265,32,rest
1789707202.196316,32,rest
1789707202.201687,32,rest
1789707202.206937,32,rest
1789707202.211935,32,rest
1789707202.217249,32,rest
1789707202.222431,32,rest
1789707202.227844,31,rest
1789707202.233054,31,rest
1789707202.238346,32,rest
1789707202.243562,31,rest
1789707202.248889,30,rest
1789707202.253938,32,rest
1789707202.259274,32,rest
1789707202.2643719,31,rest
1789707202.2703528,31,rest
1789707202.274952,31,rest
1789707202.2802691,30,rest
1789707202.285507,32,rest
1789707202.291878,32,rest
1789707202.295918,31,rest
1789707202.3014011,32,rest
1789707202.306444,32,rest
1789707202.311719,32,rest
1789707202.316869,32,rest
1789707202.322081,31,rest
1789707202.3274739,31,rest
1789707202.3325891,31,rest
1789707202.337964,32,rest
1789707202.343167,32,rest
1789707202.348403,31,rest
1789707202.353459,32,rest
1789707202.358943,32,rest
1789707202.36416,31,rest
1789707202.3693461,32,rest
1789707202.3745952,33,rest
1789707202.3798468,32,rest
1789707202.385064,32,rest
1789707202.390644,32,rest
1789707202.395384,32,rest
1789707202.4008052,31,rest
1789707202.406122,31,rest
1789707202.411238,32,rest
1789707202.4164438,31,rest
1789707202.421798,31,rest
1789707202.426903,31,rest
1789707202.4322329,30,rest
1789707202.4375858,32,rest
1789707202.442875,32,rest
1789707202.447891,33,rest
1789707202.453117,32,rest
1789707202.458567,31,rest
1789707202.463705,31,rest
1789707202.4688692,31,rest
1789707202.4741561,31,rest
1789707202.479442,31,rest
1789707202.484656,31,rest
1789707202.4897652,30,rest
1789707202.49496,30,rest
1789707202.500472,31,rest
1789707202.505606,30,rest
1789707202.5107892,30,rest
1789707202.516068,30,rest
1789707202.521354,30,rest
1789707202.526487,31,rest
1789707202.531861,31,rest
1789707202.537202,31,rest
1789707202.542399,30,rest
1789707202.547526,29,rest
1789707202.552702,30,rest
1789707202.5588338,30,rest
1789707202.5633779,29,rest
1789707202.5685499,30,rest
1789707202.573792,29,rest
1789707202.5790489,29,rest
1789707202.584138,29,rest
1789707202.589826,30,rest
1789707202.594733,29,rest
1789707202.600141,29,rest
1789707202.6051068,29,rest
1789707202.610529,29,rest
1789707202.615699,29,rest
1789707202.620942,29,rest
1789707202.6261172,29,rest
1789707202.631681,29,rest
1789707202.636718,29,rest
1789707202.642112,30,rest
1789707202.647012,29,rest
1789707202.652311,31,rest
1789707202.6577752,31,rest
1789707202.6627882,30,rest
1789707202.668176,30,rest
1789707202.67331,29,rest
1789707202.6786509,29,rest
1789707202.683681,29,rest
1789707202.6890051,29,rest
1789707202.694321,29,rest
1789707202.6996632,30,rest
1789707202.704638,31,rest
1789707202.710041,31,rest
1789707202.715283,30,rest
1789707202.7205691,32,rest
1789707202.725707,32,rest
1789707202.7309902,31,rest
1789707202.736342,31,rest
1789707202.741545,31,rest
1789707202.746631,32,rest
1789707202.7519739,32,rest
1789707202.757382,32,rest
1789707202.762358,31,rest
1789707202.7677062,32,rest
1789707202.772928,31,rest
1789707202.778211,31,rest
1789707202.783308,31,rest
1789707202.788529,31,rest
1789707202.7937841,32,rest
1789707202.799354,31,rest
1789707202.8046799,32,rest
1789707202.809648,31,rest
1789707202.814857,30,rest
1789707202.819971,31,rest
1789707202.826865,31,rest
1789707202.8304331,30,rest
1789707202.835927,30,rest
1789707202.841009,29,rest
1789707202.846268,30,rest
1789707202.851525,29,rest
1789707202.856907,29,rest
1789707202.861978,29,rest
1789707202.8673139,29,rest
1789707202.872616,29,rest
1789707202.877907,30,rest
1789707202.8829482,30,rest
1789707202.888277,30,rest
1789707202.893516,30,rest
1789707202.898805,29,rest
1789707202.904052,30,rest
1789707202.909399,30,rest
1789707202.914523,30,rest
1789707202.919571,30,rest
1789707202.925056,30,rest
1789707202.930391,30,rest
1789707202.935665,30,rest
1789707202.940644,31,rest
1789707202.945924,30,rest
1789707202.951162,31,rest
1789707202.956484,31,rest
1789707202.961617,31,rest
1789707202.9669251,31,rest
1789707202.9721,30,rest
1789707202.977294,31,rest
1789707202.982532,31,rest
1789707202.9878342,32,rest
1789707202.9931352,32,rest
1789707202.998272,30,rest
1789707203.0035672,31,rest
1789707203.008856,31,rest
1789707203.0140631,31,rest
1789707203.0193222,31,rest
1789707203.024889,31,rest
1789707203.029883,30,rest
1789707203.035037,31,rest
1789707203.040233,31,rest
1789707203.0454998,31,rest
1789707203.0507069,31,rest
1789707203.055865,31,rest
1789707203.061308,31,rest
1789707203.0665522,31,rest
1789707203.071858,31,rest
1789707203.076874,32,rest
1789707203.0822852,31,rest
1789707203.08743,31,rest
1789707203.0927732,30,rest
1789707203.0978649,30,rest
1789707203.103242,31,rest
1789707203.108489,31,rest
1789707203.113554,30,rest
1789707203.118795,31,rest
1789707203.124198,31,rest
1789707203.129196,30,rest
1789707203.134644,31,rest
1789707203.1398022,31,rest
1789707203.145227,31,rest
1789707203.150212,30,rest
1789707203.155497,30,rest
1789707203.1606662,31,rest
1789707203.166154,31,rest
1789707203.171328,31,rest
1789707203.176567,31,rest
1789707203.181758,30,rest
1789707203.1870751,31,rest
1789707203.192547,31,rest
1789707203.197563,31,rest
1789707203.202891,32,rest
1789707203.208072,31,rest
1789707203.213156,31,rest
1789707203.2184892,30,rest
1789707203.2238772,30,rest
1789707203.228715,29,rest
1789707203.234231,30,rest
1789707203.239518,30,rest
1789707203.244716,30,rest
1789707203.249862,30,rest
1789707203.255091,30,rest
1789707203.260442,30,rest
1789707203.265701,30,rest
1789707203.271105,30,rest
1789707203.276156,29,rest
1789707203.281404,29,rest
1789707203.286446,32,rest
1789707203.29183,32,rest
1789707203.296958,31,rest
1789707203.302392,31,rest
1789707203.307543,30,rest
1789707203.312735,30,rest
1789707203.318017,30,rest
1789707203.323422,30,rest
1789707203.328342,31,rest
1789707203.333885,30,rest
1789707203.338979,30,rest
1789707203.344367,30,rest
1789707203.349449,30,rest
1789707203.3546188,30,rest
1789707203.3599832,31,rest
1789707203.3650591,30,rest
1789707203.3705091,30,rest
1789707203.375722,30,rest
1789707203.3810618,29,rest
1789707203.386055,30,rest
1789707203.391773,30,rest
1789707203.396652,29,rest
1789707203.402074,30,rest
1789707203.40709,30,rest
1789707203.4123268,30,rest
1789707203.4176111,30,rest
1789707203.423032,29,rest
1789707203.4279659,29,rest
1789707203.4335098,29,rest
1789707203.438825,29,rest
1789707203.443906,29,rest
1789707203.449119,29,rest
1789707203.454491,29,rest
1789707203.459584,28,rest
1789707203.4649029,28,rest
1789707203.470172,28,rest
1789707203.475348,28,rest
1789707203.480567,28,rest
1789707203.485745,29,rest
1789707203.491164,29,rest
1789707203.496253,29,rest
1789707203.501772,29,rest
1789707203.506772,29,rest
1789707203.5119538,30,rest
1789707203.517299,30,rest
1789707203.522382,30,rest
1789707203.5278962,30,rest
1789707203.5329878,30,rest
1789707203.5383549,30,rest
1789707203.5433621,30,rest
1789707203.548576,30,rest
1789707203.553866,30,rest
1789707203.559208,31,rest
1789707203.56437,30,rest
1789707203.5696378,30,rest
1789707203.5749068,30,rest
1789707203.5802088,31,rest
1789707203.585284,29,rest
1789707203.5905678,29,rest
1789707203.595755,30,rest
1789707203.601032,30,rest
1789707203.6061518,30,rest
1789707203.611377,31,rest
1789707203.616647,32,rest
1789707203.621794,32,rest
1789707203.6270878,33,rest
1789707203.632412,33,rest
1789707203.63771,35,rest
1789707203.642814,34,rest
1789707203.648065,33,rest
1789707203.653368,32,rest
1789707203.6585479,32,rest
1789707203.6638,31,rest
1789707203.669138,31,rest
1789707203.67444,31,rest
1789707203.679521,32,rest
1789707203.68475,31,rest
1789707203.6900601,30,rest
1789707203.695425,31,rest
1789707203.700516,30,rest
1789707203.70579,30,rest
1789707203.711148,30,rest
1789707203.716367,30,rest
1789707203.721589,30,rest
1789707203.726838,30,rest
1789707203.732196,30,rest
1789707203.737406,29,rest
1789707203.7426019,30,rest
1789707203.747823,30,rest
1789707203.7531252,30,rest
1789707203.758219,30,rest
1789707203.7634299,31,rest
1789707203.768965,30,rest
1789707203.7745652,29,rest
1789707203.77925,29,rest
1789707203.7846122,29,rest
1789707203.789788,29,rest
1789707203.7951648,29,rest
1789707203.800288,29,rest
1789707203.805513,28,rest
1789707203.810845,29,rest
1789707203.815969,29,rest
1789707203.8211699,30,rest
1789707203.826734,30,rest
1789707203.8316731,29,rest
1789707203.8372211,29,rest
1789707203.8422248,29,rest
1789707203.847438,28,rest
1789707203.852798,28,rest
1789707203.858616,28,rest
1789707203.8630521,28,rest
1789707203.8686001,28,rest
1789707203.873802,28,rest
1789707203.878859,27,rest
1789707203.884114,27,rest
1789707203.88936,28,rest
1789707203.894538,27,rest
1789707203.899991,27,rest
1789707203.9051452,27,rest
1789707203.910472,28,rest
1789707203.915647,28,rest
1789707203.92079,28,rest
1789707203.926123,29,rest
1789707203.931419,28,rest
1789707203.936668,29,rest
1789707203.941896,29,rest
1789707203.947094,29,rest
1789707203.9523351,29,rest
1789707203.957702,28,rest
1789707203.962744,29,rest
1789707203.968213,29,rest
1789707203.9732218,29,rest
1789707203.978584,29,rest
1789707203.983725,29,rest
1789707203.989023,29,rest
1789707203.994133,29,rest
1789707203.999574,29,rest
1789707204.004713,29,rest
1789707204.010106,29,rest
1789707204.015153,29,rest
1789707204.020428,29,rest
1789707204.02594,29,rest
1789707204.030921,28,rest
1789707204.036242,29,rest
1789707204.041355,29,rest
1789707204.046784,30,rest
1789707204.0519328,29,rest
1789707204.057128,29,rest
1789707204.062426,29,rest
1789707204.0676658,29,rest
1789707204.0728042,28,rest
1789707204.077986,28,rest
1789707204.0831518,28,rest
1789707204.088288,27,rest
1789707204.0939589,28,rest
1789707204.09918,28,rest
1789707204.1048791,27,rest
1789707204.109478,28,rest
1789707204.1147342,27,rest
1789707204.119946,28,rest
1789707204.126084,28,rest
1789707204.130371,28,rest
1789707204.135851,28,rest
1789707204.141058,28,rest
1789707204.146112,29,rest
1789707204.151416,29,rest
1789707204.1567,28,rest
1789707204.172479,28,rest
1789707204.172551,28,rest
1789707204.1725812,27,rest
1789707204.178061,28,rest
1789707204.1871018,28,rest
1789707204.188807,27,rest
1789707204.205878,27,rest
1789707204.205895,27,rest
1789707204.205906,27,rest
1789707204.210144,27,rest
1789707204.2141922,27,rest
1789707204.219441,28,rest
1789707204.2245271,27,rest
1789707204.229814,27,rest
1789707204.235241,27,rest
1789707204.240468,27,rest
1789707204.24562,27,rest
1789707204.2508428,27,rest
1789707204.2561228,27,rest
1789707204.2614112,28,rest
1789707204.2665868,27,rest
1789707204.271838,27,rest
1789707204.27711,27,rest
1789707204.2823858,27,rest
1789707204.287501,27,rest
1789707204.292874,28,rest
1789707204.298143,27,rest
1789707204.303366,27,rest
1789707204.308534,28,rest
1789707204.313798,28,rest
1789707204.3191192,28,rest
1789707204.324096,28,rest
1789707204.329503,28,rest
1789707204.3348212,28,rest
1789707204.340123,27,rest
1789707204.3451688,27,rest
1789707204.350487,27,rest
1789707204.355737,27,rest
1789707204.3612,27,rest
1789707204.366226,27,rest
1789707204.371485,28,rest
1789707204.376766,28,rest
1789707204.3817558,28,rest
1789707204.387081,27,rest
1789707204.392533,28,rest
1789707204.397929,28,rest
1789707204.4030468,28,rest
1789707204.408222,28,rest
1789707204.413554,28,rest
1789707204.418777,28,rest
1789707204.429015,28,rest
1789707204.4290938,29,rest
1789707204.434429,29,rest
1789707204.4396758,28,rest
1789707204.44478,29,rest
1789707204.4500768,28,rest
1789707204.455302,28,rest
1789707204.4604821,29,rest
1789707204.4657412,29,rest
1789707204.471481,29,rest
1789707204.476361,29,rest
1789707204.481477,30,rest
1789707204.486704,29,rest
1789707204.492501,29,rest
1789707204.4973838,29,rest
1789707204.502697,29,rest
1789707204.507892,29,rest
1789707204.5131168,28,rest
1789707204.5182028,29,rest
1789707204.5235279,29,rest
1789707204.528733,29,rest
1789707204.534267,29,rest
1789707204.539448,29,rest
1789707204.5445812,30,rest
1789707204.549802,30,rest
1789707204.5551732,29,rest
1789707204.5602481,30,rest
1789707204.5656068,29,rest
1789707204.57094,29,rest
1789707204.5761569,31,rest
1789707204.5814981,30,rest
1789707204.586546,31,rest
1789707204.5917969,30,rest
1789707204.596905,30,rest
1789707204.6023018,30,rest
1789707204.607531,30,rest
1789707204.612733,29,rest
1789707204.617949,30,rest
1789707204.623164,30,rest
1789707204.628489,30,rest
1789707204.6338282,29,rest
1789707204.638803,29,rest
1789707204.644174,30,rest
1789707204.649489,30,rest
1789707204.654578,29,rest
1789707204.659901,30,rest
1789707204.665204,29,rest
1789707204.6707358,29,rest
1789707204.6755981,29,rest
1789707204.680992,29,rest
1789707204.686101,29,rest
1789707204.691821,29,rest
1789707204.696558,28,rest
1789707204.701931,28,rest
1789707204.707083,28,rest
1789707204.7122371,29,rest
1789707204.7175722,29,rest
1789707204.7228339,29,rest
1789707204.728093,29,rest
1789707204.733483,29,rest
1789707204.738438,29,rest
1789707204.7438772,29,rest
1789707204.748966,29,rest
1789707204.754077,28,rest
1789707204.7593641,29,rest
1789707204.765257,29,rest
1789707204.770135,28,rest
1789707204.775167,29,rest
1789707204.780406,29,rest
1789707204.785623,28,rest
1789707204.791473,29,rest
1789707204.796038,29,rest
1789707204.8016372,29,rest
1789707204.8067148,29,rest
1789707204.811881,29,rest
1789707204.81706,29,rest
1789707204.822415,28,rest
1789707204.827735,29,rest
1789707204.8328981,29,rest
1789707204.838149,28,rest
1789707204.843371,29,rest
1789707204.8485959,29,rest
1789707204.8537338,29,rest
1789707204.859019,29,rest
1789707204.864383,29,rest
1789707204.869567,29,rest
1789707204.874824,29,rest
1789707204.880045,28,rest
1789707204.8853052,27,rest
1789707204.890441,27,rest
1789707204.895666,27,rest
1789707204.9011378,28,rest
1789707204.906338,28,rest
1789707204.9114618,29,rest
1789707204.9167109,29,rest
1789707204.9219358,28,rest
1789707204.927018,29,rest
1789707204.93259,30,rest
1789707204.938161,29,rest
1789707204.943006,30,rest
1789707204.948271,29,rest
1789707204.953357,29,rest
1789707204.9587252,30,rest
1789707204.9639082,29,rest
1789707204.969169,29,rest
1789707204.9744399,30,rest
1789707204.979838,29,rest
1789707204.9849842,29,rest
1789707204.990155,29,rest
1789707204.99532,29,rest
1789707205.000983,29,rest
1789707205.00588,29,rest
1789707205.011084,29,rest
1789707205.016295,28,rest
1789707205.021593,28,rest
1789707205.026762,30,rest
1789707205.0319629,29,rest
1789707205.0371468,29,rest
1789707205.042688,29,rest
1789707205.0477288,29,rest
1789707205.052942,29,rest
1789707205.058354,28,rest
1789707205.064032,29,rest
1789707205.0687292,29,rest
1789707205.073946,29,rest
1789707205.0792441,29,rest
1789707205.0842822,29,rest
1789707205.089598,29,rest
1789707205.094932,28,rest
1789707205.1002162,28,rest
1789707205.105386,27,rest
1789707205.110639,28,rest
1789707205.115859,28,rest
1789707205.121162,28,rest
1789707205.126327,28,rest
1789707205.131652,28,rest
1789707205.136949,28,rest
1789707205.142005,28,rest
1789707205.1472058,28,rest
1789707205.152533,28,rest
1789707205.158336,28,rest
1789707205.1632562,27,rest
1789707205.1683571,27,rest
1789707205.173544,27,rest
1789707205.1788359,28,rest
1789707205.18396,28,rest
1789707205.1891851,27,rest
1789707205.194978,27,rest
1789707205.1998909,28,rest
1789707205.204986,27,rest
1789707205.210211,27,rest
1789707205.2155,27,rest
1789707205.220573,27,rest
1789707205.225729,27,rest
1789707205.231221,26,rest
1789707205.236578,26,rest
1789707205.241657,26,rest
1789707205.2469199,26,rest
1789707205.2522051,26,rest
1789707205.2576199,27,rest
1789707205.262557,27,rest
1789707205.267915,26,rest
1789707205.2730958,26,rest
1789707205.2784462,28,rest
1789707205.283527,28,rest
1789707205.288842,27,rest
1789707205.294174,28,rest
1789707205.299329,27,rest
1789707205.30452,27,rest
1789707205.309891,28,rest
1789707205.315095,28,rest
1789707205.320312,28,rest
1789707205.325679,28,rest
1789707205.330873,28,rest
1789707205.3361611,28,rest
1789707205.34149,29,rest
1789707205.346472,29,rest
1789707205.351823,28,rest
1789707205.3571332,29,rest
1789707205.362287,29,rest
1789707205.367551,28,rest
1789707205.372919,28,rest
1789707205.377898,29,rest
1789707205.383269,29,rest
1789707205.3884742,28,rest
1789707205.393664,28,rest
1789707205.398863,28,rest
1789707205.404455,27,rest
1789707205.4094741,28,rest
1789707205.414675,28,rest
1789707205.419847,28,rest
1789707205.425237,27,rest
1789707205.43046,27,rest
1789707205.435843,27,rest
1789707205.440885,28,rest
1789707205.446132,28,rest
1789707205.4514802,27,rest
1789707205.456436,27,rest
1789707205.461795,27,rest
1789707205.467226,27,rest
1789707205.472477,27,rest
1789707205.477491,27,rest
1789707205.482789,27,rest
1789707205.4880042,27,rest
1789707205.493397,27,rest
1789707205.4985,27,rest
1789707205.5037398,27,rest
1789707205.509065,28,rest
1789707205.514625,27,rest
1789707205.519419,27,rest
1789707205.524825,27,rest
1789707205.530036,27,rest
1789707205.535265,26,rest
1789707205.5404851,26,rest
1789707205.545726,27,rest
1789707205.551044,27,rest
1789707205.55613,26,rest
1789707205.561437,26,rest
1789707205.566837,26,rest
1789707205.571933,26,rest
1789707205.57727,27,rest
1789707205.582409,26,rest
1789707205.5876422,26,rest
1789707205.592958,27,rest
1789707205.5980642,27,rest
1789707205.603573,27,rest
1789707205.608705,27,rest
1789707205.613804,26,rest
1789707205.619123,26,rest
1789707205.6249778,27,rest
1789707205.629704,27,rest
1789707205.6348412,27,rest
1789707205.6411772,27,rest
1789707205.645333,27,rest
1789707205.650808,27,rest
1789707205.655806,26,rest
1789707205.661076,27,rest
1789707205.6663501,27,rest
1789707205.671808,26,rest
1789707205.676714,27,rest
1789707205.681953,27,rest
1789707205.6872761,27,rest
1789707205.692412,27,rest
1789707205.697642,27,rest
1789707205.7030458,27,rest
1789707205.708239,28,rest
1789707205.7132878,28,rest
1789707205.7187479,27,rest
1789707205.724052,27,rest
1789707205.728968,27,rest
1789707205.7344918,28,rest
1789707205.739577,28,rest
1789707205.74497,27,rest
1789707205.750148,28,rest
1789707205.755316,27,rest
1789707205.7606242,29,rest
1789707205.765932,28,rest
1789707205.771296,28,rest
1789707205.776545,29,rest
1789707205.781533,28,rest
1789707205.786751,27,rest
1789707205.791913,28,rest
1789707205.797188,28,rest
1789707205.802634,27,rest
1789707205.807713,27,rest
1789707205.8129852,27,rest
1789707205.8182652,27,rest
1789707205.823504,27,rest
1789707205.828659,27,rest
1789707205.8340979,27,rest
1789707205.839108,26,rest
1789707205.844567,27,rest
1789707205.8495722,27,rest
1789707205.854938,26,rest
1789707205.8601642,26,rest
1789707205.8653388,26,rest
1789707205.8707469,26,rest
1789707205.87589,26,rest
1789707205.881195,26,rest
1789707205.886313,26,rest
1789707205.8916428,26,rest
1789707205.897054,25,rest
1789707205.9023,26,rest
1789707205.907385,26,rest
1789707205.9124422,26,rest
1789707205.917907,26,rest
1789707205.9229162,26,rest
1789707205.9283042,25,rest
1789707205.933627,25,rest
1789707205.9389062,25,rest
1789707205.943966,25,rest
1789707205.949256,25,rest
1789707205.9545002,26,rest
1789707205.959927,26,rest
1789707205.964975,26,rest
1789707205.97033,26,rest
1789707205.975668,26,rest
1789707205.981189,26,rest
1789707205.9860082,26,rest
1789707205.992098,26,rest
1789707205.996393,26,rest
1789707206.001869,26,rest
1789707206.006922,27,rest
1789707206.012213,27,rest
1789707206.017575,27,rest
1789707206.02259,26,rest
1789707206.02789,27,rest
1789707206.0332422,27,rest
1789707206.038387,26,rest
1789707206.043649,27,rest
1789707206.048946,27,rest
1789707206.0541801,26,rest
1789707206.0594702,27,rest
1789707206.064538,27,rest
1789707206.069974,27,rest
1789707206.0751748,27,rest
1789707206.080346,27,rest
1789707206.085526,27,rest
1789707206.090859,27,rest
1789707206.0961149,28,rest
1789707206.101341,27,rest
1789707206.106528,27,rest
1789707206.1117032,27,rest
1789707206.11719,27,rest
1789707206.122247,26,rest
1789707206.12741,26,rest
1789707206.132909,27,rest
1789707206.138104,27,rest
1789707206.144236,27,rest
1789707206.1484292,27,rest
1789707206.15381,27,rest
1789707206.1588218,28,rest
1789707206.164161,27,rest
1789707206.169677,27,rest
1789707206.174803,27,rest
1789707206.179755,27,rest
1789707206.185215,27,rest
1789707206.190547,27,rest
1789707206.195741,27,rest
1789707206.200877,26,rest
1789707206.206081,26,rest
1789707206.211463,27,rest
1789707206.2168598,26,rest
1789707206.2218628,26,rest
1789707206.227178,28,rest
1789707206.2324731,28,rest
1789707206.237899,28,rest
1789707206.242903,28,rest
1789707206.248275,27,rest
1789707206.253491,27,rest
1789707206.2587242,28,rest
1789707206.26383,27,rest
1789707206.269333,27,rest
1789707206.274255,27,rest
1789707206.2794151,27,rest
1789707206.284721,27,rest
1789707206.289958,28,rest
1789707206.295346,28,rest
1789707206.3004549,28,rest
1789707206.305624,27,rest
1789707206.3111281,28,rest
1789707206.3161018,28,rest
1789707206.32145,27,rest
1789707206.326699,27,rest
1789707206.3319921,27,rest
1789707206.3385332,27,rest
1789707206.342352,28,rest
1789707206.347786,28,rest
1789707206.35293,28,rest
1789707206.358197,28,rest
1789707206.363431,28,rest
1789707206.3687592,28,rest
1789707206.374017,28,rest
1789707206.379052,27,rest
1789707206.384384,27,rest
1789707206.391059,28,rest
1789707206.394665,27,rest
1789707206.40114,27,rest
1789707206.405246,27,rest
1789707206.410656,28,rest
1789707206.4157062,27,rest
1789707206.421036,27,rest
1789707206.426383,27,rest
1789707206.431659,27,rest
1789707206.436759,27,rest
1789707206.441975,27,rest
1789707206.447314,27,rest
1789707206.4523551,27,rest
1789707206.4578052,27,rest
1789707206.4631019,27,rest
1789707206.4684181,27,rest
1789707206.473852,27,rest
1789707206.478692,27,rest
1789707206.483996,28,rest
1789707206.4895942,28,rest
1789707206.4944131,28,rest
1789707206.4997602,28,rest
1789707206.505122,27,rest
1789707206.510348,28,rest
1789707206.5154529,28,rest
1789707206.52061,27,rest
1789707206.526429,28,rest
1789707206.531028,28,rest
1789707206.537799,27,rest
1789707206.541554,28,rest
1789707206.5467,28,rest
1789707206.5520482,28,rest
1789707206.558314,28,rest
1789707206.562454,28,rest
1789707206.568589,28,rest
1789707206.572949,27,rest
1789707206.578447,27,rest
1789707206.583612,28,rest
1789707206.588886,27,rest
1789707206.5940878,27,rest
1789707206.599301,27,rest
1789707206.604592,27,rest
1789707206.609605,27,rest
1789707206.61489,27,rest
1789707206.620127,26,rest
1789707206.6252952,28,rest
1789707206.6304882,27,rest
1789707206.635851,27,rest
1789707206.6411788,27,rest
1789707206.646424,26,rest
1789707206.651509,26,rest
1789707206.656848,27,rest
1789707206.66206,27,rest
1789707206.6675992,26,rest
1789707206.6726022,27,rest
1789707206.677929,28,rest
1789707206.683115,27,rest
1789707206.688294,27,rest
1789707206.6935859,27,rest
1789707206.698962,27,rest
1789707206.704336,27,rest
1789707206.709192,27,rest
1789707206.7146502,27,rest
1789707206.719884,27,rest
1789707206.725007,26,rest
1789707206.730288,26,rest
1789707206.73565,26,rest
1789707206.740938,27,rest
1789707206.7459168,27,rest
1789707206.751284,27,rest
1789707206.756486,27,rest
1789707206.7618308,27,rest
1789707206.7670028,26,rest
1789707206.7722151,26,rest
1789707206.777538,27,rest
1789707206.78284,27,rest
1789707206.787881,26,rest
1789707206.7931561,27,rest
1789707206.798569,27,rest
1789707206.80376,27,rest
1789707206.808897,28,rest
1789707206.814166,27,rest
1789707206.8195992,27,rest
1789707206.825129,27,rest
1789707206.8298712,27,rest
1789707206.835335,26,rest
1789707206.8407428,27,rest
1789707206.84562,27,rest
1789707206.8507788,26,rest
1789707206.856174,26,rest
1789707206.8612962,27,rest
1789707206.866694,27,rest
1789707206.871851,27,rest
1789707206.8771882,27,rest
1789707206.8822331,27,rest
1789707206.8874419,26,rest
1789707206.8929431,27,rest
1789707206.898405,27,rest
1789707206.903372,27,rest
1789707206.908503,27,rest
1789707206.913826,28,rest
1789707206.919049,28,rest
1789707206.9247859,28,rest
1789707206.929416,28,rest
1789707206.934962,27,rest
1789707206.93989,28,rest
1789707206.945184,28,rest
1789707206.9504168,28,rest
1789707206.9557052,27,rest
1789707206.960851,28,rest
1789707206.9662359,28,rest
1789707206.971437,27,rest
1789707206.9769301,29,rest
1789707206.9817548,29,rest
1789707206.987196,28,rest
1789707206.992435,28,rest
1789707206.9977212,27,rest
1789707207.002989,28,rest
1789707207.008182,27,rest
1789707207.0133991,26,rest
1789707207.01849,27,rest
1789707207.0237849,27,rest
1789707207.028996,27,rest
1789707207.03459,26,rest
1789707207.039454,26,rest
1789707207.044798,27,rest
1789707207.0500832,26,rest
1789707207.0552828,26,rest
1789707207.060447,27,rest
1789707207.065878,27,rest
1789707207.0714319,27,rest
1789707207.0763679,27,rest
1789707207.0814478,27,rest
1789707207.086656,27,rest
1789707207.092062,27,rest
1789707207.0970938,27,rest
1789707207.102649,27,rest
1789707207.107777,28,rest
1789707207.112928,28,rest
1789707207.1182,28,rest
1789707207.123469,28,rest
1789707207.1287181,28,rest
1789707207.134096,28,rest
1789707207.139282,28,rest
1789707207.144494,28,rest
1789707207.1496792,29,rest
1789707207.155005,29,rest
1789707207.1601028,28,rest
1789707207.165489,27,rest
1789707207.1707299,27,rest
1789707207.17604,28,rest
1789707207.181546,28,rest
1789707207.186458,27,rest
1789707207.1916459,28,rest
1789707207.1967099,27,rest
1789707207.202216,28,rest
1789707207.207534,28,rest
1789707207.21262,28,rest
1789707207.217697,28,rest
1789707207.222971,28,rest
1789707207.228361,28,rest
1789707207.233509,28,rest
1789707207.2385979,28,rest
1789707207.244035,28,rest
1789707207.249391,27,rest
1789707207.254436,27,rest
1789707207.259695,27,rest
1789707207.264981,27,rest
1789707207.270726,27,rest
1789707207.2754638,27,rest
1789707207.280621,27,rest
1789707207.2859461,27,rest
1789707207.2913039,27,rest
1789707207.296458,27,rest
1789707207.3017118,27,rest
1789707207.3069582,27,rest
1789707207.311958,27,rest
1789707207.3174038,26,rest
1789707207.3225589,26,rest
1789707207.327994,26,rest
1789707207.333089,27,rest
1789707207.338371,26,rest
1789707207.3436182,27,rest
1789707207.3488781,27,rest
1789707207.353961,26,rest
1789707207.359354,27,rest
1789707207.364531,27,rest
1789707207.3697631,27,rest
1789707207.375097,27,rest
1789707207.380096,27,rest
1789707207.385535,27,rest
1789707207.3907058,27,rest
1789707207.395946,27,rest
1789707207.401331,27,rest
1789707207.406522,27,rest
1789707207.4116669,28,rest
1789707207.4169002,27,rest
1789707207.422383,27,rest
1789707207.4276211,27,rest
1789707207.432801,27,rest
1789707207.4380538,27,rest
1789707207.4431932,26,rest
1789707207.448334,26,rest
1789707207.453381,25,rest
1789707207.458754,26,rest
1789707207.464129,26,rest
1789707207.469248,26,rest
1789707207.474593,26,rest
1789707207.479777,25,rest
1789707207.485035,25,rest
1789707207.490172,25,rest
1789707207.4957,25,rest
1789707207.500831,25,rest
1789707207.506117,25,rest
1789707207.51123,25,rest
1789707207.5164769,25,rest
1789707207.521756,25,rest
1789707207.526911,25,rest
1789707207.532256,25,rest
1789707207.5377831,25,rest
1789707207.542811,26,rest
1789707207.5478668,26,rest
1789707207.553199,25,rest
1789707207.5585852,26,rest
1789707207.563664,26,rest
1789707207.569042,26,rest
1789707207.574234,26,rest
1789707207.579455,25,rest
1789707207.58462,25,rest
1789707207.589879,25,rest
1789707207.595062,25,rest
1789707207.600611,25,rest
1789707207.605721,25,rest
1789707207.61089,25,rest
1789707207.616263,25,rest
1789707207.621409,25,rest
1789707207.6265988,25,rest
1789707207.631864,25,rest
1789707207.6372962,25,rest
1789707207.642578,25,rest
1789707207.6479769,25,rest
1789707207.652823,25,rest
1789707207.658133,25,rest
1789707207.663397,25,rest
1789707207.6686158,25,rest
1789707207.673882,25,rest
1789707207.679198,25,rest
1789707207.684195,25,rest
1789707207.689465,25,rest
1789707207.6948638,25,rest
1789707207.7001998,25,rest
1789707207.705109,25,rest
1789707207.710418,25,rest
1789707207.7157881,25,rest
1789707207.720911,25,rest
1789707207.726223,25,rest
1789707207.731492,25,rest
1789707207.736902,25,rest
1789707207.742003,25,rest
1789707207.747135,25,rest
1789707207.752471,26,rest
1789707207.758362,25,rest
1789707207.762959,25,rest
1789707207.768258,25,rest
1789707207.773501,25,rest
1789707207.778705,25,rest
1789707207.7838132,25,rest
1789707207.7890408,25,rest
1789707207.794561,25,rest
1789707207.799605,25,rest
1789707207.8048372,25,rest
1789707207.810118,26,rest
1789707207.815433,25,rest
1789707207.8204448,25,rest
1789707207.825888,24,rest
1789707207.831136,25,rest
1789707207.836517,25,rest
1789707207.8414679,25,rest
1789707207.846715,25,rest
1789707207.8520389,26,rest
1789707207.859128,25,rest
1789707207.8623009,25,rest
1789707207.8679,25,rest
1789707207.8729432,25,rest
1789707207.87814,25,rest
1789707207.883392,26,rest
1789707207.888631,25,rest
1789707207.8940191,25,rest
1789707207.899104,26,rest
1789707207.904588,26,rest
1789707207.909784,26,rest
1789707207.914997,26,rest
1789707207.920141,26,rest
1789707207.9254348,25,rest
1789707207.930627,25,rest
1789707207.9360662,26,rest
1789707207.941153,26,rest
1789707207.946377,26,rest
1789707207.951653,27,rest
1789707207.956768,26,rest
1789707207.9620879,26,rest
1789707207.967443,27,rest
1789707207.9726899,27,rest
1789707207.977788,26,rest
1789707207.9831302,27,rest
1789707207.988362,26,rest
1789707207.9934678,26,rest
1789707207.9988658,26,rest
1789707208.0042722,26,rest
1789707208.00931,26,rest
1789707208.014511,26,rest
1789707208.019645,27,rest
1789707208.0251122,26,rest
1789707208.030097,26,rest
1789707208.03547,26,rest
1789707208.040666,26,rest
1789707208.0459142,25,rest
1789707208.0513122,26,rest
1789707208.0564082,26,rest
1789707208.061728,26,rest
1789707208.0670102,26,rest
1789707208.072331,26,rest
1789707208.0774012,26,rest
1789707208.0826921,26,rest
1789707208.0878751,26,rest
1789707208.093185,27,rest
1789707208.098384,27,rest
1789707208.1038458,26,rest
1789707208.108874,26,rest
1789707208.1139479,26,rest
1789707208.119261,26,rest
1789707208.126194,26,rest
1789707208.129735,25,rest
1789707208.135052,25,rest
1789707208.140291,25,rest
1789707208.145535,25,rest
1789707208.150817,25,rest
1789707208.1558888,25,rest
1789707208.1612659,25,rest
1789707208.166603,25,rest
1789707208.171579,25,rest
1789707208.176898,25,rest
1789707208.1823318,25,rest
1789707208.187567,25,rest
1789707208.192647,25,rest
1789707208.197836,25,rest
1789707208.203278,25,rest
1789707208.208477,25,rest
1789707208.213564,25,rest
1789707208.2188742,25,rest
1789707208.224256,25,rest
1789707208.229385,24,rest
1789707208.234622,25,rest
1789707208.239848,25,rest
1789707208.245139,25,rest
1789707208.250356,25,rest
1789707208.255629,25,rest
1789707208.2609012,24,rest
1789707208.2662,24,rest
1789707208.27132,24,rest
1789707208.276588,24,rest
1789707208.281779,25,rest
1789707208.2871628,25,rest
1789707208.292382,25,rest
1789707208.297531,25,rest
1789707208.3029041,24,rest
1789707208.308151,25,rest
1789707208.3131719,25,rest
1789707208.3185852,25,rest
1789707208.3237572,26,rest
1789707208.328906,25,rest
1789707208.334213,25,rest
1789707208.3394501,25,rest
1789707208.344799,25,rest
1789707208.3498912,25,rest
1789707208.35508,25,rest
1789707208.360472,25,rest
1789707208.3657658,25,rest
1789707208.37126,25,rest
1789707208.376276,25,rest
1789707208.3814569,25,rest
1789707208.386548,25,rest
1789707208.392892,24,rest
1789707208.397184,25,rest
1789707208.4025311,26,rest
1789707208.407586,25,rest
1789707208.412908,24,rest
1789707208.418106,25,rest
1789707208.423511,25,rest
1789707208.428492,24,rest
1789707208.433887,26,rest
1789707208.4390888,26,rest
1789707208.4441779,25,rest
1789707208.449536,27,rest
1789707208.454754,26,rest
1789707208.460086,26,rest
1789707208.465156,27,rest
1789707208.470539,27,rest
1789707208.475793,26,rest
1789707208.481046,27,rest
1789707208.4861472,28,rest
1789707208.491812,28,rest
1789707208.496564,29,rest
1789707208.501866,30,rest
1789707208.507186,29,rest
1789707208.512458,28,rest
1789707208.5177019,28,rest
1789707208.522837,28,rest
1789707208.528051,27,rest
1789707208.533539,29,rest
1789707208.538669,29,rest
1789707208.543849,27,rest
1789707208.549033,28,rest
1789707208.554441,28,rest
1789707208.559754,27,rest
1789707208.564834,27,rest
1789707208.570152,27,rest
1789707208.575486,27,rest
1789707208.580439,26,rest
1789707208.585769,26,rest
1789707208.5913181,27,rest
1789707208.596318,26,rest
1789707208.601562,27,rest
1789707208.606731,26,rest
1789707208.612013,25,rest
1789707208.61728,25,rest
1789707208.622331,25,rest
1789707208.627712,25,rest
1789707208.633086,25,rest
1789707208.638251,24,rest
1789707208.643397,24,rest
1789707208.6486871,24,rest
1789707208.653926,24,rest
1789707208.659272,24,rest
1789707208.6644402,23,rest
1789707208.6697931,23,rest
1789707208.674975,24,rest
1789707208.680046,23,rest
1789707208.685408,24,rest
1789707208.691953,24,rest
1789707208.69581,24,rest
1789707208.701282,24,rest
1789707208.706558,25,rest
1789707208.711622,25,rest
1789707208.716755,25,rest
1789707208.722035,25,rest
1789707208.727339,24,rest
1789707208.732605,26,rest
1789707208.73809,26,rest
1789707208.7430038,26,rest
1789707208.7482822,26,rest
1789707208.753621,27,rest
1789707208.758736,26,rest
1789707208.763961,26,rest
1789707208.769471,26,rest
1789707208.774608,25,rest
1789707208.779762,25,rest
1789707208.785058,26,rest
1789707208.790315,26,rest
1789707208.79527,25,rest
1789707208.800839,26,rest
1789707208.8058932,26,rest
1789707208.811307,26,rest
1789707208.816407,26,rest
1789707208.82169,26,rest
1789707208.826957,25,rest
1789707208.832175,26,rest
1789707208.837457,26,rest
1789707208.8426611,25,rest
1789707208.847957,26,rest
1789707208.853205,26,rest
1789707208.858369,25,rest
1789707208.8636281,26,rest
1789707208.868927,41,rest
1789707208.874052,38,rest
1789707208.879306,59,rest
1789707208.884592,95,rest
1789707208.895311,123,rest
1789707208.895348,73,rest
1789707208.9002821,66,rest
1789707208.905468,83,rest
1789707208.910837,41,rest
1789707208.916107,44,rest
1789707208.921193,46,rest
1789707208.931941,116,rest
1789707208.932013,40,rest
1789707208.937199,38,rest
1789707208.942284,45,rest
1789707208.9475951,33,rest
1789707208.952817,42,rest
1789707208.9588962,46,rest
1789707208.9632058,49,rest
1789707208.9685628,47,rest
1789707208.9737642,46,rest
1789707208.9791129,44,rest
1789707208.984234,45,rest
1789707208.989475,44,rest
1789707208.994751,45,rest
1789707209.0001652,45,rest
1789707209.005177,41,rest
1789707209.0105631,39,rest
1789707209.015732,35,rest
1789707209.020837,31,rest
1789707209.026432,35,rest
1789707209.031671,32,rest
1789707209.036895,28,rest
1789707209.041853,28,rest
1789707209.047116,29,rest
1789707209.0523598,27,rest
1789707209.05792,26,rest
1789707209.062931,26,rest
1789707209.0683038,26,rest
1789707209.073453,27,rest
1789707209.078806,28,rest
1789707209.0837529,28,rest
1789707209.089043,29,rest
1789707209.0944052,29,rest
1789707209.099537,28,rest
1789707209.104695,28,rest
1789707209.110074,27,rest
1789707209.115356,26,rest
1789707209.1204422,26,rest
1789707209.1257799,29,rest
1789707209.131058,29,rest
1789707209.1363819,28,rest
1789707209.141613,28,rest
1789707209.146743,28,rest
1789707209.151973,27,rest
1789707209.157164,28,rest
1789707209.1624372,28,rest
1789707209.167781,27,rest
1789707209.173014,27,rest
1789707209.178059,27,rest
1789707209.183501,27,rest
1789707209.188656,27,rest
1789707209.1938958,28,rest
1789707209.199235,27,rest
1789707209.204752,26,rest
1789707209.209665,27,rest
1789707209.214772,27,rest
1789707209.2199838,27,rest
1789707209.225339,27,rest
1789707209.2306051,27,rest
1789707209.235831,27,rest
1789707209.241083,26,rest
1789707209.2463412,26,rest
1789707209.2517152,27,rest
1789707209.256515,26,rest
1789707209.261895,29,rest
1789707209.267539,34,rest
1789707209.272507,33,rest
1789707209.2776551,32,rest
1789707209.2828958,32,rest
1789707209.2881842,32,rest
1789707209.293333,31,rest
1789707209.2986372,30,rest
1789707209.30413,29,rest
1789707209.3092139,29,rest
1789707209.31434,28,rest
1789707209.31953,27,rest
1789707209.32477,28,rest
1789707209.330208,27,rest
1789707209.3354099,27,rest
1789707209.3405921,28,rest
1789707209.345875,28,rest
1789707209.351291,28,rest
1789707209.356299,27,rest
1789707209.361579,27,rest
1789707209.366983,26,rest
1789707209.372125,26,rest
1789707209.3773792,26,rest
1789707209.382585,26,rest
1789707209.387844,26,rest
1789707209.3930619,25,rest
1789707209.39839,25,rest
1789707209.4037068,24,rest
1789707209.4090009,25,rest
1789707209.414052,25,rest
1789707209.419293,25,rest
1789707209.424813,27,rest
1789707209.429929,28,rest
1789707209.435082,27,rest
1789707209.440304,27,rest
1789707209.4455628,26,rest
1789707209.450569,26,rest
1789707209.455859,26,rest
1789707209.461154,27,rest
1789707209.466603,26,rest
1789707209.471678,26,rest
1789707209.4770172,27,rest
1789707209.4822478,26,rest
1789707209.4875672,25,rest
1789707209.492639,26,rest
1789707209.497879,25,rest
1789707209.503347,25,rest
1789707209.50842,26,rest
1789707209.5136561,25,rest
1789707209.518857,25,rest
1789707209.525148,25,rest
1789707209.5292978,25,rest
1789707209.53473,26,rest
1789707209.539853,27,rest
1789707209.545214,27,rest
1789707209.550338,26,rest
1789707209.5556211,26,rest
1789707209.560877,26,rest
1789707209.5662808,27,rest
1789707209.571352,27,rest
1789707209.5766249,27,rest
1789707209.581792,26,rest
1789707209.587067,26,rest
1789707209.592374,27,rest
1789707209.597428,27,rest
1789707209.602933,27,rest
1789707209.6080651,26,rest
1789707209.6132202,26,rest
1789707209.618589,27,rest
1789707209.62369,27,rest
1789707209.6289542,26,rest
1789707209.634277,26,rest
1789707209.639526,26,rest
1789707209.644773,25,rest
1789707209.649855,26,rest
1789707209.655149,26,rest
1789707209.660444,26,rest
1789707209.6655612,26,rest
1789707209.67127,25,rest
1789707209.676169,26,rest
1789707209.681416,25,rest
1789707209.686531,25,rest
1789707209.692019,25,rest
1789707209.697181,26,rest
1789707209.7025301,26,rest
1789707209.707604,26,rest
1789707209.712744,25,rest
1789707209.718213,25,rest
1789707209.723177,31,rest
1789707209.72852,32,rest
1789707209.733938,31,rest
1789707209.739221,31,rest
1789707209.744212,30,rest
1789707209.749527,30,rest
1789707209.75481,29,rest
1789707209.760041,28,rest
1789707209.765217,28,rest
1789707209.770556,28,rest
1789707209.775816,28,rest
1789707209.781281,28,rest
1789707209.786138,27,rest
1789707209.7915032,27,rest
1789707209.7967622,27,rest
1789707209.801971,25,rest
1789707209.8072882,27,rest
1789707209.812442,26,rest
1789707209.817803,26,rest
1789707209.822829,26,rest
1789707209.828098,26,rest
1789707209.833515,25,rest
1789707209.838633,27,rest
1789707209.843945,28,rest
1789707209.8490481,28,rest
1789707209.854358,27,rest
1789707209.8594098,27,rest
1789707209.864866,27,rest
1789707209.8701959,27,rest
1789707209.875505,27,rest
1789707209.880307,27,rest
1789707209.885833,26,rest
1789707209.8911512,27,rest
1789707209.896414,27,rest
1789707209.901532,26,rest
1789707209.9070451,28,rest
1789707209.912031,27,rest
1789707209.9173272,27,rest
1789707209.92239,27,rest
1789707209.9277902,28,rest
1789707209.93308,27,rest
1789707209.938452,27,rest
1789707209.943421,27,rest
1789707209.948703,26,rest
1789707217.256396,28,light_flex
1789707217.256414,28,light_flex
1789707217.2564218,28,light_flex
1789707217.256432,28,light_flex
1789707217.256439,27,light_flex
1789707217.256447,27,light_flex
1789707217.256454,28,light_flex
1789707217.256462,28,light_flex
1789707217.256469,27,light_flex
1789707217.2564769,27,light_flex
1789707217.2564852,27,light_flex
1789707217.2564921,26,light_flex
1789707217.2565,26,light_flex
1789707217.256507,26,light_flex
1789707217.256514,26,light_flex
1789707217.256523,26,light_flex
1789707217.2565298,26,light_flex
1789707217.2565382,25,light_flex
1789707217.256545,25,light_flex
1789707217.256553,26,light_flex
1789707217.25656,26,light_flex
1789707217.256568,26,light_flex
1789707217.2565749,27,light_flex
1789707217.256583,27,light_flex
1789707217.2565901,26,light_flex
1789707217.256598,26,light_flex
1789707217.256605,26,light_flex
1789707217.256613,25,light_flex
1789707217.25662,26,light_flex
1789707217.2566268,26,light_flex
1789707217.256635,26,light_flex
1789707217.256642,26,light_flex
1789707217.256654,27,light_flex
1789707217.256664,27,light_flex
1789707217.256675,26,light_flex
1789707217.256683,27,light_flex
1789707217.25669,27,light_flex
1789707217.2566981,28,light_flex
1789707217.256706,27,light_flex
1789707217.256713,26,light_flex
1789707217.2567198,26,light_flex
1789707217.2567282,26,light_flex
1789707217.256735,26,light_flex
1789707217.256743,25,light_flex
1789707217.25675,26,light_flex
1789707217.256758,26,light_flex
1789707217.256765,26,light_flex
1789707217.256772,26,light_flex
1789707217.2567801,25,light_flex
1789707217.256787,26,light_flex
1789707217.2567942,26,light_flex
1789707217.256802,26,light_flex
1789707217.256809,26,light_flex
1789707217.2568169,26,light_flex
1789707217.256824,26,light_flex
1789707217.256832,26,light_flex
1789707217.2568388,27,light_flex
1789707217.2568462,26,light_flex
1789707217.256854,26,light_flex
1789707217.256861,26,light_flex
1789707217.2568681,26,light_flex
1789707217.256876,26,light_flex
1789707217.256883,26,light_flex
1789707217.25689,25,light_flex
1789707217.2568982,25,light_flex
1789707217.256906,25,light_flex
1789707217.2569149,25,light_flex
1789707217.256923,25,light_flex
1789707217.256931,25,light_flex
1789707217.2569401,25,light_flex
1789707217.25695,25,light_flex
1789707217.2569568,25,light_flex
1789707217.2569652,25,light_flex
1789707217.256972,26,light_flex
1789707217.256979,26,light_flex
1789707217.2569869,26,light_flex
1789707217.256994,25,light_flex
1789707217.257003,26,light_flex
1789707217.257011,25,light_flex
1789707217.257018,25,light_flex
1789707217.257026,25,light_flex
1789707217.2570329,26,light_flex
1789707217.257041,26,light_flex
1789707217.2570481,27,light_flex
1789707217.257055,26,light_flex
1789707217.257063,26,light_flex
1789707217.25707,26,light_flex
1789707217.257077,26,light_flex
1789707217.2570848,25,light_flex
1789707217.257092,25,light_flex
1789707217.257099,25,light_flex
1789707217.257107,25,light_flex
1789707217.2571142,26,light_flex
1789707217.257122,25,light_flex
1789707217.257129,26,light_flex
1789707217.2571368,26,light_flex
1789707217.257144,26,light_flex
1789707217.257151,25,light_flex
1789707217.257159,25,light_flex
1789707217.2571661,25,light_flex
1789707217.257174,25,light_flex
1789707217.257181,25,light_flex
1789707217.25719,25,light_flex
1789707217.257198,25,light_flex
1789707217.257208,25,light_flex
1789707217.257217,25,light_flex
1789707217.2572238,25,light_flex
1789707217.257231,24,light_flex
1789707217.257239,25,light_flex
1789707217.257247,25,light_flex
1789707217.257254,25,light_flex
1789707217.257261,26,light_flex
1789707217.257269,26,light_flex
1789707217.2572758,26,light_flex
1789707217.2572842,26,light_flex
1789707217.257291,26,light_flex
1789707217.257298,25,light_flex
1789707217.257306,26,light_flex
1789707217.257313,26,light_flex
1789707217.25732,25,light_flex
1789707217.257328,25,light_flex
1789707217.257335,27,light_flex
1789707217.257343,26,light_flex
1789707217.25735,26,light_flex
1789707217.2573571,26,light_flex
1789707217.257365,25,light_flex
1789707217.257372,26,light_flex
1789707217.257379,25,light_flex
1789707217.257387,25,light_flex
1789707217.257395,25,light_flex
1789707217.2574022,25,light_flex
1789707217.25741,25,light_flex
1789707217.257417,25,light_flex
1789707217.2574239,25,light_flex
1789707217.257432,26,light_flex
1789707217.257439,26,light_flex
1789707217.2574458,25,light_flex
1789707217.2574568,25,light_flex
1789707217.2574651,25,light_flex
1789707217.257474,25,light_flex
1789707217.257482,26,light_flex
1789707217.257489,26,light_flex
1789707217.257496,25,light_flex
1789707217.257504,27,light_flex
1789707217.257511,27,light_flex
1789707217.257518,26,light_flex
1789707217.257526,26,light_flex
1789707217.2575328,26,light_flex
1789707217.2575412,26,light_flex
1789707217.257549,26,light_flex
1789707217.257556,26,light_flex
1789707217.2575638,26,light_flex
1789707217.257571,26,light_flex
1789707217.257578,26,light_flex
1789707217.257586,25,light_flex
1789707217.2575932,25,light_flex
1789707217.257601,25,light_flex
1789707217.257608,25,light_flex
1789707217.2576158,25,light_flex
1789707217.257623,25,light_flex
1789707217.2576299,24,light_flex
1789707217.257638,24,light_flex
1789707217.2576451,25,light_flex
1789707217.257653,25,light_flex
1789707217.25766,25,light_flex
1789707217.257667,25,light_flex
1789707217.257675,25,light_flex
1789707217.2576818,25,light_flex
1789707217.2576902,25,light_flex
1789707217.257697,25,light_flex
1789707217.257704,25,light_flex
1789707217.257714,25,light_flex
1789707217.2577221,25,light_flex
1789707217.2577322,25,light_flex
1789707217.25774,25,light_flex
1789707217.257747,26,light_flex
1789707217.2577548,26,light_flex
1789707217.257762,25,light_flex
1789707217.2577689,25,light_flex
1789707217.257776,25,light_flex
1789707217.2577841,25,light_flex
1789707217.257791,24,light_flex
1789707217.257798,24,light_flex
1789707217.257806,25,light_flex
1789707217.257813,25,light_flex
1789707217.25782,25,light_flex
1789707217.257828,25,light_flex
1789707217.257835,25,light_flex
1789707217.2578418,25,light_flex
1789707217.2578502,25,light_flex
1789707217.257857,24,light_flex
1789707217.257864,24,light_flex
1789707217.2578719,25,light_flex
1789707217.257879,25,light_flex
1789707217.257886,26,light_flex
1789707217.2578938,26,light_flex
1789707217.257901,25,light_flex
1789707217.257909,27,light_flex
1789707217.257916,26,light_flex
1789707217.2579231,26,light_flex
1789707217.257931,27,light_flex
1789707217.257938,27,light_flex
1789707217.257946,26,light_flex
1789707217.257953,26,light_flex
1789707217.2579598,26,light_flex
1789707217.2579699,26,light_flex
1789707217.2579782,26,light_flex
1789707217.257987,26,light_flex
1789707217.257997,25,light_flex
1789707217.258005,25,light_flex
1789707217.2580118,26,light_flex
1789707217.2580202,26,light_flex
1789707217.258027,26,light_flex
1789707217.258034,26,light_flex
1789707217.258042,26,light_flex
1789707217.258049,25,light_flex
1789707217.2580569,27,light_flex
1789707217.2580638,27,light_flex
1789707217.258071,27,light_flex
1789707217.258079,27,light_flex
1789707217.258086,26,light_flex
1789707217.258093,26,light_flex
1789707217.258101,26,light_flex
1789707217.258108,26,light_flex
1789707217.258115,25,light_flex
1789707217.258122,26,light_flex
1789707217.2581298,27,light_flex
1789707217.258137,27,light_flex
1789707217.258145,26,light_flex
1789707217.258152,26,light_flex
1789707217.2581592,25,light_flex
1789707217.258167,25,light_flex
1789707217.258174,26,light_flex
1789707217.2581818,25,light_flex
1789707217.258189,25,light_flex
1789707217.258197,25,light_flex
1789707217.258204,25,light_flex
1789707217.258212,25,light_flex
1789707217.258219,26,light_flex
1789707217.258226,26,light_flex
1789707217.258236,26,light_flex
1789707217.258243,25,light_flex
1789707217.258253,25,light_flex
1789707217.258261,25,light_flex
1789707217.2582679,25,light_flex
1789707217.258275,25,light_flex
1789707217.258283,25,light_flex
1789707217.2583349,25,light_flex
1789707217.258343,25,light_flex
1789707217.2583501,25,light_flex
1789707217.258358,25,light_flex
1789707217.258365,26,light_flex
1789707217.258372,26,light_flex
1789707217.25838,25,light_flex
1789707217.2583869,27,light_flex
1789707217.258395,26,light_flex
1789707217.258402,26,light_flex
1789707217.25841,26,light_flex
1789707217.258417,26,light_flex
1789707217.258424,25,light_flex
1789707217.258432,25,light_flex
1789707217.2584388,26,light_flex
1789707217.2584472,25,light_flex
1789707217.258454,25,light_flex
1789707217.258461,26,light_flex
1789707217.258469,26,light_flex
1789707217.258476,25,light_flex
1789707217.258484,26,light_flex
1789707217.2584908,26,light_flex
1789707217.258498,26,light_flex
1789707217.258506,25,light_flex
1789707217.258513,25,light_flex
1789707217.2585201,25,light_flex
1789707217.258528,26,light_flex
1789707217.258537,26,light_flex
1789707217.2585442,26,light_flex
1789707217.258556,25,light_flex
1789707217.258563,25,light_flex
1789707217.258571,25,light_flex
1789707217.2585778,25,light_flex
1789707217.258585,27,light_flex
1789707217.258593,26,light_flex
1789707217.2586,25,light_flex
1789707217.2586071,27,light_flex
1789707217.258615,27,light_flex
1789707217.258622,27,light_flex
1789707217.258629,26,light_flex
1789707217.258637,26,light_flex
1789707217.2586439,25,light_flex
1789707217.258652,26,light_flex
1789707217.2586591,27,light_flex
1789707217.258666,27,light_flex
1789707217.258674,27,light_flex
1789707217.258681,27,light_flex
1789707217.258688,26,light_flex
1789707217.258697,26,light_flex
1789707217.258705,26,light_flex
1789707217.258712,26,light_flex
1789707217.258719,26,light_flex
1789707217.2587268,26,light_flex
1789707217.258734,25,light_flex
1789707217.258741,25,light_flex
1789707217.258749,26,light_flex
1789707217.2587562,26,light_flex
1789707217.258763,26,light_flex
1789707217.258771,26,light_flex
1789707217.258778,26,light_flex
1789707217.258786,26,light_flex
1789707217.258795,26,light_flex
1789707217.258803,26,light_flex
1789707217.2588139,26,light_flex
1789707217.258822,25,light_flex
1789707217.25883,25,light_flex
1789707217.258837,25,light_flex
1789707217.258844,25,light_flex
1789707217.258852,25,light_flex
1789707217.258859,26,light_flex
1789707217.2588658,25,light_flex
1789707217.2588742,25,light_flex
1789707217.258881,26,light_flex
1789707217.258888,25,light_flex
1789707217.2588959,26,light_flex
1789707217.258903,26,light_flex
1789707217.258911,25,light_flex
1789707217.2589178,26,light_flex
1789707217.258925,25,light_flex
1789707217.258933,26,light_flex
1789707217.25894,26,light_flex
1789707217.2589471,26,light_flex
1789707217.258954,26,light_flex
1789707217.258962,26,light_flex
1789707217.258969,26,light_flex
1789707217.258977,25,light_flex
1789707217.2589839,25,light_flex
1789707217.258991,25,light_flex
1789707217.258999,25,light_flex
1789707217.259006,25,light_flex
1789707217.2590132,25,light_flex
1789707217.259021,25,light_flex
1789707217.259028,24,light_flex
1789707217.2590349,26,light_flex
1789707217.259043,25,light_flex
1789707217.25905,25,light_flex
1789707217.259062,25,light_flex
1789707217.25907,25,light_flex
1789707217.25908,25,light_flex
1789707217.2590878,26,light_flex
1789707217.259095,25,light_flex
1789707217.2591019,25,light_flex
1789707217.25911,25,light_flex
1789707217.2591171,25,light_flex
1789707217.259124,25,light_flex
1789707217.259132,25,light_flex
1789707217.259139,26,light_flex
1789707217.259146,26,light_flex
1789707217.2591538,25,light_flex
1789707217.259161,25,light_flex
1789707217.259169,25,light_flex
1789707217.259176,25,light_flex
1789707217.2591832,25,light_flex
1789707217.259191,25,light_flex
1789707217.259198,25,light_flex
1789707217.2592058,25,light_flex
1789707217.259213,25,light_flex
1789707217.259221,25,light_flex
1789707217.259228,25,light_flex
1789707217.2592351,25,light_flex
1789707217.259243,25,light_flex
1789707217.25925,24,light_flex
1789707217.259258,25,light_flex
1789707217.259265,25,light_flex
1789707217.259273,25,light_flex
1789707217.25928,26,light_flex
1789707217.259287,26,light_flex
1789707217.259295,25,light_flex
1789707217.2593029,26,light_flex
1789707217.25931,28,light_flex
1789707217.259319,26,light_flex
1789707217.259328,27,light_flex
1789707217.259337,25,light_flex
1789707217.2593439,24,light_flex
1789707217.259352,25,light_flex
1789707217.259359,25,light_flex
1789707217.2593658,25,light_flex
1789707217.2593741,25,light_flex
1789707217.259381,24,light_flex
1789707217.259389,25,light_flex
1789707217.259396,24,light_flex
1789707217.259403,25,light_flex
1789707217.25941,25,light_flex
1789707217.259418,24,light_flex
1789707217.259425,24,light_flex
1789707217.2594318,24,light_flex
1789707217.2594402,24,light_flex
1789707217.259447,25,light_flex
1789707217.259455,26,light_flex
1789707217.2594619,26,light_flex
1789707217.259469,26,light_flex
1789707217.259477,26,light_flex
1789707217.2594838,26,light_flex
1789707217.259491,26,light_flex
1789707217.259499,26,light_flex
1789707217.259506,26,light_flex
1789707217.2595131,26,light_flex
1789707217.259521,26,light_flex
1789707217.259528,26,light_flex
1789707217.2595358,26,light_flex
1789707217.259543,27,light_flex
1789707217.2595499,27,light_flex
1789707217.259558,26,light_flex
1789707217.259565,27,light_flex
1789707217.259574,26,light_flex
1789707217.259584,26,light_flex
1789707217.2595918,26,light_flex
1789707217.2595992,25,light_flex
1789707217.2596061,25,light_flex
1789707217.259614,25,light_flex
1789707217.2596211,25,light_flex
1789707217.259628,25,light_flex
1789707217.259636,26,light_flex
1789707217.2596428,26,light_flex
1789707217.2596512,25,light_flex
1789707217.259658,25,light_flex
1789707217.259665,26,light_flex
1789707217.259673,26,light_flex
1789707217.25968,25,light_flex
1789707217.259687,26,light_flex
1789707217.259695,26,light_flex
1789707217.259702,25,light_flex
1789707217.259709,26,light_flex
1789707217.2597172,25,light_flex
1789707217.2597241,25,light_flex
1789707217.259732,25,light_flex
1789707217.259739,25,light_flex
1789707217.259746,25,light_flex
1789707217.259754,25,light_flex
1789707217.2597609,25,light_flex
1789707217.2597692,25,light_flex
1789707217.259776,25,light_flex
1789707217.259783,26,light_flex
1789707217.2597911,25,light_flex
1789707217.259798,25,light_flex
1789707217.259805,25,light_flex
1789707217.259813,25,light_flex
1789707217.25982,25,light_flex
1789707217.259833,25,light_flex
1789707217.259841,25,light_flex
1789707217.25985,25,light_flex
1789707217.259857,25,light_flex
1789707217.259865,25,light_flex
1789707217.259872,25,light_flex
1789707217.2598789,25,light_flex
1789707217.2598872,25,light_flex
1789707217.2598941,25,light_flex
1789707217.259901,25,light_flex
1789707217.2599092,25,light_flex
1789707217.259916,25,light_flex
1789707217.259923,25,light_flex
1789707217.2599308,25,light_flex
1789707217.259938,24,light_flex
1789707217.259945,25,light_flex
1789707217.2599528,25,light_flex
1789707217.2599602,24,light_flex
1789707217.259967,24,light_flex
1789707217.259975,24,light_flex
1789707217.259982,24,light_flex
1789707217.259989,24,light_flex
1789707217.259997,25,light_flex
1789707217.260004,25,light_flex
1789707217.260011,25,light_flex
1789707217.2600188,25,light_flex
1789707217.2600262,25,light_flex
1789707217.2600331,25,light_flex
1789707217.260041,25,light_flex
1789707217.260048,25,light_flex
1789707217.260056,25,light_flex
1789707217.260063,25,light_flex
1789707217.2600698,26,light_flex
1789707217.2600782,25,light_flex
1789707217.2600908,25,light_flex
1789707217.2600992,25,light_flex
1789707217.260107,25,light_flex
1789707217.260115,25,light_flex
1789707217.260122,26,light_flex
1789707217.260129,25,light_flex
1789707217.2601368,25,light_flex
1789707217.2601442,25,light_flex
1789707217.2601511,25,light_flex
1789707217.260159,25,light_flex
1789707217.260166,25,light_flex
1789707217.260174,25,light_flex
1789707217.260181,25,light_flex
1789707217.2601879,25,light_flex
1789707217.2602088,24,light_flex
1789707217.260216,24,light_flex
1789707217.260224,24,light_flex
1789707217.260231,25,light_flex
1789707217.2602382,25,light_flex
1789707217.260246,25,light_flex
1789707217.260253,25,light_flex
1789707217.260261,25,light_flex
1789707217.260268,25,light_flex
1789707217.260275,26,light_flex
1789707217.260283,26,light_flex
1789707217.2602901,26,light_flex
1789707217.260297,26,light_flex
1789707217.260305,26,light_flex
1789707217.260312,26,light_flex
1789707217.2603269,26,light_flex
1789707217.2603352,25,light_flex
1789707217.260343,25,light_flex
1789707217.26035,25,light_flex
1789707217.2603571,25,light_flex
1789707217.2603672,24,light_flex
1789707217.260376,24,light_flex
1789707217.260384,25,light_flex
1789707217.260392,24,light_flex
1789707217.260399,24,light_flex
1789707217.260406,24,light_flex
1789707217.260414,24,light_flex
1789707217.260421,24,light_flex
1789707217.2604291,25,light_flex
1789707217.260436,24,light_flex
1789707217.260444,25,light_flex
1789707217.260451,25,light_flex
1789707217.260458,24,light_flex
1789707217.2604659,24,light_flex
1789707217.260473,24,light_flex
1789707217.26048,24,light_flex
1789707217.260488,24,light_flex
1789707217.2604952,24,light_flex
1789707217.260502,27,light_flex
1789707217.26051,27,light_flex
1789707217.2605171,27,light_flex
1789707217.260525,27,light_flex
1789707217.260532,27,light_flex
1789707217.2605388,27,light_flex
1789707217.2605472,26,light_flex
1789707217.260554,26,light_flex
1789707217.260561,25,light_flex
1789707217.260569,26,light_flex
1789707217.260576,26,light_flex
1789707217.260583,27,light_flex
1789707217.260591,26,light_flex
1789707217.260598,26,light_flex
1789707217.2606049,26,light_flex
1789707217.2606132,26,light_flex
1789707217.26062,28,light_flex
1789707217.260627,31,light_flex
1789707217.260635,31,light_flex
1789707217.260642,31,light_flex
1789707217.260649,34,light_flex
1789707217.2606568,38,light_flex
1789707217.2606678,36,light_flex
1789707217.260677,39,light_flex
1789707217.260684,41,light_flex
1789707217.260692,39,light_flex
1789707217.2606988,51,light_flex
1789707217.2607071,54,light_flex
1789707217.260714,63,light_flex
1789707217.260721,71,light_flex
1789707217.260729,69,light_flex
1789707217.260736,63,light_flex
1789707217.2607439,59,light_flex
1789707217.260751,58,light_flex
1789707217.260758,55,light_flex
1789707217.260766,54,light_flex
1789707217.2607732,51,light_flex
1789707217.26078,48,light_flex
1789707217.260788,46,light_flex
1789707217.2607949,44,light_flex
1789707217.260803,43,light_flex
1789707217.26081,41,light_flex
1789707217.2608168,43,light_flex
1789707217.2608252,45,light_flex
1789707217.260832,49,light_flex
1789707217.260839,61,light_flex
1789707217.260847,65,light_flex
1789707217.260854,70,light_flex
1789707217.260861,74,light_flex
1789707217.260869,68,light_flex
1789707217.260876,66,light_flex
1789707217.2608829,61,light_flex
1789707217.260891,56,light_flex
1789707217.260898,52,light_flex
1789707217.260905,50,light_flex
1789707217.260919,47,light_flex
1789707217.260926,44,light_flex
1789707217.2609348,42,light_flex
1789707217.2609432,45,light_flex
1789707217.26095,52,light_flex
1789707217.260957,63,light_flex
1789707217.260965,62,light_flex
1789707217.260972,58,light_flex
1789707217.260979,54,light_flex
1789707217.260986,52,light_flex
1789707217.260994,50,light_flex
1789707217.2610009,50,light_flex
1789707217.2610078,51,light_flex
1789707217.2610161,51,light_flex
1789707217.261023,58,light_flex
1789707217.261031,71,light_flex
1789707217.261038,78,light_flex
1789707217.261045,78,light_flex
1789707217.2610528,83,light_flex
1789707217.26106,78,light_flex
1789707217.261067,75,light_flex
1789707217.261075,71,light_flex
1789707217.2610822,66,light_flex
1789707217.261089,60,light_flex
1789707217.261096,57,light_flex
1789707217.261104,53,light_flex
1789707217.261111,50,light_flex
1789707217.261118,47,light_flex
1789707217.2611258,44,light_flex
1789707217.261133,43,light_flex
1789707217.2611399,44,light_flex
1789707217.261148,45,light_flex
1789707217.2611551,53,light_flex
1789707217.261162,57,light_flex
1789707217.261176,60,light_flex
1789707217.261183,56,light_flex
1789707217.261193,53,light_flex
1789707217.2612,60,light_flex
1789707217.261208,59,light_flex
1789707217.261215,70,light_flex
1789707217.261222,70,light_flex
1789707217.26123,64,light_flex
1789707217.261237,61,light_flex
1789707217.2612438,56,light_flex
1789707217.2612522,53,light_flex
1789707217.261259,51,light_flex
1789707217.261267,53,light_flex
1789707217.261274,57,light_flex
1789707217.261281,55,light_flex
1789707217.261289,51,light_flex
1789707217.261296,48,light_flex
1789707217.261303,46,light_flex
1789707217.261311,44,light_flex
1789707217.261318,45,light_flex
1789707217.2613251,50,light_flex
1789707217.261333,53,light_flex
1789707217.26134,54,light_flex
1789707217.261347,63,light_flex
1789707217.261355,79,light_flex
1789707217.2613618,73,light_flex
1789707217.261369,69,light_flex
1789707217.261377,65,light_flex
1789707217.261384,60,light_flex
1789707217.2613912,56,light_flex
1789707217.261399,54,light_flex
1789707217.261406,50,light_flex
1789707217.261413,48,light_flex
1789707217.26142,46,light_flex
1789707217.261434,46,light_flex
1789707217.261441,47,light_flex
1789707217.26145,46,light_flex
1789707217.261458,44,light_flex
1789707217.261465,42,light_flex
1789707217.261473,41,light_flex
1789707217.2614799,40,light_flex
1789707217.261487,38,light_flex
1789707217.261495,44,light_flex
1789707217.261502,51,light_flex
1789707217.2615092,56,light_flex
1789707217.261517,53,light_flex
1789707217.261524,54,light_flex
1789707217.2615309,51,light_flex
1789707217.261539,49,light_flex
1789707217.261546,49,light_flex
1789707217.2615528,46,light_flex
1789707217.2615612,43,light_flex
1789707217.261568,41,light_flex
1789707217.261575,39,light_flex
1789707217.261583,37,light_flex
1789707217.26159,38,light_flex
1789707217.261597,43,light_flex
1789707217.261605,51,light_flex
1789707217.261612,54,light_flex
1789707217.2616189,57,light_flex
1789707217.261627,53,light_flex
1789707217.261634,51,light_flex
1789707217.261641,53,light_flex
1789707217.261648,56,light_flex
1789707217.261656,95,light_flex
1789707217.261663,74,light_flex
1789707217.2616699,50,light_flex
1789707217.261678,88,light_flex
1789707217.2616909,82,light_flex
1789707217.261699,49,light_flex
1789707217.261707,83,light_flex
1789707217.261715,90,light_flex
1789707217.261722,51,light_flex
1789707217.26173,76,light_flex
1789707217.2617369,95,light_flex
1789707217.261744,56,light_flex
1789707217.2617521,68,light_flex
1789707217.261759,98,light_flex
1789707217.261766,61,light_flex
1789707217.261774,58,light_flex
1789707217.261781,95,light_flex
1789707217.261788,68,light_flex
1789707217.261796,52,light_flex
1789707217.261803,91,light_flex
1789707217.2618098,75,light_flex
1789707217.2618182,57,light_flex
1789707217.261825,56,light_flex
1789707217.261833,52,light_flex
1789707217.2618399,61,light_flex
1789707217.261847,70,light_flex
1789707217.261854,69,light_flex
1789707217.2618618,64,light_flex
1789707217.261869,60,light_flex
1789707217.261877,60,light_flex
1789707217.261884,56,light_flex
1789707217.2618911,54,light_flex
1789707217.261899,51,light_flex
1789707217.261906,49,light_flex
1789707217.261914,47,light_flex
1789707217.261921,47,light_flex
1789707217.2619278,50,light_flex
1789707217.2619362,59,light_flex
1789707217.261945,66,light_flex
1789707217.261953,65,light_flex
1789707217.261962,64,light_flex
1789707217.2619698,63,light_flex
1789707217.2619772,65,light_flex
1789707217.261985,69,light_flex
1789707217.261992,67,light_flex
1789707217.2619991,62,light_flex
1789707217.262007,59,light_flex
1789707217.262014,55,light_flex
1789707217.262021,57,light_flex
1789707217.2620292,57,light_flex
1789707217.262036,63,light_flex
1789707217.262044,60,light_flex
1789707217.262051,58,light_flex
1789707217.262059,62,light_flex
1789707217.262066,58,light_flex
1789707217.262082,54,light_flex
1789707217.262089,51,light_flex
1789707217.2621,48,light_flex
1789707217.2621078,45,light_flex
1789707217.262115,46,light_flex
1789707217.262122,47,light_flex
1789707217.26213,45,light_flex
1789707217.2621372,43,light_flex
1789707217.262144,44,light_flex
1789707217.262152,45,light_flex
1789707217.262159,46,light_flex
1789707217.262166,43,light_flex
1789707217.262174,45,light_flex
1789707217.262181,43,light_flex
1789707217.262188,40,light_flex
1789707217.262196,39,light_flex
1789707217.262203,40,light_flex
1789707217.262212,40,light_flex
1789707217.262221,41,light_flex
1789707217.262229,44,light_flex
1789707217.2622368,44,light_flex
1789707217.262244,42,light_flex
1789707217.262251,40,light_flex
1789707217.262259,39,light_flex
1789707217.2622662,37,light_flex
1789707217.262273,36,light_flex
1789707217.262281,40,light_flex
1789707217.2622879,90,light_flex
1789707217.262296,38,light_flex
1789707217.2623029,37,light_flex
1789707217.2623098,35,light_flex
1789707217.2623181,34,light_flex
1789707217.262325,56,light_flex
1789707217.262332,51,light_flex
1789707217.26234,52,light_flex
1789707217.262347,50,light_flex
1789707217.262354,48,light_flex
1789707217.262362,47,light_flex
1789707217.262369,44,light_flex
1789707217.2623758,42,light_flex
1789707217.2623842,39,light_flex
1789707217.262391,40,light_flex
1789707217.262398,38,light_flex
1789707217.2624059,37,light_flex
1789707217.262413,58,light_flex
1789707217.262422,149,light_flex
1789707217.262431,102,light_flex
1789707217.2624378,61,light_flex
1789707217.2624462,44,light_flex
1789707217.262453,40,light_flex
1789707217.262462,43,light_flex
1789707217.26247,43,light_flex
1789707217.262479,41,light_flex
1789707217.262486,38,light_flex
1789707217.262495,37,light_flex
1789707217.262502,36,light_flex
1789707217.26251,35,light_flex
1789707217.262517,34,light_flex
1789707217.262524,35,light_flex
1789707217.262532,38,light_flex
1789707217.262539,41,light_flex
1789707217.262548,48,light_flex
1789707217.262558,51,light_flex
1789707217.2625668,53,light_flex
1789707217.2625768,49,light_flex
1789707217.2625868,49,light_flex
1789707217.2625961,48,light_flex
1789707217.262605,45,light_flex
1789707217.2626119,43,light_flex
1789707217.2626219,41,light_flex
1789707217.262631,41,light_flex
1789707217.262662,44,light_flex
1789707217.262742,43,light_flex
1789707217.262752,42,light_flex
1789707217.2627609,41,light_flex
1789707217.262769,39,light_flex
1789707217.262777,41,light_flex
1789707217.2627861,39,light_flex
1789707217.262794,38,light_flex
1789707217.262802,38,light_flex
1789707217.2628102,37,light_flex
1789707217.262818,37,light_flex
1789707217.262826,36,light_flex
1789707217.262835,35,light_flex
1789707217.262847,35,light_flex
1789707217.262858,35,light_flex
1789707217.262867,38,light_flex
1789707217.262877,38,light_flex
1789707217.2628858,37,light_flex
1789707217.262895,35,light_flex
1789707217.262903,36,light_flex
1789707217.26291,38,light_flex
1789707217.262918,37,light_flex
1789707217.2629251,37,light_flex
1789707217.262933,41,light_flex
1789707217.26294,43,light_flex
1789707217.262948,43,light_flex
1789707217.262955,43,light_flex
1789707217.2629619,41,light_flex
1789707217.2629702,39,light_flex
1789707217.2629771,41,light_flex
1789707217.262984,46,light_flex
1789707217.262992,46,light_flex
1789707217.262999,44,light_flex
1789707217.263006,43,light_flex
1789707217.2630138,44,light_flex
1789707217.263021,44,light_flex
1789707217.263028,42,light_flex
1789707217.263036,39,light_flex
1789707217.2630432,38,light_flex
1789707217.263051,43,light_flex
1789707217.263058,41,light_flex
1789707217.263065,43,light_flex
1789707217.2630742,108,light_flex
1789707217.263083,135,light_flex
1789707217.2630908,77,light_flex
1789707217.263098,73,light_flex
1789707217.263107,50,light_flex
1789707217.2631161,72,light_flex
1789707217.263123,60,light_flex
1789707217.2631302,46,light_flex
1789707217.263138,87,light_flex
1789707217.263145,97,light_flex
1789707217.2631521,42,light_flex
1789707217.26316,51,light_flex
1789707217.263167,39,light_flex
1789707217.2631738,37,light_flex
1789707217.2631822,35,light_flex
1789707217.26319,34,light_flex
1789707217.263197,37,light_flex
1789707217.263204,51,light_flex
1789707217.263211,39,light_flex
1789707217.2632189,41,light_flex
1789707217.263226,41,light_flex
1789707217.263233,39,light_flex
1789707217.263241,38,light_flex
1789707217.263248,36,light_flex
1789707217.2632551,34,light_flex
1789707217.263263,34,light_flex
1789707217.26327,34,light_flex
1789707217.263277,35,light_flex
1789707217.263284,38,light_flex
1789707217.2632918,36,light_flex
1789707217.263299,37,light_flex
1789707217.263306,36,light_flex
1789707217.263314,35,light_flex
1789707217.2633212,33,light_flex
1789707217.263328,33,light_flex
1789707217.263336,33,light_flex
1789707217.263343,35,light_flex
1789707217.263357,35,light_flex
1789707217.263365,35,light_flex
1789707217.263372,35,light_flex
1789707217.26338,34,light_flex
1789707217.263387,35,light_flex
1789707217.263394,34,light_flex
1789707217.263402,33,light_flex
1789707217.263409,35,light_flex
1789707217.263416,35,light_flex
1789707217.263424,39,light_flex
1789707217.2634308,46,light_flex
1789707217.263438,47,light_flex
1789707217.263446,48,light_flex
1789707217.263453,46,light_flex
1789707217.2634602,44,light_flex
1789707217.263468,42,light_flex
1789707217.263475,40,light_flex
1789707217.263482,40,light_flex
1789707217.26349,40,light_flex
1789707217.2634969,39,light_flex
1789707217.263505,40,light_flex
1789707217.2635121,38,light_flex
1789707217.263519,38,light_flex
1789707217.263527,36,light_flex
1789707217.263534,35,light_flex
1789707217.263541,34,light_flex
1789707217.2635489,35,light_flex
1789707217.263556,35,light_flex
1789707217.263563,37,light_flex
1789707217.263571,40,light_flex
1789707217.2635782,43,light_flex
1789707217.263585,46,light_flex
1789707217.263593,46,light_flex
1789707217.2636,45,light_flex
1789707217.263607,44,light_flex
1789707217.263615,42,light_flex
1789707217.2636218,41,light_flex
1789707217.263629,40,light_flex
1789707217.263637,39,light_flex
1789707217.263644,38,light_flex
1789707217.2636511,39,light_flex
1789707217.263659,39,light_flex
1789707217.263666,44,light_flex
1789707217.263673,42,light_flex
1789707217.263681,41,light_flex
1789707217.2636878,39,light_flex
1789707217.263695,37,light_flex
1789707217.263703,35,light_flex
1789707217.26371,34,light_flex
1789707217.2637172,33,light_flex
1789707217.263725,34,light_flex
1789707217.263732,32,light_flex
1789707217.2637398,33,light_flex
1789707217.263747,32,light_flex
1789707217.263754,35,light_flex
1789707217.263762,40,light_flex
1789707217.2637691,40,light_flex
1789707217.263776,40,light_flex
1789707217.263783,38,light_flex
1789707217.263791,38,light_flex
1789707217.263798,37,light_flex
1789707217.263805,37,light_flex
1789707217.263813,35,light_flex
1789707217.26382,35,light_flex
1789707217.2638268,34,light_flex
1789707217.263835,39,light_flex
1789707217.263842,38,light_flex
1789707217.263849,37,light_flex
1789707217.2638562,36,light_flex
1789707217.263864,37,light_flex
1789707217.263874,35,light_flex
1789707217.263882,37,light_flex
1789707217.2638888,37,light_flex
1789707217.263896,37,light_flex
1789707217.263904,36,light_flex
1789707217.263911,35,light_flex
1789707217.2639182,33,light_flex
1789707217.263926,33,light_flex
1789707217.263933,35,light_flex
1789707217.26394,41,light_flex
1789707217.263948,52,light_flex
1789707217.263956,52,light_flex
1789707217.263964,49,light_flex
1789707217.263972,48,light_flex
1789707217.263979,48,light_flex
1789707217.2639868,45,light_flex
1789707217.2639942,44,light_flex
1789707217.264003,41,light_flex
1789707217.264012,42,light_flex
1789707217.264022,41,light_flex
1789707217.264031,40,light_flex
1789707217.264041,39,light_flex
1789707217.26405,38,light_flex
1789707217.26406,38,light_flex
1789707217.264069,36,light_flex
1789707217.264079,36,light_flex
1789707217.264097,36,light_flex
1789707217.2641048,34,light_flex
1789707217.264114,34,light_flex
1789707217.264121,34,light_flex
1789707217.264129,33,light_flex
1789707217.2641358,32,light_flex
1789707217.264143,31,light_flex
1789707217.264151,30,light_flex
1789707217.264158,29,light_flex
1789707217.2641652,30,light_flex
1789707217.264173,30,light_flex
1789707217.26418,30,light_flex
1789707217.2641869,29,light_flex
1789707217.264194,29,light_flex
1789707217.2642019,29,light_flex
1789707217.2642088,29,light_flex
1789707217.264216,29,light_flex
1789707217.264224,28,light_flex
1789707217.264231,28,light_flex
1789707217.264238,29,light_flex
1789707217.264245,29,light_flex
1789707217.264253,31,light_flex
1789707217.26426,32,light_flex
1789707217.264267,31,light_flex
1789707217.2642748,31,light_flex
1789707217.2642822,31,light_flex
1789707217.2642891,32,light_flex
1789707217.264297,31,light_flex
1789707217.2643042,31,light_flex
1789707217.264311,31,light_flex
1789707217.264318,32,light_flex
1789707217.2643259,32,light_flex
1789707217.264333,32,light_flex
1789707217.2643409,33,light_flex
1789707217.2643478,34,light_flex
1789707217.2643552,38,light_flex
1789707217.264362,39,light_flex
1789707217.26437,40,light_flex
1789707217.264377,40,light_flex
1789707217.264384,39,light_flex
1789707217.264392,38,light_flex
1789707217.264399,39,light_flex
1789707217.264406,44,light_flex
1789707217.2644129,43,light_flex
1789707217.2644212,42,light_flex
1789707217.2644281,42,light_flex
1789707217.264435,42,light_flex
1789707217.264443,41,light_flex
1789707217.26445,40,light_flex
1789707217.264457,39,light_flex
1789707217.2644649,38,light_flex
1789707217.264472,37,light_flex
1789707217.264479,36,light_flex
1789707217.264487,37,light_flex
1789707217.2644942,36,light_flex
1789707217.264501,37,light_flex
1789707217.264509,37,light_flex
1789707217.264516,36,light_flex
1789707217.264523,35,light_flex
1789707217.264531,35,light_flex
1789707217.264538,34,light_flex
1789707217.264545,33,light_flex
1789707217.264553,32,light_flex
1789707217.2645602,32,light_flex
1789707217.2645671,32,light_flex
1789707217.264575,32,light_flex
1789707217.264582,32,light_flex
1789707217.264589,32,light_flex
1789707217.264597,33,light_flex
1789707217.2646039,37,light_flex
1789707217.264611,43,light_flex
1789707217.264619,45,light_flex
1789707217.264626,47,light_flex
1789707217.2646332,44,light_flex
1789707217.26464,42,light_flex
1789707217.264648,42,light_flex
1789707217.264655,41,light_flex
1789707217.264662,39,light_flex
1789707217.26467,38,light_flex
1789707217.264677,38,light_flex
1789707217.264684,37,light_flex
1789707217.264692,36,light_flex
1789707217.264699,36,light_flex
1789707217.2647061,37,light_flex
1789707217.264713,36,light_flex
1789707217.264721,36,light_flex
1789707217.264728,37,light_flex
1789707217.264735,36,light_flex
1789707217.2647429,37,light_flex
1789707217.26475,36,light_flex
1789707217.264757,34,light_flex
1789707217.2647638,34,light_flex
1789707217.2647722,34,light_flex
1789707217.264779,33,light_flex
1789707217.264786,32,light_flex
1789707217.264794,34,light_flex
1789707217.264801,33,light_flex
1789707217.264808,33,light_flex
1789707217.264816,33,light_flex
1789707217.264823,32,light_flex
1789707217.2648299,31,light_flex
1789707217.264837,30,light_flex
1789707217.2648451,30,light_flex
1789707217.264852,31,light_flex
1789707217.264859,30,light_flex
1789707217.264867,32,light_flex
1789707217.264874,32,light_flex
1789707217.264881,31,light_flex
1789707217.264889,31,light_flex
1789707217.264896,32,light_flex
1789707217.2649028,34,light_flex
1789707217.2649112,37,light_flex
1789707217.264918,39,light_flex
1789707217.264925,41,light_flex
1789707217.264933,40,light_flex
1789707217.26494,39,light_flex
1789707217.264947,37,light_flex
1789707217.264954,37,light_flex
1789707217.264962,36,light_flex
1789707217.2649689,36,light_flex
1789707217.2649758,36,light_flex
1789707217.2649841,37,light_flex
1789707217.264991,36,light_flex
1789707217.264998,35,light_flex
1789707217.265005,34,light_flex
1789707217.265013,33,light_flex
1789707217.26502,32,light_flex
1789707217.265027,31,light_flex
1789707217.265035,30,light_flex
1789707217.2650418,31,light_flex
1789707217.265049,31,light_flex
1789707217.265056,31,light_flex
1789707217.265064,32,light_flex
1789707217.2650712,31,light_flex
1789707217.265078,31,light_flex
1789707217.265086,31,light_flex
1789707217.265093,30,light_flex
1789707217.2651,31,light_flex
1789707217.2651079,32,light_flex
1789707217.2651148,31,light_flex
1789707217.265122,31,light_flex
1789707217.26513,30,light_flex
1789707217.265137,29,light_flex
1789707217.265144,29,light_flex
1789707217.265152,28,light_flex
1789707217.265159,28,light_flex
1789707217.265166,31,light_flex
1789707217.265173,32,light_flex
1789707217.2651808,33,light_flex
1789707217.265188,34,light_flex
1789707217.265196,34,light_flex
1789707217.265203,34,light_flex
1789707217.2652102,33,light_flex
1789707217.265218,32,light_flex
1789707217.265225,31,light_flex
1789707217.265877,32,light_flex
1789707217.271202,32,light_flex
1789707217.27646,31,light_flex
1789707217.2815921,30,light_flex
1789707217.28685,32,light_flex
1789707217.292184,31,light_flex
1789707217.297375,30,light_flex
1789707217.302529,30,light_flex
1789707217.307807,29,light_flex
1789707217.313079,30,light_flex
1789707217.3183491,30,light_flex
1789707217.3234482,29,light_flex
1789707217.3287702,28,light_flex
1789707217.334111,30,light_flex
1789707217.33923,33,light_flex
1789707217.3444989,36,light_flex
1789707217.349756,39,light_flex
1789707217.355107,41,light_flex
1789707217.360246,39,light_flex
1789707217.365519,38,light_flex
1789707217.370796,36,light_flex
1789707217.376122,35,light_flex
1789707217.381239,37,light_flex
1789707217.386546,43,light_flex
1789707217.391864,46,light_flex
1789707217.397102,47,light_flex
1789707217.4023318,46,light_flex
1789707217.40752,45,light_flex
1789707217.412805,43,light_flex
1789707217.417851,41,light_flex
1789707217.4232361,38,light_flex
1789707217.428571,38,light_flex
1789707217.433981,36,light_flex
1789707217.439029,36,light_flex
1789707217.444407,37,light_flex
1789707217.449856,36,light_flex
1789707217.45504,35,light_flex
1789707217.460072,33,light_flex
1789707217.4654489,33,light_flex
1789707217.470824,37,light_flex
1789707217.475925,37,light_flex
1789707217.481029,40,light_flex
1789707217.4862201,41,light_flex
1789707217.491531,40,light_flex
1789707217.496555,41,light_flex
1789707217.502035,42,light_flex
1789707217.507222,42,light_flex
1789707217.513003,40,light_flex
1789707217.5176451,39,light_flex
1789707217.523127,37,light_flex
1789707217.5281181,38,light_flex
1789707217.533592,44,light_flex
1789707217.538481,45,light_flex
1789707217.5440462,45,light_flex
1789707217.549108,44,light_flex
1789707217.5612102,45,light_flex
1789707217.561267,46,light_flex
1789707217.5654132,48,light_flex
1789707217.570076,50,light_flex
1789707217.5751019,47,light_flex
1789707217.5803268,45,light_flex
1789707217.5857081,43,light_flex
1789707217.590858,41,light_flex
1789707217.596065,41,light_flex
1789707217.601423,40,light_flex
1789707217.6067462,39,light_flex
1789707217.6121001,37,light_flex
1789707217.617066,35,light_flex
1789707217.622318,37,light_flex
1789707217.62767,44,light_flex
1789707217.632791,54,light_flex
1789707217.638134,78,light_flex
1789707217.6434639,78,light_flex
1789707217.64867,75,light_flex
1789707217.653777,68,light_flex
1789707217.659132,73,light_flex
1789707217.664392,75,light_flex
1789707217.669777,76,light_flex
1789707217.675359,77,light_flex
1789707217.680219,87,light_flex
1789707217.7132318,116,light_flex
1789707217.713326,121,light_flex
1789707217.713391,127,light_flex
1789707217.713453,126,light_flex
1789707217.713514,123,light_flex
1789707217.713574,132,light_flex
1789707217.747478,130,light_flex
1789707217.7475998,134,light_flex
1789707217.74766,133,light_flex
1789707217.747713,122,light_flex
1789707217.747801,114,light_flex
1789707217.747937,114,light_flex
1789707217.780921,114,light_flex
1789707217.781067,113,light_flex
1789707217.781141,111,light_flex
1789707217.7812061,139,light_flex
1789707217.781269,141,light_flex
1789707217.7813299,143,light_flex
1789707217.7813902,133,light_flex
1789707217.8150342,126,light_flex
1789707217.815134,122,light_flex
1789707217.815177,131,light_flex
1789707217.815213,131,light_flex
1789707217.815247,129,light_flex
1789707217.8152819,127,light_flex
1789707217.848428,149,light_flex
1789707217.848533,142,light_flex
1789707217.848604,136,light_flex
1789707217.84867,133,light_flex
1789707217.848735,121,light_flex
1789707217.8488,117,light_flex
1789707217.848865,119,light_flex
1789707217.882217,123,light_flex
1789707217.882278,126,light_flex
1789707217.8823192,124,light_flex
1789707217.882358,123,light_flex
1789707217.882394,134,light_flex
1789707217.882429,142,light_flex
1789707217.916103,142,light_flex
1789707217.916209,138,light_flex
1789707217.916277,131,light_flex
1789707217.916342,118,light_flex
1789707217.916404,118,light_flex
1789707217.916467,115,light_flex
1789707217.949909,115,light_flex
1789707217.950015,124,light_flex
1789707217.9500601,122,light_flex
1789707217.950098,114,light_flex
1789707217.9501371,110,light_flex
1789707217.9501739,115,light_flex
1789707217.950211,126,light_flex
1789707217.9814909,133,light_flex
1789707217.9816,122,light_flex
1789707217.981673,120,light_flex
1789707217.98174,112,light_flex
1789707217.981807,102,light_flex
1789707217.9818602,94,light_flex
1789707217.9865532,87,light_flex
1789707218.019642,107,light_flex
1789707218.019745,123,light_flex
1789707218.019813,139,light_flex
1789707218.019878,145,light_flex
1789707218.0199401,148,light_flex
1789707218.0200052,147,light_flex
1789707218.053378,140,light_flex
1789707218.053483,128,light_flex
1789707218.05355,119,light_flex
1789707218.053615,115,light_flex
1789707218.053677,123,light_flex
1789707218.0537379,119,light_flex
1789707218.086905,123,light_flex
1789707218.086957,123,light_flex
1789707218.086981,131,light_flex
1789707218.087003,133,light_flex
1789707218.087026,136,light_flex
1789707218.087051,140,light_flex
1789707218.087073,151,light_flex
1789707218.120728,168,light_flex
1789707218.1208162,161,light_flex
1789707218.120885,188,light_flex
1789707218.12095,184,light_flex
1789707218.1210089,177,light_flex
1789707218.121063,167,light_flex
1789707218.154461,179,light_flex
1789707218.154506,178,light_flex
1789707218.15453,168,light_flex
1789707218.1545541,153,light_flex
1789707218.154583,139,light_flex
1789707218.154607,126,light_flex
1789707218.154631,117,light_flex
1789707218.188396,114,light_flex
1789707218.188479,122,light_flex
1789707218.1885388,118,light_flex
1789707218.188598,111,light_flex
1789707218.1886568,111,light_flex
1789707218.188715,108,light_flex
1789707218.2221591,104,light_flex
1789707218.222246,145,light_flex
1789707218.222309,138,light_flex
1789707218.222368,131,light_flex
1789707218.2224278,127,light_flex
1789707218.222486,117,light_flex
1789707218.2399092,111,light_flex
1789707218.240024,105,light_flex
1789707218.240088,107,light_flex
1789707218.240138,98,light_flex
1789707218.245047,95,light_flex
1789707218.2502599,97,light_flex
1789707218.255479,90,light_flex
1789707218.288571,113,light_flex
1789707218.288654,133,light_flex
1789707218.288716,125,light_flex
1789707218.2887738,118,light_flex
1789707218.288834,108,light_flex
1789707218.2888918,100,light_flex
1789707218.292475,98,light_flex
1789707218.297546,92,light_flex
1789707218.3030322,89,light_flex
1789707218.30822,99,light_flex
1789707218.341352,107,light_flex
1789707218.34142,112,light_flex
1789707218.341459,103,light_flex
1789707218.341495,108,light_flex
1789707218.341538,107,light_flex
1789707218.3415732,100,light_flex
1789707218.3451362,94,light_flex
1789707218.3504372,96,light_flex
1789707218.382355,101,light_flex
1789707218.3824441,121,light_flex
1789707218.3825102,115,light_flex
1789707218.3825731,112,light_flex
1789707218.382637,103,light_flex
1789707218.38269,96,light_flex
1789707218.3873658,92,light_flex
1789707218.392502,90,light_flex
1789707218.397996,83,light_flex
1789707218.403199,82,light_flex
1789707218.408418,88,light_flex
1789707218.413725,95,light_flex
1789707218.418848,95,light_flex
1789707218.424133,97,light_flex
1789707218.4293592,96,light_flex
1789707218.4347079,94,light_flex
1789707218.439871,95,light_flex
1789707218.4449449,96,light_flex
1789707218.478066,104,light_flex
1789707218.478131,104,light_flex
1789707218.478173,109,light_flex
1789707218.4782138,114,light_flex
1789707218.4782562,110,light_flex
1789707218.478295,111,light_flex
1789707218.503882,114,light_flex
1789707218.503979,106,light_flex
1789707218.504052,105,light_flex
1789707218.504301,105,light_flex
1789707218.504368,95,light_flex
1789707218.508372,91,light_flex
1789707218.529241,102,light_flex
1789707218.5293062,102,light_flex
1789707218.5293472,100,light_flex
1789707218.529369,95,light_flex
1789707218.534675,87,light_flex
1789707218.539902,99,light_flex
1789707218.5729249,108,light_flex
1789707218.573003,114,light_flex
1789707218.573055,112,light_flex
1789707218.5731041,115,light_flex
1789707218.573153,122,light_flex
1789707218.573205,126,light_flex
1789707218.606828,115,light_flex
1789707218.6069398,106,light_flex
1789707218.607031,106,light_flex
1789707218.607105,119,light_flex
1789707218.607177,124,light_flex
1789707218.607245,130,light_flex
1789707218.619124,117,light_flex
1789707218.6192122,108,light_flex
1789707218.6192482,99,light_flex
1789707218.640451,106,light_flex
1789707218.640558,110,light_flex
1789707218.6406322,102,light_flex
1789707218.6406898,92,light_flex
1789707218.64544,84,light_flex
1789707218.650621,79,light_flex
1789707218.655989,77,light_flex
1789707218.689,109,light_flex
1789707218.689174,142,light_flex
1789707218.689257,142,light_flex
1789707218.6894221,135,light_flex
1789707218.689615,126,light_flex
1789707218.689687,115,light_flex
1789707218.703559,109,light_flex
1789707218.703659,101,light_flex
1789707218.703764,97,light_flex
1789707218.7086651,94,light_flex
1789707218.7138581,86,light_flex
1789707218.719166,80,light_flex
1789707218.724543,79,light_flex
1789707218.729634,80,light_flex
1789707218.7349818,86,light_flex
1789707218.740075,82,light_flex
1789707218.745333,86,light_flex
1789707218.75054,95,light_flex
1789707218.755844,95,light_flex
1789707218.761018,95,light_flex
1789707218.792874,106,light_flex
1789707218.792979,127,light_flex
1789707218.793053,117,light_flex
1789707218.793118,108,light_flex
1789707218.793189,102,light_flex
1789707218.793244,94,light_flex
1789707218.798031,87,light_flex
1789707218.803298,90,light_flex
1789707218.808543,99,light_flex
1789707218.84059,111,light_flex
1789707218.840686,119,light_flex
1789707218.840756,112,light_flex
1789707218.840819,107,light_flex
1789707218.840883,105,light_flex
1789707218.840937,98,light_flex
1789707218.845365,96,light_flex
1789707218.850549,88,light_flex
1789707218.855846,85,light_flex
1789707218.861315,79,light_flex
1789707218.866807,73,light_flex
1789707218.871798,69,light_flex
1789707218.877147,68,light_flex
1789707218.882018,78,light_flex
1789707218.887151,89,light_flex
1789707218.89251,98,light_flex
1789707218.924445,123,light_flex
1789707218.924545,119,light_flex
1789707218.924612,113,light_flex
1789707218.9246762,111,light_flex
1789707218.9247391,107,light_flex
1789707218.924789,98,light_flex
1789707218.945317,101,light_flex
1789707218.945384,109,light_flex
1789707218.945421,104,light_flex
1789707218.94545,97,light_flex
1789707218.9504519,88,light_flex
1789707218.955582,95,light_flex
1789707218.966204,100,light_flex
1789707218.966348,97,light_flex
1789707218.971456,98,light_flex
1789707218.9767869,99,light_flex
1789707218.9817522,98,light_flex
1789707218.987041,94,light_flex
1789707219.003168,106,light_flex
1789707219.003249,102,light_flex
1789707219.003306,95,light_flex
1789707219.008425,86,light_flex
1789707219.0134559,81,light_flex
1789707219.0187678,75,light_flex
1789707219.0239959,69,light_flex
1789707219.029255,64,light_flex
1789707219.034546,61,light_flex
1789707219.039831,62,light_flex
1789707219.044987,89,light_flex
1789707219.078012,109,light_flex
1789707219.078079,113,light_flex
1789707219.078121,124,light_flex
1789707219.078177,122,light_flex
1789707219.0782132,111,light_flex
1789707219.0782511,101,light_flex
1789707219.0818188,97,light_flex
1789707219.092459,100,light_flex
1789707219.0925262,99,light_flex
1789707219.097632,90,light_flex
1789707219.103026,86,light_flex
1789707219.1082098,81,light_flex
1789707219.1133802,89,light_flex
1789707219.139719,118,light_flex
1789707219.1398022,111,light_flex
1789707219.139868,110,light_flex
1789707219.1399329,103,light_flex
1789707219.139998,96,light_flex
1789707219.14499,87,light_flex
1789707219.150221,84,light_flex
1789707219.1555169,91,light_flex
1789707219.1661298,101,light_flex
1789707219.166204,94,light_flex
1789707219.171405,86,light_flex
1789707219.1765702,88,light_flex
1789707219.181737,93,light_flex
1789707219.203261,102,light_flex
1789707219.203414,103,light_flex
1789707219.203509,101,light_flex
1789707219.203566,98,light_flex
1789707219.235969,108,light_flex
1789707219.236068,111,light_flex
1789707219.236137,115,light_flex
1789707219.236203,113,light_flex
1789707219.236269,109,light_flex
1789707219.236335,102,light_flex
1789707219.240343,98,light_flex
1789707219.2449338,93,light_flex
1789707219.2504041,87,light_flex
1789707219.2554848,84,light_flex
1789707219.288509,104,light_flex
1789707219.2885592,120,light_flex
1789707219.288596,120,light_flex
1789707219.2886322,123,light_flex
1789707219.288667,118,light_flex
1789707219.288703,108,light_flex
1789707219.3083048,102,light_flex
1789707219.308398,104,light_flex
1789707219.308465,100,light_flex
1789707219.308518,97,light_flex
1789707219.341314,103,light_flex
1789707219.341412,109,light_flex
1789707219.3414779,118,light_flex
1789707219.3415391,119,light_flex
1789707219.3416,117,light_flex
1789707219.341662,121,light_flex
1789707219.361131,114,light_flex
1789707219.3612218,107,light_flex
1789707219.361289,101,light_flex
1789707219.3613389,98,light_flex
1789707219.36621,91,light_flex
1789707219.371339,89,light_flex
1789707219.376616,87,light_flex
1789707219.381918,84,light_flex
1789707219.386972,78,light_flex
1789707219.3923352,72,light_flex
1789707219.397904,68,light_flex
1789707219.4031072,70,light_flex
1789707219.408112,79,light_flex
1789707219.41319,85,light_flex
1789707219.446317,100,light_flex
1789707219.446371,126,light_flex
1789707219.446403,123,light_flex
1789707219.446431,119,light_flex
1789707219.44646,117,light_flex
1789707219.446489,112,light_flex
1789707219.460962,106,light_flex
1789707219.46102,101,light_flex
1789707219.461049,97,light_flex
1789707219.46608,90,light_flex
1789707219.471478,83,light_flex
1789707219.47666,96,light_flex
1789707219.5084312,103,light_flex
1789707219.508536,121,light_flex
1789707219.508609,118,light_flex
1789707219.508675,107,light_flex
1789707219.5087612,100,light_flex
1789707219.5088158,95,light_flex
1789707219.541472,110,light_flex
1789707219.541573,122,light_flex
1789707219.54164,114,light_flex
1789707219.541703,113,light_flex
1789707219.5417652,113,light_flex
1789707219.5418282,118,light_flex
1789707219.575319,123,light_flex
1789707219.575443,130,light_flex
1789707219.575519,144,light_flex
1789707219.5755851,136,light_flex
1789707219.575648,125,light_flex
1789707219.57571,123,light_flex
1789707219.598287,114,light_flex
1789707219.598433,114,light_flex
1789707219.598521,108,light_flex
1789707219.59859,100,light_flex
1789707219.598651,95,light_flex
1789707219.6038342,88,light_flex
1789707219.608534,90,light_flex
1789707219.613922,88,light_flex
1789707219.619088,90,light_flex
1789707219.624522,90,light_flex
1789707219.6401322,100,light_flex
1789707219.64022,101,light_flex
1789707219.640338,92,light_flex
1789707219.645772,96,light_flex
1789707219.650486,90,light_flex
1789707219.655842,82,light_flex
1789707219.661078,78,light_flex
1789707219.666464,83,light_flex
1789707219.67139,85,light_flex
1789707219.6768389,85,light_flex
1789707219.681988,84,light_flex
1789707219.687039,86,light_flex
1789707219.720526,106,light_flex
1789707219.720595,141,light_flex
1789707219.7206368,129,light_flex
1789707219.720675,127,light_flex
1789707219.720712,119,light_flex
1789707219.720746,110,light_flex
1789707219.7349498,110,light_flex
1789707219.735054,101,light_flex
1789707219.7351182,93,light_flex
1789707219.740384,86,light_flex
1789707219.745392,80,light_flex
1789707219.750444,75,light_flex
1789707219.755668,72,light_flex
1789707219.761,86,light_flex
1789707219.782393,101,light_flex
1789707219.782482,112,light_flex
1789707219.782583,102,light_flex
1789707219.7826161,99,light_flex
1789707219.787318,92,light_flex
1789707219.7925591,89,light_flex
1789707219.797598,85,light_flex
1789707219.8030689,78,light_flex
1789707219.8082829,79,light_flex
1789707219.8134642,90,light_flex
1789707219.818611,86,light_flex
1789707219.823971,82,light_flex
1789707219.829237,87,light_flex
1789707219.8346019,92,light_flex
1789707219.855625,102,light_flex
1789707219.855716,108,light_flex
1789707219.855785,107,light_flex
1789707219.855838,98,light_flex
1789707219.8607008,90,light_flex
1789707219.866148,85,light_flex
1789707219.871308,87,light_flex
1789707219.876534,97,light_flex
1789707219.881695,94,light_flex
1789707219.886985,94,light_flex
1789707219.8921669,91,light_flex
1789707219.897418,90,light_flex
1789707219.902844,97,light_flex
1789707219.923815,110,light_flex
1789707219.923868,110,light_flex
1789707219.923907,101,light_flex
1789707219.924043,97,light_flex
1789707219.9290361,90,light_flex
1789707219.934502,90,light_flex
1789707219.939574,97,light_flex
1789707219.944737,96,light_flex
1789707219.950031,91,light_flex
1789707219.955295,88,light_flex
1789707219.988331,105,light_flex
1789707219.988419,123,light_flex
1789707219.9884841,135,light_flex
1789707219.988548,144,light_flex
1789707219.98861,140,light_flex
1789707219.988671,129,light_flex
1789707220.022093,118,light_flex
1789707220.022191,113,light_flex
1789707220.0222578,109,light_flex
1789707220.022322,123,light_flex
1789707220.022387,126,light_flex
1789707220.022451,123,light_flex
1789707220.0558982,119,light_flex
1789707220.0560262,122,light_flex
1789707220.056098,120,light_flex
1789707220.0561652,115,light_flex
1789707220.056229,106,light_flex
1789707220.0562901,119,light_flex
1789707220.056352,142,light_flex
1789707220.089754,131,light_flex
1789707220.0898528,120,light_flex
1789707220.089931,114,light_flex
1789707220.090107,111,light_flex
1789707220.09054,117,light_flex
1789707220.0906298,116,light_flex
1789707220.124448,116,light_flex
1789707220.124552,115,light_flex
1789707220.124743,118,light_flex
1789707220.125103,123,light_flex
1789707220.125182,112,light_flex
1789707220.125249,103,light_flex
1789707220.125304,97,light_flex
1789707220.129461,88,light_flex
1789707220.134588,83,light_flex
1789707220.139958,83,light_flex
1789707220.145254,94,light_flex
1789707220.178642,100,light_flex
1789707220.178726,106,light_flex
1789707220.1787689,116,light_flex
1789707220.1788092,120,light_flex
1789707220.1789188,128,light_flex
1789707220.178967,122,light_flex
1789707220.192773,111,light_flex
1789707220.192847,102,light_flex
1789707220.1928818,94,light_flex
1789707220.198147,87,light_flex
1789707220.20326,80,light_flex
1789707220.20848,75,light_flex
1789707220.213869,76,light_flex
1789707220.218921,78,light_flex
1789707220.2238138,80,light_flex
1789707220.229095,79,light_flex
1789707220.234408,77,light_flex
1789707220.239666,96,light_flex
1789707220.266144,116,light_flex
1789707220.2662091,116,light_flex
1789707220.266258,105,light_flex
1789707220.266305,100,light_flex
1789707220.266346,91,light_flex
1789707220.2713118,92,light_flex
1789707220.276696,96,light_flex
1789707220.309707,102,light_flex
1789707220.309793,117,light_flex
1789707220.309994,116,light_flex
1789707220.3100622,114,light_flex
1789707220.310125,119,light_flex
1789707220.310188,114,light_flex
1789707220.343455,106,light_flex
1789707220.343542,102,light_flex
1789707220.343607,100,light_flex
1789707220.343668,115,light_flex
1789707220.343728,120,light_flex
1789707220.34379,143,light_flex
1789707220.377142,137,light_flex
1789707220.377242,129,light_flex
1789707220.377287,117,light_flex
1789707220.377331,113,light_flex
1789707220.3773708,110,light_flex
1789707220.377407,101,light_flex
1789707220.377439,98,light_flex
1789707220.382373,95,light_flex
1789707220.387468,97,light_flex
1789707220.420637,103,light_flex
1789707220.42073,118,light_flex
1789707220.420803,110,light_flex
1789707220.4208739,110,light_flex
1789707220.420953,103,light_flex
1789707220.4210281,104,light_flex
1789707220.435264,112,light_flex
1789707220.435344,103,light_flex
1789707220.43539,94,light_flex
1789707220.440453,97,light_flex
1789707220.446121,93,light_flex
1789707220.4507341,89,light_flex
1789707220.4559941,90,light_flex
1789707220.461119,87,light_flex
1789707220.4665442,87,light_flex
1789707220.4715981,83,light_flex
1789707220.4770072,80,light_flex
1789707220.4820569,76,light_flex
1789707220.4873128,77,light_flex
1789707220.492615,80,light_flex
1789707220.497857,74,light_flex
1789707220.503071,72,light_flex
1789707220.5084958,68,light_flex
1789707220.513571,68,light_flex
1789707220.518952,67,light_flex
1789707220.5242329,67,light_flex
1789707220.529309,68,light_flex
1789707220.534645,69,light_flex
1789707220.5396721,65,light_flex
1789707220.545012,69,light_flex
1789707220.550261,74,light_flex
1789707220.555561,92,light_flex
1789707220.58866,113,light_flex
1789707220.588753,119,light_flex
1789707220.58882,107,light_flex
1789707220.588882,104,light_flex
1789707220.588941,111,light_flex
1789707220.589013,115,light_flex
1789707220.6224089,111,light_flex
1789707220.6224902,116,light_flex
1789707220.62254,111,light_flex
1789707220.622588,127,light_flex
1789707220.622636,136,light_flex
1789707220.6226828,125,light_flex
1789707220.6507032,122,light_flex
1789707220.650817,114,light_flex
1789707220.6508749,109,light_flex
1789707220.650924,110,light_flex
1789707220.650969,105,light_flex
1789707220.651029,94,light_flex
1789707220.683705,111,light_flex
1789707220.6838,123,light_flex
1789707220.683865,156,light_flex
1789707220.683928,148,light_flex
1789707220.683989,141,light_flex
1789707220.6840498,130,light_flex
1789707220.717442,121,light_flex
1789707220.717542,118,light_flex
1789707220.71762,116,light_flex
1789707220.717685,117,light_flex
1789707220.71775,125,light_flex
1789707220.717813,116,light_flex
1789707220.7513301,119,light_flex
1789707220.751467,127,light_flex
1789707220.7515368,122,light_flex
1789707220.751603,116,light_flex
1789707220.7516658,113,light_flex
1789707220.751729,114,light_flex
1789707220.7518091,109,light_flex
1789707220.7670631,111,light_flex
1789707220.767154,101,light_flex
1789707220.76721,92,light_flex
1789707220.772125,89,light_flex
1789707220.777235,88,light_flex
1789707220.810349,111,light_flex
1789707220.810443,130,light_flex
1789707220.810507,128,light_flex
1789707220.810569,122,light_flex
1789707220.8106291,114,light_flex
1789707220.810689,112,light_flex
1789707220.819506,106,light_flex
1789707220.819571,99,light_flex
1789707220.852575,110,light_flex
1789707220.85267,104,light_flex
1789707220.852733,103,light_flex
1789707220.8527942,111,light_flex
1789707220.852855,111,light_flex
1789707220.852915,103,light_flex
1789707220.8562791,96,light_flex
1789707220.8670468,100,light_flex
1789707220.867142,99,light_flex
1789707220.8881888,109,light_flex
1789707220.888282,107,light_flex
1789707220.888347,103,light_flex
1789707220.8883982,94,light_flex
1789707220.8932412,93,light_flex
1789707220.898495,90,light_flex
1789707220.904057,85,light_flex
1789707220.909107,89,light_flex
1789707220.914119,82,light_flex
1789707220.9194582,89,light_flex
1789707220.935663,100,light_flex
1789707220.935754,102,light_flex
1789707220.9358132,96,light_flex
1789707220.940453,90,light_flex
1789707220.94568,83,light_flex
1789707220.9509718,84,light_flex
1789707220.956225,77,light_flex
1789707220.961544,76,light_flex
1789707220.966743,71,light_flex
1789707220.971874,74,light_flex
1789707220.977225,78,light_flex
1789707220.9821608,77,light_flex
1789707220.987488,84,light_flex
1789707220.9927628,82,light_flex
1789707220.998004,82,light_flex
1789707221.0031538,80,light_flex
1789707221.008404,81,light_flex
1789707221.013709,78,light_flex
1789707221.018819,86,light_flex
1789707221.0241659,93,light_flex
1789707221.0293891,91,light_flex
1789707221.0347059,85,light_flex
1789707221.039814,81,light_flex
1789707221.045198,99,light_flex
1789707221.07693,109,light_flex
1789707221.076951,108,light_flex
1789707221.076971,110,light_flex
1789707221.07699,112,light_flex
1789707221.07701,107,light_flex
1789707221.077031,99,light_flex
1789707221.0819972,90,light_flex
1789707221.087295,99,light_flex
1789707221.120427,119,light_flex
1789707221.120484,119,light_flex
1789707221.120522,114,light_flex
1789707221.120555,128,light_flex
1789707221.12059,150,light_flex
1789707221.12062,143,light_flex
1789707221.150953,131,light_flex
1789707221.151066,120,light_flex
1789707221.1511302,116,light_flex
1789707221.151191,106,light_flex
1789707221.15125,104,light_flex
1789707221.1513002,97,light_flex
1789707221.155892,95,light_flex
1789707221.1613529,90,light_flex
1789707221.1718998,103,light_flex
1789707221.171978,95,light_flex
1789707221.177054,86,light_flex
1789707221.1821911,80,light_flex
1789707221.187617,80,light_flex
1789707221.192789,75,light_flex
1789707221.197869,70,light_flex
1789707221.203806,64,light_flex
1789707221.2085838,66,light_flex
1789707221.213847,71,light_flex
1789707221.218912,87,light_flex
1789707221.224944,98,light_flex
1789707221.229472,91,light_flex
1789707221.234702,86,light_flex
1789707221.239865,86,light_flex
1789707221.245208,81,light_flex
1789707221.2505789,90,light_flex
1789707221.2556438,88,light_flex
1789707221.2609248,95,light_flex
1789707221.292769,108,light_flex
1789707221.292862,111,light_flex
1789707221.292928,109,light_flex
1789707221.292991,114,light_flex
1789707221.293053,104,light_flex
1789707221.293105,98,light_flex
1789707221.297708,88,light_flex
1789707221.303201,83,light_flex
1789707221.3085,89,light_flex
1789707221.313642,87,light_flex
1789707221.3187578,88,light_flex
1789707221.3241868,83,light_flex
1789707221.3293,88,light_flex
1789707221.334589,92,light_flex
1789707221.339694,87,light_flex
1789707221.3449721,87,light_flex
1789707221.350191,82,light_flex
1789707221.3553028,78,light_flex
1789707221.3606431,79,light_flex
1789707221.366097,79,light_flex
1789707221.371232,86,light_flex
1789707221.376451,95,light_flex
1789707221.382066,93,light_flex
1789707221.386973,95,light_flex
1789707221.39221,94,light_flex
1789707221.3974311,86,light_flex
1789707221.4027,82,light_flex
1789707221.407933,83,light_flex
1789707221.440955,105,light_flex
1789707221.441055,125,light_flex
1789707221.4411252,121,light_flex
1789707221.441195,115,light_flex
1789707221.4412642,108,light_flex
1789707221.441328,107,light_flex
1789707221.474737,108,light_flex
1789707221.474831,106,light_flex
1789707221.474894,106,light_flex
1789707221.474955,102,light_flex
1789707221.4750159,103,light_flex
1789707221.4750762,110,light_flex
1789707221.508636,107,light_flex
1789707221.508754,113,light_flex
1789707221.508815,115,light_flex
1789707221.508868,112,light_flex
1789707221.508916,107,light_flex
1789707221.508961,129,light_flex
1789707221.509005,136,light_flex
1789707221.542393,152,light_flex
1789707221.542506,149,light_flex
1789707221.5425742,151,light_flex
1789707221.5426428,153,light_flex
1789707221.5427089,162,light_flex
1789707221.5427709,159,light_flex
1789707221.5762382,148,light_flex
1789707221.576355,167,light_flex
1789707221.576434,191,light_flex
1789707221.576503,190,light_flex
1789707221.576759,183,light_flex
1789707221.5769658,176,light_flex
1789707221.577004,161,light_flex
1789707221.61,152,light_flex
1789707221.610092,146,light_flex
1789707221.610157,135,light_flex
1789707221.610219,135,light_flex
1789707221.6102788,143,light_flex
1789707221.6103392,151,light_flex
1789707221.6437938,163,light_flex
1789707221.6438699,171,light_flex
1789707221.643911,154,light_flex
1789707221.6439528,142,light_flex
1789707221.64399,132,light_flex
1789707221.644026,134,light_flex
1789707221.677529,131,light_flex
1789707221.6776588,121,light_flex
1789707221.677727,112,light_flex
1789707221.6777909,109,light_flex
1789707221.677852,112,light_flex
1789707221.677912,126,light_flex
1789707221.677973,139,light_flex
1789707221.711414,136,light_flex
1789707221.7114902,151,light_flex
1789707221.711614,181,light_flex
1789707221.711663,170,light_flex
1789707221.711702,155,light_flex
1789707221.711741,150,light_flex
1789707221.745213,148,light_flex
1789707221.745318,136,light_flex
1789707221.745385,127,light_flex
1789707221.7454479,135,light_flex
1789707221.7455108,140,light_flex
1789707221.745573,130,light_flex
1789707221.745636,127,light_flex
1789707221.779181,118,light_flex
1789707221.779265,120,light_flex
1789707221.77931,118,light_flex
1789707221.779348,113,light_flex
1789707221.7793899,109,light_flex
1789707221.779426,101,light_flex
1789707221.8128262,106,light_flex
1789707221.812926,119,light_flex
1789707221.812992,148,light_flex
1789707221.813055,135,light_flex
1789707221.813117,128,light_flex
1789707221.813177,121,light_flex
1789707221.846561,113,light_flex
1789707221.846717,114,light_flex
1789707221.8467588,105,light_flex
1789707221.846797,103,light_flex
1789707221.846834,135,light_flex
1789707221.846868,152,light_flex
1789707221.8469,162,light_flex
1789707221.8804631,163,light_flex
1789707221.8805602,161,light_flex
1789707221.880625,153,light_flex
1789707221.880689,145,light_flex
1789707221.8807511,153,light_flex
1789707221.8808389,159,light_flex
1789707221.9223502,146,light_flex
1789707221.922436,135,light_flex
1789707221.922482,140,light_flex
1789707221.9225159,145,light_flex
1789707221.922535,139,light_flex
1789707221.92256,133,light_flex
1789707221.9226,142,light_flex
1789707221.947734,150,light_flex
1789707221.9477708,139,light_flex
1789707221.947794,135,light_flex
1789707221.947816,130,light_flex
1789707221.947838,127,light_flex
1789707221.94786,116,light_flex
1789707221.98166,108,light_flex
1789707221.98174,140,light_flex
1789707221.981801,135,light_flex
1789707221.9818602,141,light_flex
1789707221.981919,162,light_flex
1789707221.9819882,148,light_flex
1789707222.015467,144,light_flex
1789707222.015572,144,light_flex
1789707222.015638,137,light_flex
1789707222.015699,127,light_flex
1789707222.015759,120,light_flex
1789707222.0158179,117,light_flex
1789707222.015878,115,light_flex
1789707222.0493739,122,light_flex
1789707222.049459,117,light_flex
1789707222.049521,128,light_flex
1789707222.049582,128,light_flex
1789707222.049641,118,light_flex
1789707222.049699,110,light_flex
1789707222.0830889,107,light_flex
1789707222.083182,103,light_flex
1789707222.0832572,101,light_flex
1789707222.083319,114,light_flex
1789707222.083379,125,light_flex
1789707222.0834382,137,light_flex
1789707222.083497,143,light_flex
1789707222.1172302,132,light_flex
1789707222.117333,123,light_flex
1789707222.1174011,114,light_flex
1789707222.1174662,133,light_flex
1789707222.11753,142,light_flex
1789707222.117594,175,light_flex
1789707222.15094,161,light_flex
1789707222.151066,148,light_flex
1789707222.151135,139,light_flex
1789707222.151477,131,light_flex
1789707222.151608,128,light_flex
1789707222.151696,118,light_flex
1789707222.184833,108,light_flex
1789707222.1849642,103,light_flex
1789707222.185034,101,light_flex
1789707222.1850991,112,light_flex
1789707222.185163,124,light_flex
1789707222.185225,123,light_flex
1789707222.1853042,117,light_flex
1789707222.200407,111,light_flex
1789707222.200516,103,light_flex
1789707222.2005818,93,light_flex
1789707222.2057421,85,light_flex
1789707222.210786,79,light_flex
1789707222.216089,77,light_flex
1789707222.221096,75,light_flex
1789707222.226492,82,light_flex
1789707222.231766,83,light_flex
1789707222.237647,96,light_flex
1789707222.2528489,111,light_flex
1789707222.252935,107,light_flex
1789707222.253004,98,light_flex
1789707222.2633119,100,light_flex
1789707222.263375,98,light_flex
1789707222.268728,89,light_flex
1789707222.2744472,83,light_flex
1789707222.2789671,84,light_flex
1789707222.284235,87,light_flex
1789707222.2894661,98,light_flex
1789707222.3227189,118,light_flex
1789707222.322815,143,light_flex
1789707222.322887,182,light_flex
1789707222.322956,175,light_flex
1789707222.32302,161,light_flex
1789707222.323082,151,light_flex
1789707222.3574479,145,light_flex
1789707222.357568,135,light_flex
1789707222.3576472,122,light_flex
1789707222.357903,115,light_flex
1789707222.357952,115,light_flex
1789707222.357986,118,light_flex
1789707222.39008,113,light_flex
1789707222.3902998,110,light_flex
1789707222.390514,114,light_flex
1789707222.390591,121,light_flex
1789707222.390659,126,light_flex
1789707222.390827,117,light_flex
1789707222.390901,114,light_flex
1789707222.42506,117,light_flex
1789707222.425199,113,light_flex
1789707222.4252522,110,light_flex
1789707222.4252958,109,light_flex
1789707222.425334,130,light_flex
1789707222.425371,126,light_flex
1789707222.457844,143,light_flex
1789707222.457916,140,light_flex
1789707222.457956,137,light_flex
1789707222.457993,134,light_flex
1789707222.458028,124,light_flex
1789707222.4580622,116,light_flex
1789707222.458098,110,light_flex
1789707222.469159,101,light_flex
1789707222.4692428,97,light_flex
1789707222.474397,92,light_flex
1789707222.479501,87,light_flex
1789707222.484742,80,light_flex
1789707222.489915,82,light_flex
1789707222.4952252,87,light_flex
1789707222.500596,82,light_flex
1789707222.505712,78,light_flex
1789707222.510883,79,light_flex
1789707222.543969,107,light_flex
1789707222.544061,147,light_flex
1789707222.544128,146,light_flex
1789707222.544192,145,light_flex
1789707222.5442529,146,light_flex
1789707222.5443141,139,light_flex
1789707222.5777931,126,light_flex
1789707222.577933,127,light_flex
1789707222.577999,129,light_flex
1789707222.5783029,130,light_flex
1789707222.5783522,132,light_flex
1789707222.578388,129,light_flex
1789707222.61163,122,light_flex
1789707222.611752,111,light_flex
1789707222.6118212,110,light_flex
1789707222.6118872,111,light_flex
1789707222.611951,113,light_flex
1789707222.612028,108,light_flex
1789707222.612092,111,light_flex
1789707222.637802,114,light_flex
1789707222.6379101,105,light_flex
1789707222.637978,110,light_flex
1789707222.638052,103,light_flex
1789707222.638106,95,light_flex
1789707222.643289,91,light_flex
1789707222.648334,93,light_flex
1789707222.653412,91,light_flex
1789707222.6586711,90,light_flex
1789707222.663937,87,light_flex
1789707222.669172,92,light_flex
1789707222.674776,92,light_flex
1789707222.6795719,85,light_flex
1789707222.684957,79,light_flex
1789707222.689908,77,light_flex
1789707222.695271,72,light_flex
1789707222.700583,67,light_flex
1789707222.7062569,81,light_flex
1789707222.710943,92,light_flex
1789707222.7378292,109,light_flex
1789707222.7381089,114,light_flex
1789707222.738373,112,light_flex
1789707222.7384572,105,light_flex
1789707222.738522,98,light_flex
1789707222.770842,103,light_flex
1789707222.770981,115,light_flex
1789707222.771165,140,light_flex
1789707222.771321,131,light_flex
1789707222.771411,119,light_flex
1789707222.771477,110,light_flex
1789707222.804245,108,light_flex
1789707222.8044171,102,light_flex
1789707222.8045309,110,light_flex
1789707222.8046012,117,light_flex
1789707222.804663,115,light_flex
1789707222.804735,107,light_flex
1789707222.816572,108,light_flex
1789707222.816682,102,light_flex
1789707222.8167412,94,light_flex
1789707222.821825,85,light_flex
1789707222.827111,83,light_flex
1789707222.832277,93,light_flex
1789707222.865396,110,light_flex
1789707222.865671,116,light_flex
1789707222.8657448,115,light_flex
1789707222.865814,123,light_flex
1789707222.865879,130,light_flex
1789707222.865946,136,light_flex
1789707222.885173,125,light_flex
1789707222.88526,113,light_flex
1789707222.885323,104,light_flex
1789707222.885375,97,light_flex
1789707222.8904982,88,light_flex
1789707222.895533,88,light_flex
1789707222.900887,87,light_flex
1789707222.906144,96,light_flex
1789707222.939208,118,light_flex
1789707222.9392982,119,light_flex
1789707222.9393659,133,light_flex
1789707222.939431,145,light_flex
1789707222.9394932,136,light_flex
1789707222.939554,135,light_flex
1789707222.9729338,128,light_flex
1789707222.9730198,125,light_flex
1789707222.9730701,123,light_flex
1789707222.9731169,115,light_flex
1789707222.973162,108,light_flex
1789707222.973207,105,light_flex
1789707223.006708,106,light_flex
1789707223.006861,113,light_flex
1789707223.00694,130,light_flex
1789707223.007009,143,light_flex
1789707223.00717,151,light_flex
1789707223.0072498,180,light_flex
1789707223.0073159,171,light_flex
1789707223.040575,157,light_flex
1789707223.040673,146,light_flex
1789707223.040738,134,light_flex
1789707223.040801,125,light_flex
1789707223.040878,116,light_flex
1789707223.0409431,108,light_flex
1789707223.0743659,125,light_flex
1789707223.074473,121,light_flex
1789707223.074548,123,light_flex
1789707223.074616,127,light_flex
1789707223.074681,119,light_flex
1789707223.074742,118,light_flex
1789707223.074801,117,light_flex
1789707223.1069498,115,light_flex
1789707223.107113,116,light_flex
1789707223.107199,115,light_flex
1789707223.1072671,106,light_flex
1789707223.107332,101,light_flex
1789707223.107386,98,light_flex
1789707223.1336691,101,light_flex
1789707223.1337779,100,light_flex
1789707223.133845,101,light_flex
1789707223.133908,105,light_flex
1789707223.133964,96,light_flex
1789707223.1384451,94,light_flex
1789707223.143608,86,light_flex
1789707223.148788,80,light_flex
1789707223.154158,96,light_flex
1789707223.187299,103,light_flex
1789707223.187381,106,light_flex
1789707223.187426,104,light_flex
1789707223.187466,105,light_flex
1789707223.1875122,101,light_flex
1789707223.187553,101,light_flex
1789707223.196469,105,light_flex
1789707223.196631,99,light_flex
1789707223.201548,97,light_flex
1789707223.228013,103,light_flex
1789707223.228075,105,light_flex
1789707223.2281148,101,light_flex
1789707223.228155,103,light_flex
1789707223.2281861,99,light_flex
1789707223.233411,97,light_flex
1789707223.238334,95,light_flex
1789707223.243673,87,light_flex
1789707223.2489831,89,light_flex
1789707223.275247,101,light_flex
1789707223.275344,114,light_flex
1789707223.275409,105,light_flex
1789707223.275472,101,light_flex
1789707223.2755241,97,light_flex
1789707223.280472,91,light_flex
1789707223.285776,95,light_flex
1789707223.291439,89,light_flex
1789707223.296182,87,light_flex
1789707223.3015769,99,light_flex
1789707223.327936,106,light_flex
1789707223.3279989,109,light_flex
1789707223.328036,106,light_flex
1789707223.3280709,101,light_flex
1789707223.328109,97,light_flex
1789707223.333007,89,light_flex
1789707223.33839,91,light_flex
1789707223.343532,87,light_flex
1789707223.348713,90,light_flex
1789707223.3540108,84,light_flex
1789707223.359342,81,light_flex
1789707223.3649678,86,light_flex
1789707223.369795,92,light_flex
1789707223.374997,96,light_flex
1789707223.380373,89,light_flex
1789707223.385522,92,light_flex
1789707223.390715,92,light_flex
1789707223.395939,90,light_flex
1789707223.40137,86,light_flex
1789707223.406723,96,light_flex
1789707223.4392729,102,light_flex
1789707223.439334,115,light_flex
1789707223.43938,120,light_flex
1789707223.439424,119,light_flex
1789707223.439467,133,light_flex
1789707223.439509,147,light_flex
1789707223.47309,148,light_flex
1789707223.473175,138,light_flex
1789707223.473241,124,light_flex
1789707223.473305,119,light_flex
1789707223.473367,113,light_flex
1789707223.4734259,108,light_flex
1789707223.4734762,98,light_flex
1789707223.4802308,89,light_flex
1789707223.485356,83,light_flex
1789707223.490905,79,light_flex
1789707223.495911,78,light_flex
1789707223.50132,74,light_flex
1789707223.507278,81,light_flex
1789707223.5115662,87,light_flex
1789707223.54463,104,light_flex
1789707223.544715,125,light_flex
1789707223.5447822,116,light_flex
1789707223.544845,116,light_flex
1789707223.544907,108,light_flex
1789707223.544967,106,light_flex
1789707223.5486999,99,light_flex
1789707223.5538151,90,light_flex
1789707223.559124,83,light_flex
1789707223.564332,81,light_flex
1789707223.569851,78,light_flex
1789707223.5748422,71,light_flex
1789707223.580032,66,light_flex
1789707223.585351,62,light_flex
1789707223.590514,65,light_flex
1789707223.595843,78,light_flex
1789707223.611735,103,light_flex
1789707223.611818,103,light_flex
1789707223.611874,95,light_flex
1789707223.616811,90,light_flex
1789707223.6220229,86,light_flex
1789707223.627497,95,light_flex
1789707223.659192,109,light_flex
1789707223.6592808,111,light_flex
1789707223.6593459,115,light_flex
1789707223.65941,113,light_flex
1789707223.659471,106,light_flex
1789707223.659523,99,light_flex
1789707223.680223,103,light_flex
1789707223.6803122,111,light_flex
1789707223.680379,102,light_flex
1789707223.6804328,93,light_flex
1789707223.685386,85,light_flex
1789707223.690828,78,light_flex
1789707223.695795,81,light_flex
1789707223.7012439,89,light_flex
1789707223.717102,103,light_flex
1789707223.717189,103,light_flex
1789707223.717247,98,light_flex
1789707223.72224,99,light_flex
1789707223.727262,96,light_flex
1789707223.732714,93,light_flex
1789707223.737903,87,light_flex
1789707223.743244,86,light_flex
1789707223.748333,85,light_flex
1789707223.7535858,80,light_flex
1789707223.758941,96,light_flex
1789707223.791908,101,light_flex
1789707223.791984,108,light_flex
1789707223.792032,109,light_flex
1789707223.792077,101,light_flex
1789707223.7921221,104,light_flex
1789707223.792168,109,light_flex
1789707223.811687,110,light_flex
1789707223.811778,113,light_flex
1789707223.811844,107,light_flex
1789707223.811896,98,light_flex
1789707223.844575,116,light_flex
1789707223.8446321,131,light_flex
1789707223.844666,132,light_flex
1789707223.8446982,119,light_flex
1789707223.844733,109,light_flex
1789707223.844768,100,light_flex
1789707223.848459,91,light_flex
1789707223.853746,86,light_flex
1789707223.858937,92,light_flex
1789707223.892766,101,light_flex
1789707223.8929942,110,light_flex
1789707223.8930418,112,light_flex
1789707223.89308,127,light_flex
1789707223.893117,147,light_flex
1789707223.893152,141,light_flex
1789707223.9173288,135,light_flex
1789707223.9174259,122,light_flex
1789707223.917492,115,light_flex
1789707223.917553,106,light_flex
1789707223.9176052,95,light_flex
1789707223.9223459,90,light_flex
1789707223.927665,84,light_flex
1789707223.932906,80,light_flex
1789707223.938151,77,light_flex
1789707223.943331,80,light_flex
1789707223.948521,91,light_flex
1789707223.9537349,98,light_flex
1789707223.959112,96,light_flex
1789707223.964187,88,light_flex
1789707223.969603,80,light_flex
1789707223.9749062,81,light_flex
1789707223.979906,81,light_flex
1789707223.985217,80,light_flex
1789707223.990465,76,light_flex
1789707223.9957561,72,light_flex
1789707224.000951,67,light_flex
1789707224.006058,64,light_flex
1789707224.011542,59,light_flex
1789707224.0166988,57,light_flex
1789707224.021767,65,light_flex
1789707224.027085,66,light_flex
1789707224.032563,71,light_flex
1789707224.0377972,85,light_flex
1789707224.042961,94,light_flex
1789707224.069543,100,light_flex
1789707224.0696309,100,light_flex
1789707224.0697038,103,light_flex
1789707224.0697868,103,light_flex
1789707224.069847,97,light_flex
1789707224.074608,93,light_flex
1789707224.0797079,94,light_flex
1789707224.084956,88,light_flex
1789707224.090257,86,light_flex
1789707224.095396,93,light_flex
1789707224.1285388,102,light_flex
1789707224.128627,131,light_flex
1789707224.128695,128,light_flex
1789707224.1289332,129,light_flex
1789707224.129,128,light_flex
1789707224.1290638,122,light_flex
1789707224.143104,113,light_flex
1789707224.1431942,103,light_flex
1789707224.14325,99,light_flex
1789707224.176158,114,light_flex
1789707224.1762629,125,light_flex
1789707224.176335,123,light_flex
1789707224.1764,120,light_flex
1789707224.1764622,125,light_flex
1789707224.176524,121,light_flex
1789707224.209847,115,light_flex
1789707224.20995,111,light_flex
1789707224.210019,122,light_flex
1789707224.210083,125,light_flex
1789707224.210151,122,light_flex
1789707224.2102132,123,light_flex
1789707224.243763,111,light_flex
1789707224.243903,110,light_flex
1789707224.243951,110,light_flex
1789707224.24399,111,light_flex
1789707224.2440279,111,light_flex
1789707224.244066,108,light_flex
1789707224.2441049,105,light_flex
1789707224.2540438,105,light_flex
1789707224.254123,97,light_flex
1789707224.259215,94,light_flex
1789707224.2643929,91,light_flex
1789707224.2697,91,light_flex
1789707224.274946,84,light_flex
1789707224.280086,83,light_flex
1789707224.2853172,93,light_flex
1789707224.290692,88,light_flex
1789707224.2957408,84,light_flex
1789707224.301163,77,light_flex
1789707224.306389,71,light_flex
1789707224.3114429,65,light_flex
1789707224.316889,61,light_flex
1789707224.322023,57,light_flex
1789707224.3272479,64,light_flex
1789707224.3324952,79,light_flex
1789707224.337832,83,light_flex
1789707224.342928,78,light_flex
1789707224.348127,81,light_flex
1789707224.353448,82,light_flex
1789707224.3587651,96,light_flex
1789707224.369232,100,light_flex
1789707224.369299,93,light_flex
1789707224.37445,91,light_flex
1789707224.3796859,87,light_flex
1789707224.384777,84,light_flex
1789707224.390107,92,light_flex
1789707224.4060621,101,light_flex
1789707224.40611,103,light_flex
1789707224.4061341,94,light_flex
1789707224.439198,113,light_flex
1789707224.439268,125,light_flex
1789707224.43931,152,light_flex
1789707224.4394848,139,light_flex
1789707224.439529,130,light_flex
1789707224.439743,119,light_flex
1789707224.453548,109,light_flex
1789707224.453609,105,light_flex
1789707224.4536378,99,light_flex
1789707224.458664,92,light_flex
1789707224.4916859,100,light_flex
1789707224.491752,108,light_flex
1789707224.49179,131,light_flex
1789707224.491828,146,light_flex
1789707224.491863,143,light_flex
1789707224.491898,138,light_flex
1789707224.525459,132,light_flex
1789707224.5255291,126,light_flex
1789707224.5255659,133,light_flex
1789707224.525601,124,light_flex
1789707224.525644,113,light_flex
1789707224.52568,108,light_flex
1789707224.5325592,101,light_flex
1789707224.5326579,93,light_flex
1789707224.538063,85,light_flex
1789707224.543183,79,light_flex
1789707224.54839,75,light_flex
1789707224.5534651,75,light_flex
1789707224.559233,97,light_flex
1789707224.5919821,104,light_flex
1789707224.5920799,105,light_flex
1789707224.592145,115,light_flex
1789707224.5922072,123,light_flex
1789707224.592268,125,light_flex
1789707224.5923278,119,light_flex
1789707224.6257632,114,light_flex
1789707224.6268811,105,light_flex
1789707224.626987,114,light_flex
1789707224.6270652,116,light_flex
1789707224.627136,111,light_flex
1789707224.627419,101,light_flex
1789707224.627466,93,light_flex
1789707224.632878,85,light_flex
1789707224.638172,97,light_flex
1789707224.671268,112,light_flex
1789707224.671377,119,light_flex
1789707224.671446,109,light_flex
1789707224.671509,110,light_flex
1789707224.671572,107,light_flex
1789707224.671655,104,light_flex
1789707224.6748521,95,light_flex
1789707224.680137,93,light_flex
1789707224.692193,100,light_flex
1789707224.692278,96,light_flex
1789707224.695772,98,light_flex
1789707224.7012968,99,light_flex
1789707224.706602,93,light_flex
1789707224.739468,105,light_flex
1789707224.739545,126,light_flex
1789707224.7395961,126,light_flex
1789707224.739645,120,light_flex
1789707224.739694,113,light_flex
1789707224.7397408,104,light_flex
1789707224.7432399,96,light_flex
1789707224.748464,93,light_flex
1789707224.7537549,93,light_flex
1789707224.758998,94,light_flex
1789707224.792043,101,light_flex
1789707224.792137,112,light_flex
1789707224.792202,120,light_flex
1789707224.792266,116,light_flex
1789707224.792329,117,light_flex
1789707224.7924008,112,light_flex
1789707224.825974,118,light_flex
1789707224.8260748,116,light_flex
1789707224.8261461,111,light_flex
1789707224.8262131,113,light_flex
1789707224.8266711,110,light_flex
1789707224.826942,107,light_flex
1789707224.833086,102,light_flex
1789707224.833202,98,light_flex
1789707224.838258,97,light_flex
1789707224.843359,90,light_flex
1789707224.848489,87,light_flex
1789707224.853772,86,light_flex
1789707224.859136,99,light_flex
1789707224.892214,105,light_flex
1789707224.892301,138,light_flex
1789707224.8923662,132,light_flex
1789707224.89243,124,light_flex
1789707224.892492,122,light_flex
1789707224.892552,119,light_flex
1789707224.9259992,119,light_flex
1789707224.926091,124,light_flex
1789707224.926157,115,light_flex
1789707224.92622,107,light_flex
1789707224.9262831,111,light_flex
1789707224.926344,105,light_flex
1789707224.959768,119,light_flex
1789707224.959892,138,light_flex
1789707224.959939,137,light_flex
1789707224.9602401,139,light_flex
1789707224.9608781,142,light_flex
1789707224.961279,144,light_flex
1789707224.961319,148,light_flex
1789707224.9935958,139,light_flex
1789707224.993691,129,light_flex
1789707224.9937558,124,light_flex
1789707224.993818,122,light_flex
1789707224.993879,124,light_flex
1789707224.993938,123,light_flex
1789707225.027307,120,light_flex
1789707225.0274088,130,light_flex
1789707225.0274749,137,light_flex
1789707225.0275378,136,light_flex
1789707225.027601,123,light_flex
1789707225.027673,124,light_flex
1789707225.027734,126,light_flex
1789707225.061183,122,light_flex
1789707225.061277,116,light_flex
1789707225.061342,112,light_flex
1789707225.061404,111,light_flex
1789707225.061467,106,light_flex
1789707225.061527,106,light_flex
1789707225.065058,97,light_flex
1789707225.070409,91,light_flex
1789707225.075711,84,light_flex
1789707225.080698,79,light_flex
1789707225.086012,72,light_flex
1789707225.0914009,66,light_flex
1789707225.0966778,67,light_flex
1789707225.1017878,87,light_flex
1789707225.123018,111,light_flex
1789707225.1231842,107,light_flex
1789707225.123286,102,light_flex
1789707225.123345,98,light_flex
1789707225.155808,102,light_flex
1789707225.155892,121,light_flex
1789707225.1559548,119,light_flex
1789707225.156016,123,light_flex
1789707225.156076,111,light_flex
1789707225.1561348,103,light_flex
1789707225.160156,99,light_flex
1789707225.165038,97,light_flex
1789707225.1705558,97,light_flex
1789707225.203422,116,light_flex
1789707225.2035148,124,light_flex
1789707225.203583,121,light_flex
1789707225.203648,117,light_flex
1789707225.203712,110,light_flex
1789707225.2037811,106,light_flex
1789707225.217779,104,light_flex
1789707225.217866,102,light_flex
1789707225.217921,97,light_flex
1789707225.2228951,99,light_flex
1789707225.228458,92,light_flex
1789707225.233672,86,light_flex
1789707225.2386,81,light_flex
1789707225.2439349,88,light_flex
1789707225.249399,86,light_flex
1789707225.254529,99,light_flex
1789707225.259635,94,light_flex
1789707225.264939,87,light_flex
1789707225.270299,83,light_flex
1789707225.275365,85,light_flex
1789707225.2805388,85,light_flex
1789707225.285853,89,light_flex
1789707225.292327,96,light_flex
1789707225.307194,101,light_flex
1789707225.307442,103,light_flex
1789707225.307542,92,light_flex
1789707225.3122208,84,light_flex
1789707225.317438,84,light_flex
1789707225.322568,78,light_flex
1789707225.32787,82,light_flex
1789707225.33322,91,light_flex
1789707225.3384,99,light_flex
1789707225.343582,99,light_flex
1789707225.348852,95,light_flex
1789707225.354188,92,light_flex
1789707225.3594618,89,light_flex
1789707225.364523,86,light_flex
1789707225.369911,83,light_flex
1789707225.37505,78,light_flex
1789707225.3803048,73,light_flex
1789707225.385487,69,light_flex
1789707225.3909051,68,light_flex
1789707225.396081,66,light_flex
1789707225.401452,63,light_flex
1789707225.406421,79,light_flex
1789707225.411733,91,light_flex
1789707225.4223979,100,light_flex
1789707225.422442,94,light_flex
1789707225.427521,87,light_flex
1789707225.432877,85,light_flex
1789707225.438116,86,light_flex
1789707225.443342,85,light_flex
1789707225.448411,78,light_flex
1789707225.453664,78,light_flex
1789707225.459042,77,light_flex
1789707225.464244,70,light_flex
1789707225.469507,73,light_flex
1789707225.474696,73,light_flex
1789707225.479979,69,light_flex
1789707225.485104,77,light_flex
1789707225.4904802,95,light_flex
1789707225.5235672,127,light_flex
1789707225.523768,119,light_flex
1789707225.523935,119,light_flex
1789707225.524171,112,light_flex
1789707225.5242481,106,light_flex
1789707225.5243142,117,light_flex
1789707225.5432472,126,light_flex
1789707225.543338,116,light_flex
1789707225.543529,105,light_flex
1789707225.543723,97,light_flex
1789707225.5486348,90,light_flex
1789707225.553733,92,light_flex
1789707225.5868669,103,light_flex
1789707225.5869749,116,light_flex
1789707225.5870452,137,light_flex
1789707225.587111,123,light_flex
1789707225.5871732,118,light_flex
1789707225.587234,112,light_flex
1789707225.6014981,108,light_flex
1789707225.601595,103,light_flex
1789707225.6016572,95,light_flex
1789707225.606417,93,light_flex
1789707225.6117601,88,light_flex
1789707225.616933,85,light_flex
1789707225.622009,93,light_flex
1789707225.655278,115,light_flex
1789707225.655379,110,light_flex
1789707225.655446,115,light_flex
1789707225.655509,117,light_flex
1789707225.65557,125,light_flex
1789707225.6556318,139,light_flex
1789707225.689013,133,light_flex
1789707225.68912,126,light_flex
1789707225.6891892,121,light_flex
1789707225.6892538,135,light_flex
1789707225.6893198,150,light_flex
1789707225.689385,154,light_flex
1789707225.722801,143,light_flex
1789707225.722933,141,light_flex
1789707225.723001,132,light_flex
1789707225.7230651,129,light_flex
1789707225.7231271,129,light_flex
1789707225.723188,133,light_flex
1789707225.7232609,126,light_flex
1789707225.758155,122,light_flex
1789707225.758272,129,light_flex
1789707225.7585611,127,light_flex
1789707225.7586648,124,light_flex
1789707225.7587368,118,light_flex
1789707225.758803,111,light_flex
1789707225.791327,108,light_flex
1789707225.791477,113,light_flex
1789707225.791553,110,light_flex
1789707225.791618,110,light_flex
1789707225.791683,100,light_flex
1789707225.791747,114,light_flex
1789707225.791828,128,light_flex
1789707225.8244,140,light_flex
1789707225.824491,155,light_flex
1789707225.824544,146,light_flex
1789707225.824585,142,light_flex
1789707225.824619,144,light_flex
1789707225.824652,141,light_flex
1789707225.8583171,154,light_flex
1789707225.85851,150,light_flex
1789707225.858575,143,light_flex
1789707225.8586292,142,light_flex
1789707225.858678,142,light_flex
1789707225.858727,138,light_flex
1789707225.892747,128,light_flex
1789707225.8935921,128,light_flex
1789707225.893657,119,light_flex
1789707225.893719,123,light_flex
1789707225.893769,117,light_flex
1789707225.893826,118,light_flex
1789707225.893866,106,light_flex
1789707225.896895,98,light_flex
1789707225.902289,95,light_flex
1789707225.9073238,99,light_flex
1789707225.9125051,95,light_flex
1789707225.917851,90,light_flex
1789707225.9235,89,light_flex
1789707225.928415,92,light_flex
1789707225.9335418,89,light_flex
1789707225.9389272,88,light_flex
1789707225.943891,91,light_flex
1789707225.977099,110,light_flex
1789707225.977163,104,light_flex
1789707225.977215,132,light_flex
1789707225.9772532,138,light_flex
1789707225.977289,137,light_flex
1789707225.977325,138,light_flex
1789707225.9968488,128,light_flex
1789707225.996934,117,light_flex
1789707225.996997,107,light_flex
1789707225.997049,99,light_flex
1789707226.0022452,97,light_flex
1789707226.0282528,100,light_flex
1789707226.0283022,106,light_flex
1789707226.028338,103,light_flex
1789707226.028416,103,light_flex
1789707226.028448,99,light_flex
1789707226.0614982,111,light_flex
1789707226.061596,135,light_flex
1789707226.061662,161,light_flex
1789707226.061725,152,light_flex
1789707226.061785,162,light_flex
1789707226.061845,162,light_flex
1789707226.095278,157,light_flex
1789707226.09538,149,light_flex
1789707226.095449,143,light_flex
1789707226.095514,139,light_flex
1789707226.0955782,133,light_flex
1789707226.0956411,141,light_flex
1789707226.1290188,150,light_flex
1789707226.12915,148,light_flex
1789707226.12922,162,light_flex
1789707226.1292832,163,light_flex
1789707226.129345,159,light_flex
1789707226.129406,153,light_flex
1789707226.129466,147,light_flex
1789707226.162828,135,light_flex
1789707226.162899,126,light_flex
1789707226.162935,125,light_flex
1789707226.162969,127,light_flex
1789707226.163003,125,light_flex
1789707226.163035,129,light_flex
1789707226.1966279,124,light_flex
1789707226.1967208,120,light_flex
1789707226.196767,131,light_flex
1789707226.196804,150,light_flex
1789707226.196842,164,light_flex
1789707226.1968782,155,light_flex
1789707226.196914,141,light_flex
1789707226.230853,129,light_flex
1789707226.230956,115,light_flex
1789707226.2309928,105,light_flex
1789707226.2310479,106,light_flex
1789707226.231083,109,light_flex
1789707226.2311418,102,light_flex
1789707226.234446,98,light_flex
1789707226.239552,91,light_flex
1789707226.272722,106,light_flex
1789707226.272822,129,light_flex
1789707226.272887,127,light_flex
1789707226.272949,131,light_flex
1789707226.2730088,132,light_flex
1789707226.2730691,131,light_flex
1789707226.306517,127,light_flex
1789707226.30673,116,light_flex
1789707226.3068101,111,light_flex
1789707226.306867,126,light_flex
1789707226.306932,140,light_flex
1789707226.306988,134,light_flex
1789707226.3403242,127,light_flex
1789707226.340519,123,light_flex
1789707226.3405929,133,light_flex
1789707226.340669,131,light_flex
1789707226.3407328,146,light_flex
1789707226.340797,139,light_flex
1789707226.340859,152,light_flex
1789707226.374142,160,light_flex
1789707226.3742359,147,light_flex
1789707226.3742988,141,light_flex
1789707226.374361,138,light_flex
1789707226.374422,133,light_flex
1789707226.374481,125,light_flex
1789707226.407985,123,light_flex
1789707226.408083,122,light_flex
1789707226.408148,140,light_flex
1789707226.408211,140,light_flex
1789707226.408273,136,light_flex
1789707226.408334,124,light_flex
1789707226.408394,119,light_flex
1789707226.4253068,108,light_flex
1789707226.425472,103,light_flex
1789707226.425549,98,light_flex
1789707226.4578428,107,light_flex
1789707226.457949,107,light_flex
1789707226.4580212,121,light_flex
1789707226.458102,114,light_flex
1789707226.458168,107,light_flex
1789707226.458231,102,light_flex
1789707226.466835,100,light_flex
1789707226.46692,94,light_flex
1789707226.4719858,89,light_flex
1789707226.477151,97,light_flex
1789707226.493078,112,light_flex
1789707226.493163,105,light_flex
1789707226.493218,97,light_flex
1789707226.498081,89,light_flex
1789707226.5045602,83,light_flex
1789707226.508779,77,light_flex
1789707226.513762,87,light_flex
1789707226.519087,88,light_flex
1789707226.525192,86,light_flex
1789707226.529609,82,light_flex
1789707226.534987,83,light_flex
1789707226.5400362,95,light_flex
1789707226.545294,98,light_flex
1789707226.5505888,90,light_flex
1789707226.55566,93,light_flex
1789707226.588942,117,light_flex
1789707226.589035,140,light_flex
1789707226.589084,144,light_flex
1789707226.589128,133,light_flex
1789707226.589171,124,light_flex
1789707226.589213,116,light_flex
1789707226.622897,107,light_flex
1789707226.6231701,103,light_flex
1789707226.623939,100,light_flex
1789707226.6240268,103,light_flex
1789707226.624305,104,light_flex
1789707226.62439,103,light_flex
1789707226.624456,97,light_flex
1789707226.650899,104,light_flex
1789707226.651029,104,light_flex
1789707226.651175,111,light_flex
1789707226.651245,102,light_flex
1789707226.651297,99,light_flex
1789707226.683913,110,light_flex
1789707226.684182,116,light_flex
1789707226.684248,114,light_flex
1789707226.684309,109,light_flex
1789707226.6843688,111,light_flex
1789707226.6844301,113,light_flex
1789707226.698694,105,light_flex
1789707226.698804,101,light_flex
1789707226.6988668,96,light_flex
1789707226.703789,97,light_flex
1789707226.708708,94,light_flex
1789707226.713954,99,light_flex
1789707226.7406368,102,light_flex
1789707226.740737,110,light_flex
1789707226.7408059,109,light_flex
1789707226.740872,101,light_flex
1789707226.740926,97,light_flex
1789707226.745791,92,light_flex
1789707226.7508988,84,light_flex
1789707226.756238,80,light_flex
1789707226.761524,77,light_flex
1789707226.7666292,79,light_flex
1789707226.7717981,77,light_flex
1789707226.777086,80,light_flex
1789707226.7824588,80,light_flex
1789707226.787497,88,light_flex
1789707226.82069,119,light_flex
1789707226.8207831,138,light_flex
1789707226.8208508,143,light_flex
1789707226.820916,135,light_flex
1789707226.82098,124,light_flex
1789707226.821043,114,light_flex
1789707226.829747,107,light_flex
1789707226.829793,97,light_flex
1789707226.83536,89,light_flex
1789707226.840272,83,light_flex
1789707226.845495,84,light_flex
1789707226.85068,83,light_flex
1789707226.856051,76,light_flex
1789707226.861238,86,light_flex
1789707226.894337,100,light_flex
1789707226.89441,108,light_flex
1789707226.894455,110,light_flex
1789707226.894499,100,light_flex
1789707226.89454,109,light_flex
1789707226.8945768,113,light_flex
1789707226.927861,126,light_flex
1789707226.927943,122,light_flex
1789707226.9280052,119,light_flex
1789707226.928066,121,light_flex
1789707226.9281259,126,light_flex
1789707226.928185,115,light_flex
1789707226.945458,105,light_flex
1789707226.945548,103,light_flex
1789707226.94561,110,light_flex
1789707226.945659,99,light_flex
1789707226.9667258,112,light_flex
1789707226.9668071,109,light_flex
1789707226.9668689,104,light_flex
1789707226.966919,96,light_flex
1789707226.9997902,110,light_flex
1789707226.999841,129,light_flex
1789707226.999876,143,light_flex
1789707226.9999099,135,light_flex
1789707226.999941,122,light_flex
1789707226.9999738,113,light_flex
1789707227.01964,107,light_flex
1789707227.019722,108,light_flex
1789707227.019785,100,light_flex
1789707227.019836,92,light_flex
1789707227.024617,88,light_flex
1789707227.029966,86,light_flex
1789707227.03543,80,light_flex
1789707227.040492,75,light_flex
1789707227.0456681,82,light_flex
1789707227.0510862,90,light_flex
1789707227.056174,94,light_flex
1789707227.061437,90,light_flex
1789707227.066795,91,light_flex
1789707227.0774558,104,light_flex
1789707227.0775292,98,light_flex
1789707227.0826418,90,light_flex
1789707227.0876539,84,light_flex
1789707227.093157,79,light_flex
1789707227.098211,83,light_flex
1789707227.103626,81,light_flex
1789707227.1086452,87,light_flex
1789707227.1139321,92,light_flex
1789707227.119182,92,light_flex
1789707227.124514,93,light_flex
1789707227.129617,95,light_flex
1789707227.1350641,96,light_flex
1789707227.1402812,88,light_flex
1789707227.1454248,82,light_flex
1789707227.150584,98,light_flex
1789707227.183671,103,light_flex
1789707227.1837618,115,light_flex
1789707227.183829,106,light_flex
1789707227.183891,107,light_flex
1789707227.1839519,103,light_flex
1789707227.1840131,100,light_flex
1789707227.187628,96,light_flex
1789707227.192787,91,light_flex
1789707227.1980858,84,light_flex
1789707227.203459,79,light_flex
1789707227.208811,76,light_flex
1789707227.213686,78,light_flex
1789707227.2189949,89,light_flex
1789707227.2244139,83,light_flex
1789707227.229404,79,light_flex
1789707227.234858,82,light_flex
1789707227.2400498,94,light_flex
1789707227.273193,116,light_flex
1789707234.581803,9,hard_flex
1789707234.5818229,29,hard_flex
1789707234.581832,28,hard_flex
1789707234.581841,28,hard_flex
1789707234.58185,26,hard_flex
1789707234.5818582,26,hard_flex
1789707234.581866,28,hard_flex
1789707234.581874,27,hard_flex
1789707234.581883,28,hard_flex
1789707234.581891,27,hard_flex
1789707234.581899,27,hard_flex
1789707234.581907,27,hard_flex
1789707234.581915,27,hard_flex
1789707234.581923,27,hard_flex
1789707234.581931,29,hard_flex
1789707234.581939,29,hard_flex
1789707234.5819478,28,hard_flex
1789707234.5819561,27,hard_flex
1789707234.581964,27,hard_flex
1789707234.581972,30,hard_flex
1789707234.58198,31,hard_flex
1789707234.581988,29,hard_flex
1789707234.581996,33,hard_flex
1789707234.582005,39,hard_flex
1789707234.582013,39,hard_flex
1789707234.5820212,41,hard_flex
1789707234.582029,42,hard_flex
1789707234.582037,39,hard_flex
1789707234.5820448,38,hard_flex
1789707234.5820532,38,hard_flex
1789707234.582061,39,hard_flex
1789707234.582069,40,hard_flex
1789707234.582081,40,hard_flex
1789707234.582092,46,hard_flex
1789707234.582102,51,hard_flex
1789707234.58211,49,hard_flex
1789707234.582117,48,hard_flex
1789707234.582125,47,hard_flex
1789707234.582133,45,hard_flex
1789707234.58214,42,hard_flex
1789707234.582148,46,hard_flex
1789707234.582156,44,hard_flex
1789707234.5821629,40,hard_flex
1789707234.582171,43,hard_flex
1789707234.582178,45,hard_flex
1789707234.582186,49,hard_flex
1789707234.582193,44,hard_flex
1789707234.582201,43,hard_flex
1789707234.582208,46,hard_flex
1789707234.582216,42,hard_flex
1789707234.5822232,46,hard_flex
1789707234.582231,47,hard_flex
1789707234.582238,46,hard_flex
1789707234.5822458,44,hard_flex
1789707234.582253,43,hard_flex
1789707234.582261,42,hard_flex
1789707234.582268,41,hard_flex
1789707234.582276,39,hard_flex
1789707234.582283,36,hard_flex
1789707234.582291,40,hard_flex
1789707234.582298,41,hard_flex
1789707234.5823061,41,hard_flex
1789707234.582313,39,hard_flex
1789707234.582321,37,hard_flex
1789707234.582328,35,hard_flex
1789707234.582336,34,hard_flex
1789707234.582346,34,hard_flex
1789707234.5823538,33,hard_flex
1789707234.5823638,32,hard_flex
1789707234.5823722,31,hard_flex
1789707234.582379,29,hard_flex
1789707234.582386,28,hard_flex
1789707234.5823941,29,hard_flex
1789707234.582402,29,hard_flex
1789707234.582409,30,hard_flex
1789707234.582417,29,hard_flex
1789707234.5824242,28,hard_flex
1789707234.582433,27,hard_flex
1789707234.5824409,28,hard_flex
1789707234.5824482,28,hard_flex
1789707234.582456,27,hard_flex
1789707234.582463,27,hard_flex
1789707234.582471,25,hard_flex
1789707234.582478,25,hard_flex
1789707234.582486,25,hard_flex
1789707234.5824928,25,hard_flex
1789707234.5825012,25,hard_flex
1789707234.582508,24,hard_flex
1789707234.582516,23,hard_flex
1789707234.5825229,25,hard_flex
1789707234.582531,28,hard_flex
1789707234.582538,28,hard_flex
1789707234.582546,29,hard_flex
1789707234.582554,29,hard_flex
1789707234.582561,28,hard_flex
1789707234.582569,29,hard_flex
1789707234.582576,31,hard_flex
1789707234.5825841,31,hard_flex
1789707234.582591,29,hard_flex
1789707234.582599,29,hard_flex
1789707234.582608,30,hard_flex
1789707234.582616,31,hard_flex
1789707234.5826292,35,hard_flex
1789707234.582637,34,hard_flex
1789707234.582645,36,hard_flex
1789707234.5826519,35,hard_flex
1789707234.5826602,46,hard_flex
1789707234.582667,34,hard_flex
1789707234.582675,30,hard_flex
1789707234.5826821,32,hard_flex
1789707234.58269,31,hard_flex
1789707234.582697,28,hard_flex
1789707234.5827048,27,hard_flex
1789707234.5827122,26,hard_flex
1789707234.58272,26,hard_flex
1789707234.582727,27,hard_flex
1789707234.582735,26,hard_flex
1789707234.582742,26,hard_flex
1789707234.5827498,25,hard_flex
1789707234.5827572,25,hard_flex
1789707234.582765,25,hard_flex
1789707234.582772,26,hard_flex
1789707234.58278,26,hard_flex
1789707234.582787,25,hard_flex
1789707234.582795,26,hard_flex
1789707234.5828018,25,hard_flex
1789707234.5828102,27,hard_flex
1789707234.582817,27,hard_flex
1789707234.582825,30,hard_flex
1789707234.5828328,28,hard_flex
1789707234.58284,28,hard_flex
1789707234.582848,27,hard_flex
1789707234.582855,27,hard_flex
1789707234.582863,28,hard_flex
1789707234.58287,27,hard_flex
1789707234.58288,26,hard_flex
1789707234.582887,25,hard_flex
1789707234.582898,25,hard_flex
1789707234.582905,26,hard_flex
1789707234.582913,29,hard_flex
1789707234.5829198,27,hard_flex
1789707234.582928,27,hard_flex
1789707234.582936,27,hard_flex
1789707234.582943,25,hard_flex
1789707234.5829508,26,hard_flex
1789707234.582958,26,hard_flex
1789707234.582966,26,hard_flex
1789707234.582973,26,hard_flex
1789707234.582981,25,hard_flex
1789707234.582989,25,hard_flex
1789707234.582996,25,hard_flex
1789707234.583004,29,hard_flex
1789707234.5830112,30,hard_flex
1789707234.583019,30,hard_flex
1789707234.583026,29,hard_flex
1789707234.583034,28,hard_flex
1789707234.583041,28,hard_flex
1789707234.583049,28,hard_flex
1789707234.583056,28,hard_flex
1789707234.583064,28,hard_flex
1789707234.583071,27,hard_flex
1789707234.583078,27,hard_flex
1789707234.583086,28,hard_flex
1789707234.583093,28,hard_flex
1789707234.583101,32,hard_flex
1789707234.5831091,37,hard_flex
1789707234.583116,36,hard_flex
1789707234.583124,35,hard_flex
1789707234.5831308,35,hard_flex
1789707234.583141,34,hard_flex
1789707234.583152,33,hard_flex
1789707234.5831602,31,hard_flex
1789707234.583167,31,hard_flex
1789707234.583175,31,hard_flex
1789707234.583182,34,hard_flex
1789707234.58319,37,hard_flex
1789707234.5831969,38,hard_flex
1789707234.5832052,36,hard_flex
1789707234.5832121,35,hard_flex
1789707234.58322,34,hard_flex
1789707234.583227,34,hard_flex
1789707234.583235,34,hard_flex
1789707234.583242,34,hard_flex
1789707234.5832498,32,hard_flex
1789707234.5832572,32,hard_flex
1789707234.583265,30,hard_flex
1789707234.583272,29,hard_flex
1789707234.58328,30,hard_flex
1789707234.583287,33,hard_flex
1789707234.583294,33,hard_flex
1789707234.5833018,32,hard_flex
1789707234.5833092,31,hard_flex
1789707234.583317,30,hard_flex
1789707234.583325,30,hard_flex
1789707234.583332,28,hard_flex
1789707234.583339,27,hard_flex
1789707234.5833468,28,hard_flex
1789707234.583354,27,hard_flex
1789707234.583362,27,hard_flex
1789707234.583369,28,hard_flex
1789707234.583377,30,hard_flex
1789707234.583385,29,hard_flex
1789707234.583395,28,hard_flex
1789707234.583402,28,hard_flex
1789707234.583415,27,hard_flex
1789707234.583422,27,hard_flex
1789707234.5834298,29,hard_flex
1789707234.583437,35,hard_flex
1789707234.583445,36,hard_flex
1789707234.583452,37,hard_flex
1789707234.58346,36,hard_flex
1789707234.583467,36,hard_flex
1789707234.5834749,36,hard_flex
1789707234.583482,34,hard_flex
1789707234.5834901,35,hard_flex
1789707234.583497,35,hard_flex
1789707234.583504,34,hard_flex
1789707234.583512,34,hard_flex
1789707234.583519,32,hard_flex
1789707234.5835268,31,hard_flex
1789707234.583534,32,hard_flex
1789707234.583542,31,hard_flex
1789707234.583549,32,hard_flex
1789707234.5835571,32,hard_flex
1789707234.583564,32,hard_flex
1789707234.583572,30,hard_flex
1789707234.5835788,29,hard_flex
1789707234.5835872,28,hard_flex
1789707234.583594,28,hard_flex
1789707234.583602,28,hard_flex
1789707234.583609,27,hard_flex
1789707234.583616,29,hard_flex
1789707234.583624,28,hard_flex
1789707234.5836318,29,hard_flex
1789707234.58364,31,hard_flex
1789707234.583647,30,hard_flex
1789707234.583657,31,hard_flex
1789707234.583665,33,hard_flex
1789707234.5836742,33,hard_flex
1789707234.583681,37,hard_flex
1789707234.583689,35,hard_flex
1789707234.583696,33,hard_flex
1789707234.583704,34,hard_flex
1789707234.583711,33,hard_flex
1789707234.583719,30,hard_flex
1789707234.5837262,32,hard_flex
1789707234.583734,34,hard_flex
1789707234.583741,34,hard_flex
1789707234.583749,34,hard_flex
1789707234.583756,34,hard_flex
1789707234.583763,40,hard_flex
1789707234.583771,71,hard_flex
1789707234.583779,57,hard_flex
1789707234.583786,41,hard_flex
1789707234.5837939,39,hard_flex
1789707234.583837,37,hard_flex
1789707234.5838451,35,hard_flex
1789707234.583852,37,hard_flex
1789707234.58386,30,hard_flex
1789707234.5838668,33,hard_flex
1789707234.5838752,36,hard_flex
1789707234.583882,32,hard_flex
1789707234.58389,30,hard_flex
1789707234.583897,27,hard_flex
1789707234.583905,29,hard_flex
1789707234.583912,28,hard_flex
1789707234.5839202,27,hard_flex
1789707234.5839272,27,hard_flex
1789707234.583935,26,hard_flex
1789707234.583942,28,hard_flex
1789707234.583956,28,hard_flex
1789707234.5839639,28,hard_flex
1789707234.583974,27,hard_flex
1789707234.583981,28,hard_flex
1789707234.583988,30,hard_flex
1789707234.5839958,29,hard_flex
1789707234.584003,35,hard_flex
1789707234.584011,37,hard_flex
1789707234.584018,36,hard_flex
1789707234.584026,34,hard_flex
1789707234.584033,33,hard_flex
1789707234.58404,37,hard_flex
1789707234.584048,36,hard_flex
1789707234.584055,36,hard_flex
1789707234.584063,36,hard_flex
1789707234.58407,34,hard_flex
1789707234.584078,37,hard_flex
1789707234.584085,38,hard_flex
1789707234.5840929,36,hard_flex
1789707234.5841,37,hard_flex
1789707234.584107,37,hard_flex
1789707234.584115,35,hard_flex
1789707234.5841222,35,hard_flex
1789707234.58413,41,hard_flex
1789707234.584138,40,hard_flex
1789707234.584147,39,hard_flex
1789707234.5841541,40,hard_flex
1789707234.584162,38,hard_flex
1789707234.584169,35,hard_flex
1789707234.584176,34,hard_flex
1789707234.5841842,32,hard_flex
1789707234.584192,32,hard_flex
1789707234.584199,32,hard_flex
1789707234.584207,31,hard_flex
1789707234.584221,29,hard_flex
1789707234.584231,29,hard_flex
1789707234.584239,28,hard_flex
1789707234.584246,29,hard_flex
1789707234.584254,29,hard_flex
1789707234.5842612,28,hard_flex
1789707234.584269,27,hard_flex
1789707234.584276,26,hard_flex
1789707234.5842838,27,hard_flex
1789707234.584291,28,hard_flex
1789707234.584299,29,hard_flex
1789707234.584306,30,hard_flex
1789707234.584314,28,hard_flex
1789707234.584321,27,hard_flex
1789707234.584328,27,hard_flex
1789707234.5843358,28,hard_flex
1789707234.5843441,31,hard_flex
1789707234.584351,36,hard_flex
1789707234.584359,35,hard_flex
1789707234.584366,35,hard_flex
1789707234.584373,33,hard_flex
1789707234.5843809,33,hard_flex
1789707234.584388,32,hard_flex
1789707234.5843961,31,hard_flex
1789707234.584403,29,hard_flex
1789707234.584411,29,hard_flex
1789707234.584418,28,hard_flex
1789707234.584426,28,hard_flex
1789707234.5844328,32,hard_flex
1789707234.5844412,34,hard_flex
1789707234.584448,41,hard_flex
1789707234.584456,41,hard_flex
1789707234.5844631,39,hard_flex
1789707234.584477,38,hard_flex
1789707234.584484,37,hard_flex
1789707234.584492,35,hard_flex
1789707234.584502,33,hard_flex
1789707234.5845098,32,hard_flex
1789707234.584517,31,hard_flex
1789707234.584525,31,hard_flex
1789707234.584532,31,hard_flex
1789707234.58454,30,hard_flex
1789707234.584547,29,hard_flex
1789707234.584555,27,hard_flex
1789707234.5845618,26,hard_flex
1789707234.5845702,26,hard_flex
1789707234.584577,27,hard_flex
1789707234.584585,27,hard_flex
1789707234.5845919,27,hard_flex
1789707234.5846,27,hard_flex
1789707234.584607,26,hard_flex
1789707234.584615,26,hard_flex
1789707234.5846221,26,hard_flex
1789707234.58463,26,hard_flex
1789707234.584637,26,hard_flex
1789707234.584645,27,hard_flex
1789707234.584652,31,hard_flex
1789707234.58466,31,hard_flex
1789707234.584667,30,hard_flex
1789707234.584675,30,hard_flex
1789707234.584682,30,hard_flex
1789707234.5846899,28,hard_flex
1789707234.584697,28,hard_flex
1789707234.584705,27,hard_flex
1789707234.584712,28,hard_flex
1789707234.5847192,27,hard_flex
1789707234.584727,26,hard_flex
1789707234.584734,25,hard_flex
1789707234.584748,25,hard_flex
1789707234.584756,25,hard_flex
1789707234.584765,26,hard_flex
1789707234.584773,25,hard_flex
1789707234.58478,24,hard_flex
1789707234.584787,27,hard_flex
1789707234.584795,32,hard_flex
1789707234.5848022,34,hard_flex
1789707234.58481,35,hard_flex
1789707234.584817,34,hard_flex
1789707234.584825,33,hard_flex
1789707234.584833,32,hard_flex
1789707234.5848398,30,hard_flex
1789707234.584848,31,hard_flex
1789707234.584855,30,hard_flex
1789707234.584863,31,hard_flex
1789707234.5848699,28,hard_flex
1789707234.584878,28,hard_flex
1789707234.584885,27,hard_flex
1789707234.584893,28,hard_flex
1789707234.5849001,28,hard_flex
1789707234.584908,28,hard_flex
1789707234.584915,29,hard_flex
1789707234.584922,48,hard_flex
1789707234.58493,33,hard_flex
1789707234.5849369,36,hard_flex
1789707234.584945,56,hard_flex
1789707234.584952,37,hard_flex
1789707234.58496,47,hard_flex
1789707234.584967,41,hard_flex
1789707234.584975,48,hard_flex
1789707234.584982,58,hard_flex
1789707234.58499,56,hard_flex
1789707234.5849972,44,hard_flex
1789707234.585011,62,hard_flex
1789707234.5850189,37,hard_flex
1789707234.5850282,36,hard_flex
1789707234.585036,36,hard_flex
1789707234.585043,38,hard_flex
1789707234.5850508,46,hard_flex
1789707234.585058,35,hard_flex
1789707234.585066,35,hard_flex
1789707234.585073,40,hard_flex
1789707234.5850801,44,hard_flex
1789707234.585088,40,hard_flex
1789707234.585096,38,hard_flex
1789707234.585103,36,hard_flex
1789707234.5851111,35,hard_flex
1789707234.585118,35,hard_flex
1789707234.585126,35,hard_flex
1789707234.585133,37,hard_flex
1789707234.58514,36,hard_flex
1789707234.5851479,34,hard_flex
1789707234.585155,32,hard_flex
1789707234.585163,31,hard_flex
1789707234.585171,30,hard_flex
1789707234.5851781,30,hard_flex
1789707234.585185,30,hard_flex
1789707234.585193,29,hard_flex
1789707234.5852,28,hard_flex
1789707234.5852082,26,hard_flex
1789707234.585215,29,hard_flex
1789707234.585223,35,hard_flex
1789707234.58523,36,hard_flex
1789707234.585238,34,hard_flex
1789707234.585245,33,hard_flex
1789707234.585252,32,hard_flex
1789707234.58526,31,hard_flex
1789707234.5852742,31,hard_flex
1789707234.585282,30,hard_flex
1789707234.585291,31,hard_flex
1789707234.5852978,31,hard_flex
1789707234.5853062,32,hard_flex
1789707234.585313,35,hard_flex
1789707234.585321,34,hard_flex
1789707234.585328,34,hard_flex
1789707234.585336,33,hard_flex
1789707234.585343,32,hard_flex
1789707234.585351,31,hard_flex
1789707234.5853581,30,hard_flex
1789707234.585366,30,hard_flex
1789707234.585373,31,hard_flex
1789707234.58538,32,hard_flex
1789707234.585388,35,hard_flex
1789707234.5853949,36,hard_flex
1789707234.585403,37,hard_flex
1789707234.58541,44,hard_flex
1789707234.585418,43,hard_flex
1789707234.585425,41,hard_flex
1789707234.585433,40,hard_flex
1789707234.58544,38,hard_flex
1789707234.585448,36,hard_flex
1789707234.5854552,36,hard_flex
1789707234.585463,34,hard_flex
1789707234.58547,33,hard_flex
1789707234.585477,31,hard_flex
1789707234.585485,29,hard_flex
1789707234.585492,29,hard_flex
1789707234.5855,28,hard_flex
1789707234.5855072,29,hard_flex
1789707234.585515,28,hard_flex
1789707234.585522,28,hard_flex
1789707234.585536,27,hard_flex
1789707234.5855439,27,hard_flex
1789707234.585553,27,hard_flex
1789707234.58556,27,hard_flex
1789707234.585567,26,hard_flex
1789707234.5855749,26,hard_flex
1789707234.585582,27,hard_flex
1789707234.5855901,30,hard_flex
1789707234.585597,31,hard_flex
1789707234.5856051,32,hard_flex
1789707234.585612,30,hard_flex
1789707234.58562,30,hard_flex
1789707234.5856268,30,hard_flex
1789707234.5856352,30,hard_flex
1789707234.585642,31,hard_flex
1789707234.58565,32,hard_flex
1789707234.5856571,37,hard_flex
1789707234.585665,37,hard_flex
1789707234.585672,35,hard_flex
1789707234.5856798,34,hard_flex
1789707234.585687,34,hard_flex
1789707234.5856938,34,hard_flex
1789707234.585702,33,hard_flex
1789707234.585709,31,hard_flex
1789707234.585717,30,hard_flex
1789707234.5857239,29,hard_flex
1789707234.585732,29,hard_flex
1789707234.585739,29,hard_flex
1789707234.585747,35,hard_flex
1789707234.5857542,34,hard_flex
1789707234.585761,33,hard_flex
1789707234.585769,32,hard_flex
1789707234.585776,34,hard_flex
1789707234.585786,175,hard_flex
1789707234.585802,329,hard_flex
1789707234.585813,440,hard_flex
1789707234.58583,536,hard_flex
1789707234.585839,601,hard_flex
1789707234.585848,659,hard_flex
1789707234.585858,712,hard_flex
1789707234.585866,750,hard_flex
1789707234.585876,783,hard_flex
1789707234.5858848,840,hard_flex
1789707234.5858939,879,hard_flex
1789707234.5859032,900,hard_flex
1789707234.585912,915,hard_flex
1789707234.585921,915,hard_flex
1789707234.5859299,908,hard_flex
1789707234.585939,905,hard_flex
1789707234.585948,885,hard_flex
1789707234.585957,875,hard_flex
1789707234.585966,873,hard_flex
1789707234.585975,867,hard_flex
1789707234.585984,864,hard_flex
1789707234.585993,866,hard_flex
1789707234.5860019,861,hard_flex
1789707234.586011,860,hard_flex
1789707234.58602,866,hard_flex
1789707234.58603,860,hard_flex
1789707234.586039,860,hard_flex
1789707234.586048,863,hard_flex
1789707234.5860631,858,hard_flex
1789707234.586076,859,hard_flex
1789707234.586085,867,hard_flex
1789707234.5860941,859,hard_flex
1789707234.586103,861,hard_flex
1789707234.586112,871,hard_flex
1789707234.5861208,860,hard_flex
1789707234.58613,861,hard_flex
1789707234.586139,868,hard_flex
1789707234.586148,860,hard_flex
1789707234.586158,862,hard_flex
1789707234.586167,869,hard_flex
1789707234.586176,859,hard_flex
1789707234.586185,864,hard_flex
1789707234.586194,873,hard_flex
1789707234.5862029,861,hard_flex
1789707234.5862122,863,hard_flex
1789707234.586221,871,hard_flex
1789707234.58623,862,hard_flex
1789707234.5862389,864,hard_flex
1789707234.586248,875,hard_flex
1789707234.586257,863,hard_flex
1789707234.586266,865,hard_flex
1789707234.586276,870,hard_flex
1789707234.586285,862,hard_flex
1789707234.586294,866,hard_flex
1789707234.586303,873,hard_flex
1789707234.586314,865,hard_flex
1789707234.586324,866,hard_flex
1789707234.586334,874,hard_flex
1789707234.5863428,865,hard_flex
1789707234.586352,867,hard_flex
1789707234.5863612,873,hard_flex
1789707234.58637,869,hard_flex
1789707234.58638,868,hard_flex
1789707234.586389,876,hard_flex
1789707234.586398,867,hard_flex
1789707234.586407,869,hard_flex
1789707234.5864162,875,hard_flex
1789707234.586425,870,hard_flex
1789707234.5864341,869,hard_flex
1789707234.586443,874,hard_flex
1789707234.586452,871,hard_flex
1789707234.5864608,870,hard_flex
1789707234.58647,880,hard_flex
1789707234.5864792,870,hard_flex
1789707234.586488,873,hard_flex
1789707234.586497,877,hard_flex
1789707234.586506,874,hard_flex
1789707234.586516,873,hard_flex
1789707234.586525,885,hard_flex
1789707234.5865338,873,hard_flex
1789707234.586543,874,hard_flex
1789707234.5865548,876,hard_flex
1789707234.586567,874,hard_flex
1789707234.586577,864,hard_flex
1789707234.586587,877,hard_flex
1789707234.586596,871,hard_flex
1789707234.586605,872,hard_flex
1789707234.5866141,874,hard_flex
1789707234.586623,876,hard_flex
1789707234.586632,864,hard_flex
1789707234.5866408,875,hard_flex
1789707234.5866501,873,hard_flex
1789707234.586659,281,hard_flex
1789707234.586668,377,hard_flex
1789707234.586677,406,hard_flex
1789707234.586686,387,hard_flex
1789707234.586695,355,hard_flex
1789707234.5867038,319,hard_flex
1789707234.586714,285,hard_flex
1789707234.586723,256,hard_flex
1789707234.586733,231,hard_flex
1789707234.586743,208,hard_flex
1789707234.586752,188,hard_flex
1789707234.586761,171,hard_flex
1789707234.5867698,155,hard_flex
1789707234.5867798,140,hard_flex
1789707234.5867891,126,hard_flex
1789707234.5867991,115,hard_flex
1789707234.586808,109,hard_flex
1789707234.586823,107,hard_flex
1789707234.586831,98,hard_flex
1789707234.5868402,90,hard_flex
1789707234.586848,83,hard_flex
1789707234.586855,76,hard_flex
1789707234.586863,74,hard_flex
1789707234.58687,74,hard_flex
1789707234.5868769,68,hard_flex
1789707234.5868852,65,hard_flex
1789707234.586893,64,hard_flex
1789707234.5869,67,hard_flex
1789707234.5869079,63,hard_flex
1789707234.586915,58,hard_flex
1789707234.586922,55,hard_flex
1789707234.58693,51,hard_flex
1789707234.5869372,47,hard_flex
1789707234.586945,44,hard_flex
1789707234.586952,43,hard_flex
1789707234.5869598,41,hard_flex
1789707234.586967,38,hard_flex
1789707234.5869749,36,hard_flex
1789707234.5869818,35,hard_flex
1789707234.58699,34,hard_flex
1789707234.586997,33,hard_flex
1789707234.587005,32,hard_flex
1789707234.587012,31,hard_flex
1789707234.58702,29,hard_flex
1789707234.5870268,31,hard_flex
1789707234.587035,30,hard_flex
1789707234.587042,29,hard_flex
1789707234.58705,28,hard_flex
1789707234.5870569,27,hard_flex
1789707234.587064,25,hard_flex
1789707234.587072,26,hard_flex
1789707234.587086,26,hard_flex
1789707234.5870929,28,hard_flex
1789707234.587103,30,hard_flex
1789707234.587111,29,hard_flex
1789707234.5871181,35,hard_flex
1789707234.587126,33,hard_flex
1789707234.587133,33,hard_flex
1789707234.587141,33,hard_flex
1789707234.587148,33,hard_flex
1789707234.587156,32,hard_flex
1789707234.587163,31,hard_flex
1789707234.587171,29,hard_flex
1789707234.587178,29,hard_flex
1789707234.5871859,29,hard_flex
1789707234.587193,29,hard_flex
1789707234.5872,29,hard_flex
1789707234.587208,27,hard_flex
1789707234.5872152,27,hard_flex
1789707234.587223,31,hard_flex
1789707234.58723,36,hard_flex
1789707234.5872378,46,hard_flex
1789707234.587251,45,hard_flex
1789707234.5872588,42,hard_flex
1789707234.587266,41,hard_flex
1789707234.587274,38,hard_flex
1789707234.587281,38,hard_flex
1789707234.587289,38,hard_flex
1789707234.587296,37,hard_flex
1789707234.5873039,38,hard_flex
1789707234.587311,40,hard_flex
1789707234.5873191,39,hard_flex
1789707234.587327,38,hard_flex
1789707234.587334,37,hard_flex
1789707234.587342,36,hard_flex
1789707234.587352,34,hard_flex
1789707234.587359,33,hard_flex
1789707234.587372,32,hard_flex
1789707234.587379,32,hard_flex
1789707234.5873868,32,hard_flex
1789707234.587394,31,hard_flex
1789707234.5874019,29,hard_flex
1789707234.58741,29,hard_flex
1789707234.587418,30,hard_flex
1789707234.587425,33,hard_flex
1789707234.5874329,37,hard_flex
1789707234.587441,36,hard_flex
1789707234.5874481,35,hard_flex
1789707234.587456,35,hard_flex
1789707234.5874639,34,hard_flex
1789707234.587471,32,hard_flex
1789707234.587479,32,hard_flex
1789707234.587486,31,hard_flex
1789707234.587494,32,hard_flex
1789707234.587502,31,hard_flex
1789707234.587509,30,hard_flex
1789707234.587517,33,hard_flex
1789707234.5875242,36,hard_flex
1789707234.587532,38,hard_flex
1789707234.587539,44,hard_flex
1789707234.5875468,42,hard_flex
1789707234.587554,39,hard_flex
1789707234.587562,39,hard_flex
1789707234.587569,38,hard_flex
1789707234.587577,37,hard_flex
1789707234.587584,35,hard_flex
1789707234.587592,34,hard_flex
1789707234.587599,33,hard_flex
1789707234.5876071,32,hard_flex
1789707234.587616,32,hard_flex
1789707234.5876238,31,hard_flex
1789707234.587635,30,hard_flex
1789707234.587643,31,hard_flex
1789707234.58765,35,hard_flex
1789707234.587657,56,hard_flex
1789707234.587667,216,hard_flex
1789707234.5876758,364,hard_flex
1789707234.587685,466,hard_flex
1789707234.5876942,550,hard_flex
1789707234.587703,617,hard_flex
1789707234.587712,671,hard_flex
1789707234.5877209,715,hard_flex
1789707234.58773,759,hard_flex
1789707234.587739,805,hard_flex
1789707234.587748,834,hard_flex
1789707234.587757,874,hard_flex
1789707234.587766,883,hard_flex
1789707234.587775,891,hard_flex
1789707234.587785,898,hard_flex
1789707234.5877938,889,hard_flex
1789707234.587803,889,hard_flex
1789707234.5878122,886,hard_flex
1789707234.587821,896,hard_flex
1789707234.58783,221,hard_flex
1789707234.587839,298,hard_flex
1789707234.587848,318,hard_flex
1789707234.587857,304,hard_flex
1789707234.587873,281,hard_flex
1789707234.587882,251,hard_flex
1789707234.587894,228,hard_flex
1789707234.587903,204,hard_flex
1789707234.5879118,183,hard_flex
1789707234.5879219,168,hard_flex
1789707234.5879319,151,hard_flex
1789707234.5879412,136,hard_flex
1789707234.58795,124,hard_flex
1789707234.587959,112,hard_flex
1789707234.587969,102,hard_flex
1789707234.587979,94,hard_flex
1789707234.587989,88,hard_flex
1789707234.587998,86,hard_flex
1789707234.588018,81,hard_flex
1789707234.5880268,75,hard_flex
1789707234.588035,71,hard_flex
1789707234.588042,65,hard_flex
1789707234.58805,60,hard_flex
1789707234.588058,56,hard_flex
1789707234.588067,52,hard_flex
1789707234.588077,50,hard_flex
1789707234.588087,49,hard_flex
1789707234.588211,46,hard_flex
1789707234.5882292,45,hard_flex
1789707234.5882392,44,hard_flex
1789707234.588248,41,hard_flex
1789707234.588256,42,hard_flex
1789707234.588265,43,hard_flex
1789707234.5882728,42,hard_flex
1789707234.588282,40,hard_flex
1789707234.58829,39,hard_flex
1789707234.5883,36,hard_flex
1789707234.58831,36,hard_flex
1789707234.588317,35,hard_flex
1789707234.588325,36,hard_flex
1789707234.5883331,36,hard_flex
1789707234.588341,35,hard_flex
1789707234.5883489,34,hard_flex
1789707234.5883589,33,hard_flex
1789707234.588368,35,hard_flex
1789707234.588377,34,hard_flex
1789707234.588386,33,hard_flex
1789707234.588394,31,hard_flex
1789707234.588402,30,hard_flex
1789707234.5884101,30,hard_flex
1789707234.588419,30,hard_flex
1789707234.588427,34,hard_flex
1789707234.588437,33,hard_flex
1789707234.588445,32,hard_flex
1789707234.588453,31,hard_flex
1789707234.588462,30,hard_flex
1789707234.58847,29,hard_flex
1789707234.5884778,29,hard_flex
1789707234.588487,29,hard_flex
1789707234.588495,28,hard_flex
1789707234.5885031,27,hard_flex
1789707234.588511,26,hard_flex
1789707234.58852,164,hard_flex
1789707234.5885289,319,hard_flex
1789707234.588539,437,hard_flex
1789707234.588546,52,hard_flex
1789707234.588554,48,hard_flex
1789707234.588562,46,hard_flex
1789707234.588578,264,hard_flex
1789707234.588588,130,hard_flex
1789707234.588598,182,hard_flex
1789707234.588607,108,hard_flex
1789707234.588614,72,hard_flex
1789707234.5886238,116,hard_flex
1789707234.5886312,76,hard_flex
1789707234.588639,66,hard_flex
1789707234.588646,61,hard_flex
1789707234.588654,66,hard_flex
1789707234.588661,56,hard_flex
1789707234.5886688,60,hard_flex
1789707234.5886772,48,hard_flex
1789707234.588685,47,hard_flex
1789707234.588692,51,hard_flex
1789707234.5886998,59,hard_flex
1789707234.588707,51,hard_flex
1789707234.588715,57,hard_flex
1789707234.588722,48,hard_flex
1789707234.58873,50,hard_flex
1789707234.588738,54,hard_flex
1789707234.5887449,48,hard_flex
1789707234.588753,42,hard_flex
1789707234.5887601,60,hard_flex
1789707234.588768,52,hard_flex
1789707234.5887759,37,hard_flex
1789707234.5887842,35,hard_flex
1789707234.588793,34,hard_flex
1789707234.588802,32,hard_flex
1789707234.588812,33,hard_flex
1789707234.588821,34,hard_flex
1789707234.588831,35,hard_flex
1789707234.588842,34,hard_flex
1789707234.588852,33,hard_flex
1789707234.5888588,32,hard_flex
1789707234.5888672,31,hard_flex
1789707234.588875,30,hard_flex
1789707234.588882,30,hard_flex
1789707234.58889,29,hard_flex
1789707234.588897,31,hard_flex
1789707234.5889049,32,hard_flex
1789707234.5889149,31,hard_flex
1789707234.588925,30,hard_flex
1789707234.588934,29,hard_flex
1789707234.588944,29,hard_flex
1789707234.588953,30,hard_flex
1789707234.588963,30,hard_flex
1789707234.588971,29,hard_flex
1789707234.588979,29,hard_flex
1789707234.5889862,28,hard_flex
1789707234.588994,28,hard_flex
1789707234.589003,28,hard_flex
1789707234.5890281,27,hard_flex
1789707234.58904,28,hard_flex
1789707234.58905,32,hard_flex
1789707234.589059,32,hard_flex
1789707234.589067,36,hard_flex
1789707234.589076,34,hard_flex
1789707234.589086,35,hard_flex
1789707234.589094,33,hard_flex
1789707234.5891478,34,hard_flex
1789707234.58916,33,hard_flex
1789707234.58917,33,hard_flex
1789707234.589178,34,hard_flex
1789707234.5891871,35,hard_flex
1789707234.589198,33,hard_flex
1789707234.589226,32,hard_flex
1789707234.5892348,31,hard_flex
1789707234.589244,32,hard_flex
1789707234.589252,31,hard_flex
1789707234.58926,30,hard_flex
1789707234.589268,29,hard_flex
1789707234.589277,28,hard_flex
1789707234.5892851,29,hard_flex
1789707234.589304,29,hard_flex
1789707234.589313,29,hard_flex
1789707234.589321,29,hard_flex
1789707234.589329,28,hard_flex
1789707234.589338,27,hard_flex
1789707234.5893471,26,hard_flex
1789707234.589355,27,hard_flex
1789707234.5893629,27,hard_flex
1789707234.589371,27,hard_flex
1789707234.589379,27,hard_flex
1789707234.589386,32,hard_flex
1789707234.5893939,43,hard_flex
1789707234.589401,43,hard_flex
1789707234.589409,42,hard_flex
1789707234.589416,39,hard_flex
1789707234.5894248,39,hard_flex
1789707234.5894341,38,hard_flex
1789707234.5894442,36,hard_flex
1789707234.589453,35,hard_flex
1789707234.589461,34,hard_flex
1789707234.589469,33,hard_flex
1789707234.589477,32,hard_flex
1789707234.5894861,31,hard_flex
1789707234.589494,29,hard_flex
1789707234.589505,30,hard_flex
1789707234.589513,30,hard_flex
1789707234.589521,29,hard_flex
1789707234.5895302,29,hard_flex
1789707234.589538,29,hard_flex
1789707234.589546,28,hard_flex
1789707234.5895538,28,hard_flex
1789707234.5895622,27,hard_flex
1789707234.589571,30,hard_flex
1789707234.589579,32,hard_flex
1789707234.589586,33,hard_flex
1789707234.5895941,32,hard_flex
1789707234.589602,31,hard_flex
1789707234.589609,31,hard_flex
1789707234.589616,31,hard_flex
1789707234.5896242,30,hard_flex
1789707234.589631,32,hard_flex
1789707234.589639,31,hard_flex
1789707234.589646,29,hard_flex
1789707234.589654,29,hard_flex
1789707234.589661,28,hard_flex
1789707234.5896692,27,hard_flex
1789707234.5896761,28,hard_flex
1789707234.589683,27,hard_flex
1789707234.589691,32,hard_flex
1789707234.589699,37,hard_flex
1789707234.589706,36,hard_flex
1789707234.5897138,34,hard_flex
1789707234.5897212,33,hard_flex
1789707234.589729,33,hard_flex
1789707234.589736,35,hard_flex
1789707234.589744,39,hard_flex
1789707234.589751,38,hard_flex
1789707234.589761,37,hard_flex
1789707234.589769,35,hard_flex
1789707234.5897758,35,hard_flex
1789707234.5897841,34,hard_flex
1789707234.589791,34,hard_flex
1789707234.589798,32,hard_flex
1789707234.589806,31,hard_flex
1789707234.589813,29,hard_flex
1789707234.5898209,30,hard_flex
1789707234.589828,29,hard_flex
1789707234.5898361,30,hard_flex
1789707234.589844,29,hard_flex
1789707234.589851,29,hard_flex
1789707234.589859,30,hard_flex
1789707234.589866,31,hard_flex
1789707234.589874,30,hard_flex
1789707234.5898812,32,hard_flex
1789707234.589889,31,hard_flex
1789707234.589896,30,hard_flex
1789707234.5899038,29,hard_flex
1789707234.5899122,30,hard_flex
1789707234.589919,33,hard_flex
1789707234.589927,36,hard_flex
1789707234.589934,37,hard_flex
1789707234.589942,35,hard_flex
1789707234.589949,33,hard_flex
1789707234.5899572,32,hard_flex
1789707234.589964,32,hard_flex
1789707234.589972,31,hard_flex
1789707234.589979,30,hard_flex
1789707234.589987,29,hard_flex
1789707234.589994,29,hard_flex
1789707234.5900018,29,hard_flex
1789707234.5900102,28,hard_flex
1789707234.590017,28,hard_flex
1789707234.590025,27,hard_flex
1789707234.5900319,29,hard_flex
1789707234.59004,31,hard_flex
1789707234.590047,34,hard_flex
1789707234.590055,34,hard_flex
1789707234.5900621,35,hard_flex
1789707234.59007,33,hard_flex
1789707234.590077,31,hard_flex
1789707234.590085,31,hard_flex
1789707234.5900931,35,hard_flex
1789707234.5901,34,hard_flex
1789707234.590108,34,hard_flex
1789707234.590115,33,hard_flex
1789707234.590123,32,hard_flex
1789707234.5901299,31,hard_flex
1789707234.5901382,30,hard_flex
1789707234.590146,29,hard_flex
1789707234.590153,29,hard_flex
1789707234.5901608,29,hard_flex
1789707234.590168,28,hard_flex
1789707234.590176,28,hard_flex
1789707234.590183,28,hard_flex
1789707234.5901911,31,hard_flex
1789707234.590198,31,hard_flex
1789707234.590206,30,hard_flex
1789707234.590213,29,hard_flex
1789707234.5902212,29,hard_flex
1789707234.590228,28,hard_flex
1789707234.590236,28,hard_flex
1789707234.590243,30,hard_flex
1789707234.590251,30,hard_flex
1789707234.590258,28,hard_flex
1789707234.5902662,28,hard_flex
1789707234.5902731,28,hard_flex
1789707234.590281,28,hard_flex
1789707234.590288,28,hard_flex
1789707234.590295,27,hard_flex
1789707234.590303,26,hard_flex
1789707234.5903392,27,hard_flex
1789707234.590346,28,hard_flex
1789707234.590354,29,hard_flex
1789707234.590362,32,hard_flex
1789707234.590369,32,hard_flex
1789707234.590376,31,hard_flex
1789707234.5903842,29,hard_flex
1789707234.5903912,29,hard_flex
1789707234.590399,28,hard_flex
1789707234.590406,32,hard_flex
1789707234.590414,31,hard_flex
1789707234.590421,31,hard_flex
1789707234.5904288,30,hard_flex
1789707234.590436,30,hard_flex
1789707234.590444,30,hard_flex
1789707234.590451,33,hard_flex
1789707234.5904589,33,hard_flex
1789707234.590466,33,hard_flex
1789707234.590474,32,hard_flex
1789707234.5904808,32,hard_flex
1789707234.5904891,31,hard_flex
1789707234.590496,31,hard_flex
1789707234.590504,30,hard_flex
1789707234.590511,29,hard_flex
1789707234.590519,29,hard_flex
1789707234.5905259,30,hard_flex
1789707234.590534,29,hard_flex
1789707234.5905411,28,hard_flex
1789707234.590549,28,hard_flex
1789707234.590556,27,hard_flex
1789707234.590563,26,hard_flex
1789707234.590571,25,hard_flex
1789707234.5905778,27,hard_flex
1789707234.5905862,32,hard_flex
1789707234.590593,33,hard_flex
1789707234.590601,31,hard_flex
1789707234.590608,31,hard_flex
1789707234.590616,31,hard_flex
1789707234.590623,31,hard_flex
1789707234.590631,30,hard_flex
1789707234.5906382,29,hard_flex
1789707234.590646,29,hard_flex
1789707234.590653,30,hard_flex
1789707234.59066,32,hard_flex
1789707234.590668,31,hard_flex
1789707234.5906749,31,hard_flex
1789707234.590683,30,hard_flex
1789707234.5906901,29,hard_flex
1789707234.590698,28,hard_flex
1789707234.590705,27,hard_flex
1789707234.590713,27,hard_flex
1789707234.59072,28,hard_flex
1789707234.590728,27,hard_flex
1789707234.5907352,27,hard_flex
1789707234.590743,27,hard_flex
1789707234.59075,27,hard_flex
1789707234.5907571,27,hard_flex
1789707234.590765,30,hard_flex
1789707234.590772,29,hard_flex
1789707234.59078,28,hard_flex
1789707234.5907872,28,hard_flex
1789707234.590795,28,hard_flex
1789707234.590802,28,hard_flex
1789707234.59081,27,hard_flex
1789707234.590817,26,hard_flex
1789707234.5908248,25,hard_flex
1789707234.5908322,25,hard_flex
1789707234.59084,26,hard_flex
1789707234.590847,26,hard_flex
1789707234.590855,26,hard_flex
1789707234.590862,25,hard_flex
1789707234.59087,25,hard_flex
1789707234.5908768,25,hard_flex
1789707234.5908842,25,hard_flex
1789707234.590892,25,hard_flex
1789707234.590899,25,hard_flex
1789707234.5909069,25,hard_flex
1789707234.590915,24,hard_flex
1789707234.5909219,25,hard_flex
1789707234.59093,27,hard_flex
1789707234.5909371,28,hard_flex
1789707234.590945,30,hard_flex
1789707234.5909529,33,hard_flex
1789707234.59096,32,hard_flex
1789707234.590967,31,hard_flex
1789707234.590975,30,hard_flex
1789707234.590983,30,hard_flex
1789707234.59099,29,hard_flex
1789707234.590997,28,hard_flex
1789707234.5910048,27,hard_flex
1789707234.591012,26,hard_flex
1789707234.59102,28,hard_flex
1789707234.591028,27,hard_flex
1789707234.591035,28,hard_flex
1789707234.591043,26,hard_flex
1789707234.59105,26,hard_flex
1789707234.5910568,25,hard_flex
1789707234.5910652,26,hard_flex
1789707234.591072,26,hard_flex
1789707234.59108,26,hard_flex
1789707234.591087,26,hard_flex
1789707234.591095,28,hard_flex
1789707234.591102,27,hard_flex
1789707234.591109,29,hard_flex
1789707234.5911171,35,hard_flex
1789707234.591124,36,hard_flex
1789707234.591132,34,hard_flex
1789707234.591139,34,hard_flex
1789707234.591147,32,hard_flex
1789707234.5911539,31,hard_flex
1789707234.5911622,32,hard_flex
1789707234.591169,31,hard_flex
1789707234.591177,29,hard_flex
1789707234.591184,29,hard_flex
1789707234.591192,28,hard_flex
1789707234.591199,29,hard_flex
1789707234.5912058,29,hard_flex
1789707234.5912142,28,hard_flex
1789707234.591221,27,hard_flex
1789707234.591229,26,hard_flex
1789707234.591236,29,hard_flex
1789707234.591244,30,hard_flex
1789707234.591251,30,hard_flex
1789707234.5912588,31,hard_flex
1789707234.5912662,33,hard_flex
1789707234.591274,34,hard_flex
1789707234.591281,37,hard_flex
1789707234.591289,36,hard_flex
1789707234.591297,35,hard_flex
1789707234.5913038,34,hard_flex
1789707234.591312,33,hard_flex
1789707234.591319,32,hard_flex
1789707234.591327,32,hard_flex
1789707234.5913339,32,hard_flex
1789707234.591342,34,hard_flex
1789707234.591349,33,hard_flex
1789707234.591357,33,hard_flex
1789707234.5913641,32,hard_flex
1789707234.591372,31,hard_flex
1789707234.591379,31,hard_flex
1789707234.591386,33,hard_flex
1789707234.591394,33,hard_flex
1789707234.5914009,32,hard_flex
1789707234.591409,30,hard_flex
1789707234.5914161,30,hard_flex
1789707234.591424,30,hard_flex
1789707234.591431,30,hard_flex
1789707234.591439,29,hard_flex
1789707234.591446,29,hard_flex
1789707234.591454,32,hard_flex
1789707234.5914612,31,hard_flex
1789707234.592809,34,hard_flex
1789707234.598125,33,hard_flex
1789707234.603256,32,hard_flex
1789707234.608444,30,hard_flex
1789707234.613776,30,hard_flex
1789707234.619051,29,hard_flex
1789707234.624108,28,hard_flex
1789707234.629434,29,hard_flex
1789707234.634737,29,hard_flex
1789707234.639837,28,hard_flex
1789707234.64517,27,hard_flex
1789707234.650437,27,hard_flex
1789707234.655753,28,hard_flex
1789707234.6608489,32,hard_flex
1789707234.666176,31,hard_flex
1789707234.671566,30,hard_flex
1789707234.6766,29,hard_flex
1789707234.681835,28,hard_flex
1789707234.6871119,28,hard_flex
1789707234.692479,28,hard_flex
1789707234.69779,28,hard_flex
1789707234.702954,31,hard_flex
1789707234.70811,35,hard_flex
1789707234.713398,35,hard_flex
1789707234.7185411,38,hard_flex
1789707234.7239108,38,hard_flex
1789707234.72913,37,hard_flex
1789707234.7344792,35,hard_flex
1789707234.739528,33,hard_flex
1789707234.744832,32,hard_flex
1789707234.75023,31,hard_flex
1789707234.75526,34,hard_flex
1789707234.760631,36,hard_flex
1789707234.76605,36,hard_flex
1789707234.771627,34,hard_flex
1789707234.776785,33,hard_flex
1789707234.7816908,32,hard_flex
1789707234.786877,33,hard_flex
1789707234.792269,35,hard_flex
1789707234.797238,39,hard_flex
1789707234.8038552,38,hard_flex
1789707234.8077922,39,hard_flex
1789707234.813208,39,hard_flex
1789707234.818243,39,hard_flex
1789707234.8256068,37,hard_flex
1789707234.828792,36,hard_flex
1789707234.8341918,35,hard_flex
1789707234.839256,33,hard_flex
1789707234.84446,33,hard_flex
1789707234.849979,32,hard_flex
1789707234.8549562,31,hard_flex
1789707234.86026,30,hard_flex
1789707234.8656142,29,hard_flex
1789707234.870989,28,hard_flex
1789707234.875919,28,hard_flex
1789707234.881239,27,hard_flex
1789707234.886376,36,hard_flex
1789707234.891689,43,hard_flex
1789707234.896867,53,hard_flex
1789707234.902247,53,hard_flex
1789707234.907446,54,hard_flex
1789707234.9125729,56,hard_flex
1789707234.91782,57,hard_flex
1789707234.9230819,57,hard_flex
1789707234.928519,54,hard_flex
1789707234.933697,53,hard_flex
1789707234.938781,78,hard_flex
1789707234.9441652,76,hard_flex
1789707234.9493718,77,hard_flex
1789707234.9825401,105,hard_flex
1789707234.982644,155,hard_flex
1789707234.982718,184,hard_flex
1789707234.982792,231,hard_flex
1789707234.982861,268,hard_flex
1789707234.982924,300,hard_flex
1789707235.0162098,461,hard_flex
1789707235.016309,705,hard_flex
1789707235.0163782,877,hard_flex
1789707235.016442,934,hard_flex
1789707235.016507,934,hard_flex
1789707235.0165691,934,hard_flex
1789707235.050004,934,hard_flex
1789707235.050133,934,hard_flex
1789707235.050206,934,hard_flex
1789707235.050273,934,hard_flex
1789707235.0503411,934,hard_flex
1789707235.050406,934,hard_flex
1789707235.0504682,934,hard_flex
1789707235.083871,934,hard_flex
1789707235.0839648,934,hard_flex
1789707235.0840309,934,hard_flex
1789707235.0840929,934,hard_flex
1789707235.0841532,934,hard_flex
1789707235.084215,934,hard_flex
1789707235.1176782,934,hard_flex
1789707235.117782,934,hard_flex
1789707235.1178508,934,hard_flex
1789707235.1179159,934,hard_flex
1789707235.11798,934,hard_flex
1789707235.1180422,934,hard_flex
1789707235.118104,934,hard_flex
1789707235.151541,934,hard_flex
1789707235.151829,933,hard_flex
1789707235.1518998,933,hard_flex
1789707235.151964,934,hard_flex
1789707235.152027,934,hard_flex
1789707235.1520882,934,hard_flex
1789707235.1853619,934,hard_flex
1789707235.1854668,934,hard_flex
1789707235.185539,934,hard_flex
1789707235.185607,933,hard_flex
1789707235.18567,934,hard_flex
1789707235.185733,934,hard_flex
1789707235.219154,934,hard_flex
1789707235.219284,934,hard_flex
1789707235.21935,934,hard_flex
1789707235.2194118,934,hard_flex
1789707235.2194712,934,hard_flex
1789707235.219532,934,hard_flex
1789707235.219591,934,hard_flex
1789707235.25306,934,hard_flex
1789707235.2531562,934,hard_flex
1789707235.253217,934,hard_flex
1789707235.253268,934,hard_flex
1789707235.253315,934,hard_flex
1789707235.253359,934,hard_flex
1789707235.286749,934,hard_flex
1789707235.28685,934,hard_flex
1789707235.2869172,934,hard_flex
1789707235.2869802,934,hard_flex
1789707235.2870421,934,hard_flex
1789707235.287102,934,hard_flex
1789707235.2871628,934,hard_flex
1789707235.3205938,933,hard_flex
1789707235.3206909,934,hard_flex
1789707235.3207529,934,hard_flex
1789707235.320813,934,hard_flex
1789707235.3208718,934,hard_flex
1789707235.32093,934,hard_flex
1789707235.3543758,934,hard_flex
1789707235.354476,934,hard_flex
1789707235.3545449,934,hard_flex
1789707235.3546119,934,hard_flex
1789707235.354676,934,hard_flex
1789707235.354739,934,hard_flex
1789707235.3882082,934,hard_flex
1789707235.388345,934,hard_flex
1789707235.388416,934,hard_flex
1789707235.388496,934,hard_flex
1789707235.388567,934,hard_flex
1789707235.38863,934,hard_flex
1789707235.388696,934,hard_flex
1789707235.422045,934,hard_flex
1789707235.422118,934,hard_flex
1789707235.4221592,934,hard_flex
1789707235.422196,934,hard_flex
1789707235.422231,934,hard_flex
1789707235.4222689,934,hard_flex
1789707235.455831,934,hard_flex
1789707235.455936,934,hard_flex
1789707235.456001,934,hard_flex
1789707235.456064,934,hard_flex
1789707235.456125,934,hard_flex
1789707235.456185,934,hard_flex
1789707235.456246,934,hard_flex
1789707235.489677,934,hard_flex
1789707235.4897768,934,hard_flex
1789707235.490037,934,hard_flex
1789707235.491294,934,hard_flex
1789707235.4913762,934,hard_flex
1789707235.491442,934,hard_flex
1789707235.523464,934,hard_flex
1789707235.5236712,934,hard_flex
1789707235.523757,934,hard_flex
1789707235.523826,934,hard_flex
1789707235.523896,934,hard_flex
1789707235.524062,934,hard_flex
1789707235.557272,934,hard_flex
1789707235.557398,934,hard_flex
1789707235.557452,934,hard_flex
1789707235.5575008,934,hard_flex
1789707235.557546,934,hard_flex
1789707235.5575922,934,hard_flex
1789707235.557636,934,hard_flex
1789707235.591489,934,hard_flex
1789707235.591559,934,hard_flex
1789707235.5915961,934,hard_flex
1789707235.59163,934,hard_flex
1789707235.5916622,934,hard_flex
1789707235.591695,934,hard_flex
1789707235.624901,934,hard_flex
1789707235.625011,934,hard_flex
1789707235.6250849,934,hard_flex
1789707235.625352,934,hard_flex
1789707235.6254442,934,hard_flex
1789707235.625507,934,hard_flex
1789707235.625568,934,hard_flex
1789707235.6587362,934,hard_flex
1789707235.6588328,934,hard_flex
1789707235.6588988,934,hard_flex
1789707235.6589599,934,hard_flex
1789707235.6590211,934,hard_flex
1789707235.659081,934,hard_flex
1789707235.692545,934,hard_flex
1789707235.692647,934,hard_flex
1789707235.692715,934,hard_flex
1789707235.692779,934,hard_flex
1789707235.692841,934,hard_flex
1789707235.6929018,934,hard_flex
1789707235.7263181,934,hard_flex
1789707235.726464,934,hard_flex
1789707235.7265332,934,hard_flex
1789707235.7265978,934,hard_flex
1789707235.7266629,933,hard_flex
1789707235.726725,934,hard_flex
1789707235.726785,934,hard_flex
1789707235.7599528,934,hard_flex
1789707235.760016,934,hard_flex
1789707235.7600582,934,hard_flex
1789707235.760095,934,hard_flex
1789707235.7601311,934,hard_flex
1789707235.760166,934,hard_flex
1789707235.793988,934,hard_flex
1789707235.7940512,934,hard_flex
1789707235.794092,934,hard_flex
1789707235.794145,934,hard_flex
1789707235.794233,934,hard_flex
1789707235.794281,934,hard_flex
1789707235.7943199,934,hard_flex
1789707235.8279529,934,hard_flex
1789707235.828067,934,hard_flex
1789707235.82814,934,hard_flex
1789707235.828203,934,hard_flex
1789707235.828264,934,hard_flex
1789707235.828324,934,hard_flex
1789707235.8616278,934,hard_flex
1789707235.861702,934,hard_flex
1789707235.861738,934,hard_flex
1789707235.861783,934,hard_flex
1789707235.8618162,934,hard_flex
1789707235.86187,933,hard_flex
1789707235.895209,934,hard_flex
1789707235.895285,934,hard_flex
1789707235.89536,934,hard_flex
1789707235.8954601,934,hard_flex
1789707235.895503,934,hard_flex
1789707235.895631,934,hard_flex
1789707235.8956668,933,hard_flex
1789707235.929044,934,hard_flex
1789707235.9291468,934,hard_flex
1789707235.929225,933,hard_flex
1789707235.929287,933,hard_flex
1789707235.9293492,932,hard_flex
1789707235.92941,902,hard_flex
1789707235.962959,934,hard_flex
1789707235.963052,934,hard_flex
1789707235.963114,934,hard_flex
1789707235.9631732,933,hard_flex
1789707235.963233,933,hard_flex
1789707235.963291,933,hard_flex
1789707235.963349,934,hard_flex
1789707235.996783,934,hard_flex
1789707235.9968529,934,hard_flex
1789707235.996889,934,hard_flex
1789707235.996923,934,hard_flex
1789707235.996955,934,hard_flex
1789707235.9969878,934,hard_flex
1789707236.0305011,934,hard_flex
1789707236.0305579,934,hard_flex
1789707236.0305972,934,hard_flex
1789707236.030636,934,hard_flex
1789707236.03073,934,hard_flex
1789707236.030781,934,hard_flex
1789707236.064249,934,hard_flex
1789707236.064366,934,hard_flex
1789707236.0644171,933,hard_flex
1789707236.064472,934,hard_flex
1789707236.064518,934,hard_flex
1789707236.0645618,934,hard_flex
1789707236.064606,934,hard_flex
1789707236.09825,934,hard_flex
1789707236.098346,934,hard_flex
1789707236.0984142,934,hard_flex
1789707236.098479,934,hard_flex
1789707236.098541,933,hard_flex
1789707236.0986009,934,hard_flex
1789707236.132088,934,hard_flex
1789707236.132204,934,hard_flex
1789707236.132277,933,hard_flex
1789707236.1323469,934,hard_flex
1789707236.132415,934,hard_flex
1789707236.132479,934,hard_flex
1789707236.132544,934,hard_flex
1789707236.165985,934,hard_flex
1789707236.166089,934,hard_flex
1789707236.1661599,934,hard_flex
1789707236.166228,933,hard_flex
1789707236.166291,934,hard_flex
1789707236.166355,933,hard_flex
1789707236.1998699,934,hard_flex
1789707236.199986,934,hard_flex
1789707236.200465,934,hard_flex
1789707236.2005749,934,hard_flex
1789707236.20062,934,hard_flex
1789707236.200657,933,hard_flex
1789707236.233557,933,hard_flex
1789707236.233684,934,hard_flex
1789707236.2337532,934,hard_flex
1789707236.233817,934,hard_flex
1789707236.23388,934,hard_flex
1789707236.233943,934,hard_flex
1789707236.234005,934,hard_flex
1789707236.267445,934,hard_flex
1789707236.267552,934,hard_flex
1789707236.267621,934,hard_flex
1789707236.2678158,934,hard_flex
1789707236.267908,934,hard_flex
1789707236.267976,934,hard_flex
1789707236.301206,934,hard_flex
1789707236.301315,934,hard_flex
1789707236.301389,934,hard_flex
1789707236.301456,934,hard_flex
1789707236.3015208,934,hard_flex
1789707236.3015869,934,hard_flex
1789707236.3016498,934,hard_flex
1789707236.335031,934,hard_flex
1789707236.335132,934,hard_flex
1789707236.3351989,934,hard_flex
1789707236.335263,934,hard_flex
1789707236.3353229,934,hard_flex
1789707236.3353841,934,hard_flex
1789707236.368798,934,hard_flex
1789707236.3689,934,hard_flex
1789707236.36897,934,hard_flex
1789707236.369047,934,hard_flex
1789707236.369112,934,hard_flex
1789707236.369173,934,hard_flex
1789707236.402594,933,hard_flex
1789707236.402739,933,hard_flex
1789707236.402817,934,hard_flex
1789707236.402881,933,hard_flex
1789707236.402943,933,hard_flex
1789707236.403003,933,hard_flex
1789707236.403062,933,hard_flex
1789707236.436587,933,hard_flex
1789707236.436685,933,hard_flex
1789707236.436754,933,hard_flex
1789707236.436818,887,hard_flex
1789707236.437103,910,hard_flex
1789707236.437171,933,hard_flex
1789707236.4702132,933,hard_flex
1789707236.470339,933,hard_flex
1789707236.470559,933,hard_flex
1789707236.470657,933,hard_flex
1789707236.470742,933,hard_flex
1789707236.470807,933,hard_flex
1789707236.470869,933,hard_flex
1789707236.504108,933,hard_flex
1789707236.504283,934,hard_flex
1789707236.504382,934,hard_flex
1789707236.50445,934,hard_flex
1789707236.504519,933,hard_flex
1789707236.5045838,933,hard_flex
1789707236.537798,933,hard_flex
1789707236.5378828,933,hard_flex
1789707236.53795,933,hard_flex
1789707236.538017,933,hard_flex
1789707236.538081,933,hard_flex
1789707236.538155,933,hard_flex
1789707236.571651,933,hard_flex
1789707236.571808,933,hard_flex
1789707236.571878,933,hard_flex
1789707236.5719428,933,hard_flex
1789707236.572006,933,hard_flex
1789707236.572067,933,hard_flex
1789707236.572129,934,hard_flex
1789707236.605443,933,hard_flex
1789707236.6055071,934,hard_flex
1789707236.6055481,933,hard_flex
1789707236.6055858,933,hard_flex
1789707236.605621,933,hard_flex
1789707236.6056561,933,hard_flex
1789707236.6391838,934,hard_flex
1789707236.639322,934,hard_flex
1789707236.639406,934,hard_flex
1789707236.639464,934,hard_flex
1789707236.639508,933,hard_flex
1789707236.639551,934,hard_flex
1789707236.639594,934,hard_flex
1789707236.673069,934,hard_flex
1789707236.673156,933,hard_flex
1789707236.673213,934,hard_flex
1789707236.6732612,934,hard_flex
1789707236.67331,934,hard_flex
1789707236.6733608,934,hard_flex
1789707236.706985,934,hard_flex
1789707236.707114,934,hard_flex
1789707236.707189,934,hard_flex
1789707236.707254,934,hard_flex
1789707236.707318,934,hard_flex
1789707236.707381,934,hard_flex
1789707236.740708,933,hard_flex
1789707236.740839,934,hard_flex
1789707236.740957,934,hard_flex
1789707236.7410188,934,hard_flex
1789707236.7410738,934,hard_flex
1789707236.7411242,934,hard_flex
1789707236.741171,934,hard_flex
1789707236.774643,934,hard_flex
1789707236.7747478,934,hard_flex
1789707236.774814,934,hard_flex
1789707236.7748759,934,hard_flex
1789707236.7749429,934,hard_flex
1789707236.775002,934,hard_flex
1789707236.8083699,934,hard_flex
1789707236.808471,934,hard_flex
1789707236.8085382,934,hard_flex
1789707236.808602,934,hard_flex
1789707236.8086631,934,hard_flex
1789707236.808723,934,hard_flex
1789707236.808782,934,hard_flex
1789707236.842297,934,hard_flex
1789707236.842405,934,hard_flex
1789707236.842477,934,hard_flex
1789707236.842556,934,hard_flex
1789707236.84262,934,hard_flex
1789707236.8426838,934,hard_flex
1789707236.8759942,934,hard_flex
1789707236.876095,934,hard_flex
1789707236.876162,934,hard_flex
1789707236.876224,934,hard_flex
1789707236.876286,933,hard_flex
1789707236.8763468,933,hard_flex
1789707236.909785,934,hard_flex
1789707236.909918,933,hard_flex
1789707236.909984,933,hard_flex
1789707236.910045,933,hard_flex
1789707236.910105,934,hard_flex
1789707236.9101639,934,hard_flex
1789707236.910224,934,hard_flex
1789707236.943638,934,hard_flex
1789707236.9437351,934,hard_flex
1789707236.9438,934,hard_flex
1789707236.9438632,933,hard_flex
1789707236.943923,934,hard_flex
1789707236.943983,933,hard_flex
1789707236.9774249,933,hard_flex
1789707236.977529,933,hard_flex
1789707236.977597,933,hard_flex
1789707236.977659,933,hard_flex
1789707236.97772,934,hard_flex
1789707236.977862,933,hard_flex
1789707236.977987,933,hard_flex
1789707237.011303,933,hard_flex
1789707237.0114,934,hard_flex
1789707237.0114639,934,hard_flex
1789707237.011538,934,hard_flex
1789707237.011598,934,hard_flex
1789707237.011659,934,hard_flex
1789707237.045045,934,hard_flex
1789707237.04516,934,hard_flex
1789707237.045226,934,hard_flex
1789707237.045287,934,hard_flex
1789707237.0453482,934,hard_flex
1789707237.0454102,934,hard_flex
1789707237.078795,934,hard_flex
1789707237.078927,934,hard_flex
1789707237.078994,933,hard_flex
1789707237.079055,934,hard_flex
1789707237.079115,934,hard_flex
1789707237.079176,934,hard_flex
1789707237.079235,934,hard_flex
1789707237.112677,934,hard_flex
1789707237.112777,934,hard_flex
1789707237.112842,933,hard_flex
1789707237.112905,934,hard_flex
1789707237.1129768,933,hard_flex
1789707237.113038,933,hard_flex
1789707237.146454,933,hard_flex
1789707237.146564,934,hard_flex
1789707237.146635,934,hard_flex
1789707237.146704,934,hard_flex
1789707237.146772,934,hard_flex
1789707237.146836,934,hard_flex
1789707237.146899,934,hard_flex
1789707237.180335,933,hard_flex
1789707237.1804328,933,hard_flex
1789707237.180501,934,hard_flex
1789707237.180566,934,hard_flex
1789707237.18063,934,hard_flex
1789707237.1808362,934,hard_flex
1789707237.214174,933,hard_flex
1789707237.214401,933,hard_flex
1789707237.214484,933,hard_flex
1789707237.2145522,933,hard_flex
1789707237.214615,933,hard_flex
1789707237.214689,933,hard_flex
1789707237.247911,933,hard_flex
1789707237.248044,933,hard_flex
1789707237.2481122,933,hard_flex
1789707237.248176,933,hard_flex
1789707237.2482371,934,hard_flex
1789707237.248298,934,hard_flex
1789707237.2483578,934,hard_flex
1789707237.2817101,934,hard_flex
1789707237.281832,934,hard_flex
1789707237.28191,934,hard_flex
1789707237.2819788,933,hard_flex
1789707237.282047,934,hard_flex
1789707237.28211,933,hard_flex
1789707237.3155048,934,hard_flex
1789707237.315607,934,hard_flex
1789707237.315673,934,hard_flex
1789707237.315734,934,hard_flex
1789707237.315794,934,hard_flex
1789707237.315853,934,hard_flex
1789707237.315913,934,hard_flex
1789707237.3493838,934,hard_flex
1789707237.349483,934,hard_flex
1789707237.349549,934,hard_flex
1789707237.349626,934,hard_flex
1789707237.349689,934,hard_flex
1789707237.349751,934,hard_flex
1789707237.3832169,933,hard_flex
1789707237.383341,933,hard_flex
1789707237.383588,934,hard_flex
1789707237.383667,934,hard_flex
1789707237.383733,934,hard_flex
1789707237.383797,934,hard_flex
1789707237.417017,934,hard_flex
1789707237.4171572,934,hard_flex
1789707237.417231,933,hard_flex
1789707237.4172952,933,hard_flex
1789707237.417357,933,hard_flex
1789707237.417418,933,hard_flex
1789707237.4174762,933,hard_flex
1789707237.450735,933,hard_flex
1789707237.450832,934,hard_flex
1789707237.450894,933,hard_flex
1789707237.450953,933,hard_flex
1789707237.4510112,933,hard_flex
1789707237.4510899,933,hard_flex
1789707237.48451,933,hard_flex
1789707237.484621,933,hard_flex
1789707237.484694,934,hard_flex
1789707237.484756,934,hard_flex
1789707237.4848151,933,hard_flex
1789707237.484873,933,hard_flex
1789707237.484957,933,hard_flex
1789707237.518477,934,hard_flex
1789707237.51858,933,hard_flex
1789707237.518647,933,hard_flex
1789707237.518709,934,hard_flex
1789707237.518771,934,hard_flex
1789707237.5188322,934,hard_flex
1789707237.552162,934,hard_flex
1789707237.552264,934,hard_flex
1789707237.552329,934,hard_flex
1789707237.552392,934,hard_flex
1789707237.552453,934,hard_flex
1789707237.5525131,934,hard_flex
1789707237.586071,934,hard_flex
1789707237.5862231,934,hard_flex
1789707237.5862951,934,hard_flex
1789707237.586356,934,hard_flex
1789707237.586417,934,hard_flex
1789707237.586476,934,hard_flex
1789707237.5865338,934,hard_flex
1789707237.619906,934,hard_flex
1789707237.6200068,934,hard_flex
1789707237.620072,934,hard_flex
1789707237.6201348,934,hard_flex
1789707237.620196,934,hard_flex
1789707237.620258,934,hard_flex
1789707237.65364,934,hard_flex
1789707237.6537511,934,hard_flex
1789707237.6538188,934,hard_flex
1789707237.653881,934,hard_flex
1789707237.653945,934,hard_flex
1789707237.654006,933,hard_flex
1789707237.654078,934,hard_flex
1789707237.687511,934,hard_flex
1789707237.687606,934,hard_flex
1789707237.687669,934,hard_flex
1789707237.687729,934,hard_flex
1789707237.687788,933,hard_flex
1789707237.687846,934,hard_flex
1789707237.721292,933,hard_flex
1789707237.7213938,933,hard_flex
1789707237.721461,933,hard_flex
1789707237.721524,934,hard_flex
1789707237.721587,934,hard_flex
1789707237.721647,934,hard_flex
1789707237.7550778,934,hard_flex
1789707237.755409,934,hard_flex
1789707237.755486,934,hard_flex
1789707237.755554,934,hard_flex
1789707237.755625,934,hard_flex
1789707237.755708,934,hard_flex
1789707237.7557561,934,hard_flex
1789707237.789139,934,hard_flex
1789707237.7892458,934,hard_flex
1789707237.7893162,934,hard_flex
1789707237.789384,933,hard_flex
1789707237.78945,933,hard_flex
1789707237.789514,890,hard_flex
1789707237.82269,865,hard_flex
1789707237.822795,885,hard_flex
1789707237.8228621,911,hard_flex
1789707237.822925,933,hard_flex
1789707237.822989,933,hard_flex
1789707237.823051,933,hard_flex
1789707237.8231108,933,hard_flex
1789707237.856653,934,hard_flex
1789707237.856839,933,hard_flex
1789707237.857045,934,hard_flex
1789707237.857128,933,hard_flex
1789707237.8572001,933,hard_flex
1789707237.857402,933,hard_flex
1789707237.891236,933,hard_flex
1789707237.891374,934,hard_flex
1789707237.8914502,933,hard_flex
1789707237.891517,933,hard_flex
1789707237.891694,933,hard_flex
1789707237.8917801,933,hard_flex
1789707237.924133,933,hard_flex
1789707237.9242449,933,hard_flex
1789707237.9242911,933,hard_flex
1789707237.924327,933,hard_flex
1789707237.924364,933,hard_flex
1789707237.9244008,916,hard_flex
1789707237.924437,848,hard_flex
1789707237.958032,933,hard_flex
1789707237.9581409,933,hard_flex
1789707237.958216,933,hard_flex
1789707237.9582841,933,hard_flex
1789707237.958348,933,hard_flex
1789707237.958411,933,hard_flex
1789707237.9918232,933,hard_flex
1789707237.992191,933,hard_flex
1789707237.992257,933,hard_flex
1789707237.992301,933,hard_flex
1789707237.992345,929,hard_flex
1789707237.992386,901,hard_flex
1789707237.992518,902,hard_flex
1789707238.0256581,924,hard_flex
1789707238.02576,915,hard_flex
1789707238.025831,933,hard_flex
1789707238.025899,901,hard_flex
1789707238.025964,834,hard_flex
1789707238.026028,819,hard_flex
1789707238.059555,772,hard_flex
1789707238.059677,757,hard_flex
1789707238.059754,715,hard_flex
1789707238.059825,698,hard_flex
1789707238.059891,745,hard_flex
1789707238.059958,801,hard_flex
1789707238.093185,870,hard_flex
1789707238.093317,888,hard_flex
1789707238.093385,858,hard_flex
1789707238.093445,933,hard_flex
1789707238.093506,933,hard_flex
1789707238.093566,933,hard_flex
1789707238.093626,933,hard_flex
1789707238.127031,933,hard_flex
1789707238.127115,933,hard_flex
1789707238.127159,933,hard_flex
1789707238.127201,933,hard_flex
1789707238.12724,911,hard_flex
1789707238.1272771,866,hard_flex
1789707238.160706,923,hard_flex
1789707238.160925,925,hard_flex
1789707238.160989,930,hard_flex
1789707238.1610382,912,hard_flex
1789707238.1610858,863,hard_flex
1789707238.161283,933,hard_flex
1789707238.161427,934,hard_flex
1789707238.194577,934,hard_flex
1789707238.194643,934,hard_flex
1789707238.1946812,933,hard_flex
1789707238.194716,933,hard_flex
1789707238.19475,933,hard_flex
1789707238.1947808,933,hard_flex
1789707238.2284641,867,hard_flex
1789707238.2285628,801,hard_flex
1789707238.228631,913,hard_flex
1789707238.2287061,933,hard_flex
1789707238.228768,933,hard_flex
1789707238.2288299,881,hard_flex
1789707238.262232,790,hard_flex
1789707238.262372,744,hard_flex
1789707238.262444,698,hard_flex
1789707238.26251,699,hard_flex
1789707238.2625751,812,hard_flex
1789707238.2626402,775,hard_flex
1789707238.2627032,827,hard_flex
1789707238.29625,866,hard_flex
1789707238.296308,928,hard_flex
1789707238.296344,877,hard_flex
1789707238.2963781,878,hard_flex
1789707238.2964108,814,hard_flex
1789707238.296444,758,hard_flex
1789707238.329547,705,hard_flex
1789707238.32957,661,hard_flex
1789707238.3295848,640,hard_flex
1789707238.329601,616,hard_flex
1789707238.3296158,588,hard_flex
1789707238.329632,541,hard_flex
1789707238.329647,512,hard_flex
1789707238.36341,479,hard_flex
1789707238.363429,536,hard_flex
1789707238.3634439,497,hard_flex
1789707238.3634582,543,hard_flex
1789707238.363473,543,hard_flex
1789707238.363487,607,hard_flex
1789707238.3971798,632,hard_flex
1789707238.397206,613,hard_flex
1789707238.397223,565,hard_flex
1789707238.397241,517,hard_flex
1789707238.397258,476,hard_flex
1789707238.397275,445,hard_flex
1789707238.4311008,429,hard_flex
1789707238.4311419,407,hard_flex
1789707238.431166,397,hard_flex
1789707238.431189,391,hard_flex
1789707238.431212,378,hard_flex
1789707238.431235,354,hard_flex
1789707238.4312582,362,hard_flex
1789707238.4649868,350,hard_flex
1789707238.465052,333,hard_flex
1789707238.4650931,320,hard_flex
1789707238.465129,334,hard_flex
1789707238.465164,365,hard_flex
1789707238.465199,430,hard_flex
1789707238.499012,391,hard_flex
1789707238.499143,360,hard_flex
1789707238.4992268,368,hard_flex
1789707238.499674,367,hard_flex
1789707238.499765,352,hard_flex
1789707238.4998348,384,hard_flex
1789707238.499905,403,hard_flex
1789707238.532792,439,hard_flex
1789707238.532901,404,hard_flex
1789707238.5329669,421,hard_flex
1789707238.533032,389,hard_flex
1789707238.5330958,394,hard_flex
1789707238.533159,369,hard_flex
1789707238.5665789,356,hard_flex
1789707238.566692,357,hard_flex
1789707238.566764,347,hard_flex
1789707238.566831,322,hard_flex
1789707238.566895,334,hard_flex
1789707238.5669582,324,hard_flex
1789707238.600374,339,hard_flex
1789707238.600511,326,hard_flex
1789707238.6005828,328,hard_flex
1789707238.600651,302,hard_flex
1789707238.6007109,289,hard_flex
1789707238.6007712,318,hard_flex
1789707238.600829,328,hard_flex
1789707238.634372,334,hard_flex
1789707238.634481,341,hard_flex
1789707238.634558,319,hard_flex
1789707238.634627,341,hard_flex
1789707238.6346931,371,hard_flex
1789707238.634758,365,hard_flex
1789707238.6679869,332,hard_flex
1789707238.668093,312,hard_flex
1789707238.668161,290,hard_flex
1789707238.668231,289,hard_flex
1789707238.668294,261,hard_flex
1789707238.6683562,240,hard_flex
1789707238.668417,234,hard_flex
1789707238.701834,250,hard_flex
1789707238.701938,265,hard_flex
1789707238.702008,286,hard_flex
1789707238.702073,282,hard_flex
1789707238.7021382,268,hard_flex
1789707238.702202,256,hard_flex
1789707238.735612,242,hard_flex
1789707238.7357178,227,hard_flex
1789707238.735785,223,hard_flex
1789707238.73585,250,hard_flex
1789707238.735913,282,hard_flex
1789707238.735975,273,hard_flex
1789707238.7694259,250,hard_flex
1789707238.7695732,250,hard_flex
1789707238.769652,256,hard_flex
1789707238.7697222,243,hard_flex
1789707238.769791,244,hard_flex
1789707238.76986,263,hard_flex
1789707238.769925,298,hard_flex
1789707238.803456,298,hard_flex
1789707238.8035169,293,hard_flex
1789707238.80356,292,hard_flex
1789707238.803592,279,hard_flex
1789707238.8036191,260,hard_flex
1789707238.803647,250,hard_flex
1789707238.837088,259,hard_flex
1789707238.837211,253,hard_flex
1789707238.837384,253,hard_flex
1789707238.837499,277,hard_flex
1789707238.8375978,339,hard_flex
1789707238.837845,328,hard_flex
1789707238.837983,345,hard_flex
1789707238.870765,362,hard_flex
1789707238.870864,335,hard_flex
1789707238.871041,311,hard_flex
1789707238.871117,283,hard_flex
1789707238.87118,291,hard_flex
1789707238.871242,300,hard_flex
1789707238.904524,331,hard_flex
1789707238.9046242,313,hard_flex
1789707238.904785,330,hard_flex
1789707238.904892,339,hard_flex
1789707238.9049568,341,hard_flex
1789707238.9050298,319,hard_flex
1789707238.9383621,300,hard_flex
1789707238.9385002,271,hard_flex
1789707238.938575,248,hard_flex
1789707238.938643,254,hard_flex
1789707238.938705,241,hard_flex
1789707238.938765,250,hard_flex
1789707238.938823,247,hard_flex
1789707238.9723809,245,hard_flex
1789707238.9724648,260,hard_flex
1789707238.972529,262,hard_flex
1789707238.972577,241,hard_flex
1789707238.972626,238,hard_flex
1789707238.972673,222,hard_flex
1789707239.005913,255,hard_flex
1789707239.006006,246,hard_flex
1789707239.0060558,239,hard_flex
1789707239.006103,243,hard_flex
1789707239.0061471,246,hard_flex
1789707239.00619,248,hard_flex
1789707239.006232,242,hard_flex
1789707239.039744,261,hard_flex
1789707239.0398238,247,hard_flex
1789707239.039926,268,hard_flex
1789707239.0402088,279,hard_flex
1789707239.0403378,266,hard_flex
1789707239.040417,245,hard_flex
1789707239.073712,271,hard_flex
1789707239.073791,285,hard_flex
1789707239.0738392,309,hard_flex
1789707239.073885,311,hard_flex
1789707239.073934,296,hard_flex
1789707239.073985,296,hard_flex
1789707239.107466,292,hard_flex
1789707239.107609,293,hard_flex
1789707239.10768,270,hard_flex
1789707239.107745,255,hard_flex
1789707239.107808,241,hard_flex
1789707239.107869,228,hard_flex
1789707239.1079302,207,hard_flex
1789707239.141363,198,hard_flex
1789707239.1414552,185,hard_flex
1789707239.1415198,187,hard_flex
1789707239.141582,222,hard_flex
1789707239.141643,302,hard_flex
1789707239.141703,298,hard_flex
1789707239.175136,270,hard_flex
1789707239.1752682,265,hard_flex
1789707239.1754901,247,hard_flex
1789707239.175564,230,hard_flex
1789707239.17563,211,hard_flex
1789707239.175691,205,hard_flex
1789707239.175751,190,hard_flex
1789707239.209117,185,hard_flex
1789707239.2092211,197,hard_flex
1789707239.209291,222,hard_flex
1789707239.20936,210,hard_flex
1789707239.209423,226,hard_flex
1789707239.209483,232,hard_flex
1789707239.242719,233,hard_flex
1789707239.24282,228,hard_flex
1789707239.242887,245,hard_flex
1789707239.24295,256,hard_flex
1789707239.24301,261,hard_flex
1789707239.24307,266,hard_flex
1789707239.2765062,299,hard_flex
1789707239.276653,338,hard_flex
1789707239.276754,387,hard_flex
1789707239.276821,427,hard_flex
1789707239.276884,434,hard_flex
1789707239.2769458,421,hard_flex
1789707239.2770078,400,hard_flex
1789707239.310417,362,hard_flex
1789707239.3105059,344,hard_flex
1789707239.310569,360,hard_flex
1789707239.3106308,402,hard_flex
1789707239.310692,366,hard_flex
1789707239.310752,360,hard_flex
1789707239.344116,344,hard_flex
1789707239.34422,339,hard_flex
1789707239.344286,348,hard_flex
1789707239.344349,338,hard_flex
1789707239.344411,327,hard_flex
1789707239.344471,313,hard_flex
1789707239.3445299,348,hard_flex
1789707239.378067,347,hard_flex
1789707239.378179,339,hard_flex
1789707239.378251,320,hard_flex
1789707239.3783228,313,hard_flex
1789707239.3783839,316,hard_flex
1789707239.3784451,291,hard_flex
1789707239.411765,291,hard_flex
1789707239.4118662,278,hard_flex
1789707239.411932,290,hard_flex
1789707239.411993,280,hard_flex
1789707239.412053,266,hard_flex
1789707239.412114,266,hard_flex
1789707239.445578,261,hard_flex
1789707239.445705,251,hard_flex
1789707239.445769,287,hard_flex
1789707239.4458408,268,hard_flex
1789707239.4459012,272,hard_flex
1789707239.44596,265,hard_flex
1789707239.446017,261,hard_flex
1789707239.479499,281,hard_flex
1789707239.479606,261,hard_flex
1789707239.4796731,260,hard_flex
1789707239.479737,278,hard_flex
1789707239.479799,312,hard_flex
1789707239.47986,351,hard_flex
1789707239.513332,348,hard_flex
1789707239.513443,361,hard_flex
1789707239.513508,374,hard_flex
1789707239.513569,403,hard_flex
1789707239.51363,418,hard_flex
1789707239.513691,435,hard_flex
1789707239.5137632,440,hard_flex
1789707239.561098,428,hard_flex
1789707239.561135,420,hard_flex
1789707239.561159,472,hard_flex
1789707239.5611808,474,hard_flex
1789707239.561364,459,hard_flex
1789707239.561396,485,hard_flex
1789707239.580634,461,hard_flex
1789707239.580658,509,hard_flex
1789707239.580669,556,hard_flex
1789707239.5806808,563,hard_flex
1789707239.580692,604,hard_flex
1789707239.580703,578,hard_flex
1789707239.614411,622,hard_flex
1789707239.614509,632,hard_flex
1789707239.61457,596,hard_flex
1789707239.614635,546,hard_flex
1789707239.6146932,510,hard_flex
1789707239.61475,541,hard_flex
1789707239.6148071,548,hard_flex
1789707239.6482801,617,hard_flex
1789707239.648364,624,hard_flex
1789707239.648426,623,hard_flex
1789707239.6484852,597,hard_flex
1789707239.648544,560,hard_flex
1789707239.648602,548,hard_flex
1789707239.682077,581,hard_flex
1789707239.6821692,715,hard_flex
1789707239.6822348,873,hard_flex
1789707239.682296,902,hard_flex
1789707239.682355,933,hard_flex
1789707239.6824121,933,hard_flex
1789707239.6824698,933,hard_flex
1789707239.715876,933,hard_flex
1789707239.7159271,910,hard_flex
1789707239.715959,878,hard_flex
1789707239.7159941,807,hard_flex
1789707239.716023,769,hard_flex
1789707239.716052,719,hard_flex
1789707239.749917,712,hard_flex
1789707239.750077,660,hard_flex
1789707239.75014,640,hard_flex
1789707239.7501929,695,hard_flex
1789707239.750245,650,hard_flex
1789707239.750293,659,hard_flex
1789707239.78397,633,hard_flex
1789707239.7841332,597,hard_flex
1789707239.784222,585,hard_flex
1789707239.7842932,584,hard_flex
1789707239.784361,549,hard_flex
1789707239.784425,560,hard_flex
1789707239.784488,550,hard_flex
1789707239.81756,651,hard_flex
1789707239.817659,771,hard_flex
1789707239.817724,844,hard_flex
1789707239.817785,826,hard_flex
1789707239.817858,765,hard_flex
1789707239.817919,742,hard_flex
1789707239.8514419,696,hard_flex
1789707239.8515468,663,hard_flex
1789707239.851615,635,hard_flex
1789707239.851679,616,hard_flex
1789707239.851743,631,hard_flex
1789707239.851804,592,hard_flex
1789707239.851864,567,hard_flex
1789707239.885216,600,hard_flex
1789707239.8853178,569,hard_flex
1789707239.885386,550,hard_flex
1789707239.88545,501,hard_flex
1789707239.885513,485,hard_flex
1789707239.8855748,455,hard_flex
1789707239.9189498,468,hard_flex
1789707239.919057,502,hard_flex
1789707239.919126,484,hard_flex
1789707239.919192,474,hard_flex
1789707239.919256,464,hard_flex
1789707239.9193192,477,hard_flex
1789707239.95279,474,hard_flex
1789707239.952935,458,hard_flex
1789707239.953005,429,hard_flex
1789707239.9530811,388,hard_flex
1789707239.953145,353,hard_flex
1789707239.953206,335,hard_flex
1789707239.9532669,334,hard_flex
1789707239.986658,326,hard_flex
1789707239.986743,312,hard_flex
1789707239.9867918,296,hard_flex
1789707239.986838,287,hard_flex
1789707239.9868858,322,hard_flex
1789707239.9869308,358,hard_flex
1789707240.020546,346,hard_flex
1789707240.020658,318,hard_flex
1789707240.020726,316,hard_flex
1789707240.0207858,321,hard_flex
1789707240.020839,324,hard_flex
1789707240.0208929,371,hard_flex
1789707240.020946,419,hard_flex
1789707240.054185,407,hard_flex
1789707240.0542421,394,hard_flex
1789707240.054271,377,hard_flex
1789707240.0542989,357,hard_flex
1789707240.054327,343,hard_flex
1789707240.054354,323,hard_flex
1789707240.08801,298,hard_flex
1789707240.0880919,269,hard_flex
1789707240.088135,279,hard_flex
1789707240.088174,283,hard_flex
1789707240.088212,313,hard_flex
1789707240.0882611,330,hard_flex
1789707240.1217039,356,hard_flex
1789707240.121834,337,hard_flex
1789707240.121897,327,hard_flex
1789707240.121957,328,hard_flex
1789707240.122014,312,hard_flex
1789707240.122072,299,hard_flex
1789707240.12213,281,hard_flex
1789707240.1553931,288,hard_flex
1789707240.1554759,305,hard_flex
1789707240.155539,294,hard_flex
1789707240.1555998,287,hard_flex
1789707240.155659,268,hard_flex
1789707240.1557171,263,hard_flex
1789707240.1892202,264,hard_flex
1789707240.189315,258,hard_flex
1789707240.1893818,269,hard_flex
1789707240.189444,262,hard_flex
1789707240.189504,242,hard_flex
1789707240.189564,231,hard_flex
1789707240.189623,235,hard_flex
1789707240.223132,232,hard_flex
1789707240.2232819,227,hard_flex
1789707240.2234292,261,hard_flex
1789707240.223595,266,hard_flex
1789707240.223667,275,hard_flex
1789707240.223732,252,hard_flex
1789707240.2570171,246,hard_flex
1789707240.25712,306,hard_flex
1789707240.257271,392,hard_flex
1789707240.257396,398,hard_flex
1789707240.25748,377,hard_flex
1789707240.257628,371,hard_flex
1789707240.2908192,371,hard_flex
1789707240.290882,351,hard_flex
1789707240.291044,385,hard_flex
1789707240.2911308,400,hard_flex
1789707240.291154,374,hard_flex
1789707240.2911758,337,hard_flex
1789707240.291198,317,hard_flex
1789707240.324513,304,hard_flex
1789707240.3246021,295,hard_flex
1789707240.324664,309,hard_flex
1789707240.324723,307,hard_flex
1789707240.324789,303,hard_flex
1789707240.3248472,399,hard_flex
1789707240.35828,460,hard_flex
1789707240.3583732,495,hard_flex
1789707240.358437,464,hard_flex
1789707240.358499,509,hard_flex
1789707240.35856,514,hard_flex
1789707240.35862,497,hard_flex
1789707240.35868,452,hard_flex
1789707240.392193,408,hard_flex
1789707240.392281,391,hard_flex
1789707240.392343,368,hard_flex
1789707240.392403,352,hard_flex
1789707240.392461,353,hard_flex
1789707240.39252,335,hard_flex
1789707240.426256,347,hard_flex
1789707240.427308,404,hard_flex
1789707240.427395,393,hard_flex
1789707240.4274611,363,hard_flex
1789707240.427525,353,hard_flex
1789707240.427694,323,hard_flex
1789707240.459977,300,hard_flex
1789707240.4600909,337,hard_flex
1789707240.460139,337,hard_flex
1789707240.460178,332,hard_flex
1789707240.460216,306,hard_flex
1789707240.460253,339,hard_flex
1789707240.460289,349,hard_flex
1789707240.493668,326,hard_flex
1789707240.493738,315,hard_flex
1789707240.493784,309,hard_flex
1789707240.493823,312,hard_flex
1789707240.49386,312,hard_flex
1789707240.4939,290,hard_flex
1789707240.5275981,285,hard_flex
1789707240.5277162,270,hard_flex
1789707240.527793,273,hard_flex
1789707240.527864,274,hard_flex
1789707240.5279338,283,hard_flex
1789707240.528002,323,hard_flex
1789707240.528068,350,hard_flex
1789707240.561415,386,hard_flex
1789707240.561483,371,hard_flex
1789707240.561525,352,hard_flex
1789707240.561564,328,hard_flex
1789707240.561602,299,hard_flex
1789707240.5616362,278,hard_flex
1789707240.595316,297,hard_flex
1789707240.5954292,308,hard_flex
1789707240.595497,289,hard_flex
1789707240.5955641,295,hard_flex
1789707240.595628,315,hard_flex
1789707240.595691,321,hard_flex
1789707240.629059,311,hard_flex
1789707240.6291919,320,hard_flex
1789707240.629251,324,hard_flex
1789707240.629302,306,hard_flex
1789707240.629351,278,hard_flex
1789707240.629397,270,hard_flex
1789707240.629445,261,hard_flex
1789707240.6629472,259,hard_flex
1789707240.6630578,247,hard_flex
1789707240.663131,249,hard_flex
1789707240.6631958,235,hard_flex
1789707240.66326,240,hard_flex
1789707240.663323,243,hard_flex
1789707240.696364,243,hard_flex
1789707240.696436,248,hard_flex
1789707240.69648,281,hard_flex
1789707240.696525,287,hard_flex
1789707240.696563,286,hard_flex
1789707240.6966012,279,hard_flex
1789707240.696637,267,hard_flex
1789707240.730588,266,hard_flex
1789707240.730699,256,hard_flex
1789707240.730774,270,hard_flex
1789707240.730839,295,hard_flex
1789707240.7309031,293,hard_flex
1789707240.730983,288,hard_flex
1789707240.7640588,270,hard_flex
1789707240.764124,271,hard_flex
1789707240.764163,278,hard_flex
1789707240.764203,310,hard_flex
1789707240.764238,323,hard_flex
1789707240.764274,381,hard_flex
1789707240.7981172,369,hard_flex
1789707240.798264,367,hard_flex
1789707240.798341,354,hard_flex
1789707240.798408,347,hard_flex
1789707240.798473,324,hard_flex
1789707240.798537,295,hard_flex
1789707240.798601,289,hard_flex
1789707240.831933,311,hard_flex
1789707240.832047,311,hard_flex
1789707240.83213,348,hard_flex
1789707240.8321989,338,hard_flex
1789707240.832267,362,hard_flex
1789707240.8323321,381,hard_flex
1789707240.865789,352,hard_flex
1789707240.865911,318,hard_flex
1789707240.8659909,285,hard_flex
1789707240.866067,280,hard_flex
1789707240.866137,263,hard_flex
1789707240.866202,251,hard_flex
1789707240.866267,233,hard_flex
1789707240.899657,255,hard_flex
1789707240.899765,272,hard_flex
1789707240.899838,286,hard_flex
1789707240.8999062,296,hard_flex
1789707240.8999732,299,hard_flex
1789707240.900046,313,hard_flex
1789707240.933422,302,hard_flex
1789707240.933527,280,hard_flex
1789707240.933598,264,hard_flex
1789707240.9336672,250,hard_flex
1789707240.933734,246,hard_flex
1789707240.9337971,261,hard_flex
1789707240.967173,238,hard_flex
1789707240.9675388,242,hard_flex
1789707240.967641,244,hard_flex
1789707240.9676921,263,hard_flex
1789707240.9677398,305,hard_flex
1789707240.9677818,337,hard_flex
1789707240.967823,325,hard_flex
1789707241.001248,300,hard_flex
1789707241.001371,276,hard_flex
1789707241.0014532,266,hard_flex
1789707241.001524,253,hard_flex
1789707241.001591,228,hard_flex
1789707241.001657,206,hard_flex
1789707241.0348318,195,hard_flex
1789707241.034955,195,hard_flex
1789707241.035033,193,hard_flex
1789707241.035106,174,hard_flex
1789707241.0351748,169,hard_flex
1789707241.035241,169,hard_flex
1789707241.035305,175,hard_flex
1789707241.0686872,197,hard_flex
1789707241.068799,207,hard_flex
1789707241.068872,203,hard_flex
1789707241.068938,187,hard_flex
1789707241.0690072,185,hard_flex
1789707241.069073,191,hard_flex
1789707241.102487,178,hard_flex
1789707241.102603,188,hard_flex
1789707241.10268,192,hard_flex
1789707241.102782,193,hard_flex
1789707241.102868,190,hard_flex
1789707241.102912,201,hard_flex
1789707241.136327,199,hard_flex
1789707241.136498,189,hard_flex
1789707241.136585,175,hard_flex
1789707241.136655,174,hard_flex
1789707241.136723,190,hard_flex
1789707241.136791,178,hard_flex
1789707241.1368551,180,hard_flex
1789707241.170686,191,hard_flex
1789707241.170806,173,hard_flex
1789707241.170969,205,hard_flex
1789707241.1710432,230,hard_flex
1789707241.171113,227,hard_flex
1789707241.171217,211,hard_flex
1789707241.2039008,196,hard_flex
1789707241.204034,201,hard_flex
1789707241.2041118,188,hard_flex
1789707241.204184,173,hard_flex
1789707241.204253,160,hard_flex
1789707241.20432,148,hard_flex
1789707241.204383,161,hard_flex
1789707241.237718,166,hard_flex
1789707241.237828,178,hard_flex
1789707241.237899,167,hard_flex
1789707241.237963,150,hard_flex
1789707241.238028,140,hard_flex
1789707241.238118,129,hard_flex
1789707241.271488,118,hard_flex
1789707241.271591,131,hard_flex
1789707241.271936,145,hard_flex
1789707241.272089,151,hard_flex
1789707241.2722611,180,hard_flex
1789707241.272317,184,hard_flex
1789707241.3052301,186,hard_flex
1789707241.30537,184,hard_flex
1789707241.305452,177,hard_flex
1789707241.305648,179,hard_flex
1789707241.30595,167,hard_flex
1789707241.306175,162,hard_flex
1789707241.3063,155,hard_flex
1789707241.3390322,172,hard_flex
1789707241.339144,172,hard_flex
1789707241.339217,200,hard_flex
1789707241.3392808,194,hard_flex
1789707241.3393412,180,hard_flex
1789707241.339401,167,hard_flex
1789707241.373193,161,hard_flex
1789707241.373287,159,hard_flex
1789707241.3733382,206,hard_flex
1789707241.373385,256,hard_flex
1789707241.373424,251,hard_flex
1789707241.37346,281,hard_flex
1789707241.3735008,287,hard_flex
1789707241.406634,287,hard_flex
1789707241.406754,272,hard_flex
1789707241.406902,256,hard_flex
1789707241.406977,280,hard_flex
1789707241.407043,270,hard_flex
1789707241.407105,278,hard_flex
1789707241.440497,291,hard_flex
1789707241.440604,280,hard_flex
1789707241.440673,259,hard_flex
1789707241.440753,240,hard_flex
1789707241.4408178,239,hard_flex
1789707241.440883,226,hard_flex
1789707241.474336,233,hard_flex
1789707241.474493,219,hard_flex
1789707241.4745688,244,hard_flex
1789707241.474633,260,hard_flex
1789707241.474695,254,hard_flex
1789707241.474756,236,hard_flex
1789707241.474816,245,hard_flex
1789707241.508193,251,hard_flex
1789707241.508306,255,hard_flex
1789707241.508383,281,hard_flex
1789707241.5085719,266,hard_flex
1789707241.508669,265,hard_flex
1789707241.5088809,270,hard_flex
1789707241.5418491,253,hard_flex
1789707241.541955,242,hard_flex
1789707241.542023,251,hard_flex
1789707241.542089,246,hard_flex
1789707241.542152,271,hard_flex
1789707241.5422132,305,hard_flex
1789707241.5422752,351,hard_flex
1789707241.575892,333,hard_flex
1789707241.576025,326,hard_flex
1789707241.576104,309,hard_flex
1789707241.576179,285,hard_flex
1789707241.576273,282,hard_flex
1789707241.57635,299,hard_flex
1789707241.6095061,308,hard_flex
1789707241.609607,318,hard_flex
1789707241.6096718,320,hard_flex
1789707241.609735,316,hard_flex
1789707241.609796,303,hard_flex
1789707241.609856,299,hard_flex
1789707241.64341,314,hard_flex
1789707241.643568,325,hard_flex
1789707241.6436381,354,hard_flex
1789707241.643701,383,hard_flex
1789707241.6439161,359,hard_flex
1789707241.6439779,355,hard_flex
1789707241.644037,347,hard_flex
1789707241.677195,329,hard_flex
1789707241.677293,367,hard_flex
1789707241.6773582,384,hard_flex
1789707241.677421,387,hard_flex
1789707241.677482,393,hard_flex
1789707241.6775439,445,hard_flex
1789707241.710936,519,hard_flex
1789707241.7110689,536,hard_flex
1789707241.711141,505,hard_flex
1789707241.711204,461,hard_flex
1789707241.711264,416,hard_flex
1789707241.711324,383,hard_flex
1789707241.711383,394,hard_flex
1789707241.7447958,377,hard_flex
1789707241.744894,393,hard_flex
1789707241.7449589,455,hard_flex
1789707241.7450209,478,hard_flex
1789707241.7450821,513,hard_flex
1789707241.745142,482,hard_flex
1789707241.778571,491,hard_flex
1789707241.778653,474,hard_flex
1789707241.7786932,510,hard_flex
1789707241.778729,526,hard_flex
1789707241.778763,513,hard_flex
1789707241.7787971,482,hard_flex
1789707241.812363,519,hard_flex
1789707241.812499,598,hard_flex
1789707241.8125691,584,hard_flex
1789707241.812632,544,hard_flex
1789707241.812694,560,hard_flex
1789707241.812754,574,hard_flex
1789707241.812814,569,hard_flex
1789707241.846213,574,hard_flex
1789707241.846314,566,hard_flex
1789707241.846379,627,hard_flex
1789707241.846441,685,hard_flex
1789707241.846503,660,hard_flex
1789707241.846566,609,hard_flex
1789707241.87996,667,hard_flex
1789707241.880061,696,hard_flex
1789707241.88013,729,hard_flex
1789707241.880192,795,hard_flex
1789707241.880254,835,hard_flex
1789707241.880314,904,hard_flex
1789707241.880374,905,hard_flex
1789707241.9140658,873,hard_flex
1789707241.914124,820,hard_flex
1789707241.9142048,748,hard_flex
1789707241.91426,750,hard_flex
1789707241.914298,719,hard_flex
1789707241.914332,682,hard_flex
1789707241.947668,706,hard_flex
1789707241.947773,707,hard_flex
1789707241.947838,673,hard_flex
1789707241.9478998,626,hard_flex
1789707241.947961,597,hard_flex
1789707241.948021,561,hard_flex
1789707241.9812832,547,hard_flex
1789707241.981388,558,hard_flex
1789707241.9814432,540,hard_flex
1789707241.981492,721,hard_flex
1789707241.981544,844,hard_flex
1789707241.981588,933,hard_flex
1789707241.981629,933,hard_flex
1789707242.0153458,922,hard_flex
1789707242.0154638,868,hard_flex
1789707242.015539,857,hard_flex
1789707242.015605,835,hard_flex
1789707242.015669,801,hard_flex
1789707242.0157309,792,hard_flex
1789707242.0490959,742,hard_flex
1789707242.049213,754,hard_flex
1789707242.049286,845,hard_flex
1789707242.0493639,933,hard_flex
1789707242.049432,875,hard_flex
1789707242.0494971,904,hard_flex
1789707242.049563,884,hard_flex
1789707242.082867,849,hard_flex
1789707242.0829608,774,hard_flex
1789707242.0830238,762,hard_flex
1789707242.083084,748,hard_flex
1789707242.083145,680,hard_flex
1789707242.0832052,658,hard_flex
1789707242.116747,596,hard_flex
1789707242.116857,574,hard_flex
1789707242.116929,543,hard_flex
1789707242.116995,577,hard_flex
1789707242.117056,602,hard_flex
1789707242.117114,602,hard_flex
1789707242.150445,565,hard_flex
1789707242.150572,529,hard_flex
1789707242.150639,477,hard_flex
1789707242.1507,497,hard_flex
1789707242.150761,466,hard_flex
1789707242.150822,468,hard_flex
1789707242.150881,464,hard_flex
1789707242.1843069,488,hard_flex
1789707242.184387,492,hard_flex
1789707242.184434,485,hard_flex
1789707242.184478,477,hard_flex
1789707242.184522,467,hard_flex
1789707242.184565,503,hard_flex
1789707242.218085,479,hard_flex
1789707242.2181902,447,hard_flex
1789707242.218258,456,hard_flex
1789707242.2183309,432,hard_flex
1789707242.218393,405,hard_flex
1789707242.218452,374,hard_flex
1789707242.218511,388,hard_flex
1789707242.251976,416,hard_flex
1789707242.252075,452,hard_flex
1789707242.25214,479,hard_flex
1789707242.252202,509,hard_flex
1789707242.2522628,594,hard_flex
1789707242.252324,542,hard_flex
1789707242.285696,511,hard_flex
1789707242.285801,482,hard_flex
1789707242.285868,430,hard_flex
1789707242.28593,425,hard_flex
1789707242.285992,423,hard_flex
1789707242.2860532,425,hard_flex
1789707242.3195488,430,hard_flex
1789707242.31969,490,hard_flex
1789707242.319763,505,hard_flex
1789707242.319829,496,hard_flex
1789707242.319903,470,hard_flex
1789707242.3199658,432,hard_flex
1789707242.32003,408,hard_flex
1789707242.353421,394,hard_flex
1789707242.3535202,385,hard_flex
1789707242.353584,378,hard_flex
1789707242.353645,408,hard_flex
1789707242.353706,372,hard_flex
1789707242.353856,358,hard_flex
1789707242.3872051,358,hard_flex
1789707242.3873112,365,hard_flex
1789707242.387378,332,hard_flex
1789707242.3874419,304,hard_flex
1789707242.3875031,285,hard_flex
1789707242.3875651,340,hard_flex
1789707242.387626,339,hard_flex
1789707242.421042,389,hard_flex
1789707242.421144,379,hard_flex
1789707242.42121,378,hard_flex
1789707242.421272,349,hard_flex
1789707242.421345,331,hard_flex
1789707242.421404,312,hard_flex
1789707242.4548109,317,hard_flex
1789707242.454912,323,hard_flex
1789707242.454978,324,hard_flex
1789707242.455039,312,hard_flex
1789707242.4550998,312,hard_flex
1789707242.4551601,302,hard_flex
1789707242.488608,282,hard_flex
1789707242.488745,313,hard_flex
1789707242.488812,315,hard_flex
1789707242.488878,309,hard_flex
1789707242.48894,294,hard_flex
1789707242.4889998,281,hard_flex
1789707242.489059,265,hard_flex
1789707242.522391,247,hard_flex
1789707242.522513,261,hard_flex
1789707242.522597,273,hard_flex
1789707242.5227652,267,hard_flex
1789707242.522839,273,hard_flex
1789707242.522903,279,hard_flex
1789707242.5561888,258,hard_flex
1789707242.556292,237,hard_flex
1789707242.5563588,293,hard_flex
1789707242.556447,335,hard_flex
1789707242.556588,358,hard_flex
1789707242.557997,324,hard_flex
1789707242.558084,320,hard_flex
1789707242.590666,313,hard_flex
1789707242.59081,289,hard_flex
1789707242.592299,270,hard_flex
1789707242.5923579,255,hard_flex
1789707242.592403,280,hard_flex
1789707242.592443,302,hard_flex
1789707242.623817,343,hard_flex
1789707242.623917,380,hard_flex
1789707242.6239848,401,hard_flex
1789707242.6240482,389,hard_flex
1789707242.624109,382,hard_flex
1789707242.624234,355,hard_flex
1789707242.657732,328,hard_flex
1789707242.6578612,337,hard_flex
1789707242.65803,325,hard_flex
1789707242.6581068,295,hard_flex
1789707242.658172,268,hard_flex
1789707242.658232,263,hard_flex
1789707242.658294,253,hard_flex
1789707242.69151,280,hard_flex
1789707242.691742,305,hard_flex
1789707242.6918201,297,hard_flex
1789707242.691888,301,hard_flex
1789707242.691953,290,hard_flex
1789707242.6920278,279,hard_flex
1789707242.725216,295,hard_flex
1789707242.725319,273,hard_flex
1789707242.7253828,275,hard_flex
1789707242.725444,283,hard_flex
1789707242.725505,274,hard_flex
1789707242.725564,298,hard_flex
1789707242.725624,326,hard_flex
1789707242.7591581,348,hard_flex
1789707242.759347,388,hard_flex
1789707242.759434,371,hard_flex
1789707242.7595031,376,hard_flex
1789707242.759568,348,hard_flex
1789707242.759629,336,hard_flex
1789707242.792916,325,hard_flex
1789707242.7930171,321,hard_flex
1789707242.793084,329,hard_flex
1789707242.793149,312,hard_flex
1789707242.793213,293,hard_flex
1789707242.7932749,276,hard_flex
1789707242.8266501,275,hard_flex
1789707242.826765,277,hard_flex
1789707242.8268642,262,hard_flex
1789707242.82692,250,hard_flex
1789707242.8269582,243,hard_flex
1789707242.826994,248,hard_flex
1789707242.827138,293,hard_flex
1789707242.860519,286,hard_flex
1789707242.860615,303,hard_flex
1789707242.860678,319,hard_flex
1789707242.860739,309,hard_flex
1789707242.860798,314,hard_flex
1789707242.860868,293,hard_flex
1789707242.8942962,267,hard_flex
1789707242.8944,253,hard_flex
1789707242.89447,240,hard_flex
1789707242.894536,216,hard_flex
1789707242.894599,219,hard_flex
1789707242.894662,218,hard_flex
1789707242.8947241,214,hard_flex
1789707242.928123,205,hard_flex
1789707242.928216,207,hard_flex
1789707242.928281,189,hard_flex
1789707242.928343,173,hard_flex
1789707242.928405,201,hard_flex
1789707242.928467,226,hard_flex
1789707242.961657,218,hard_flex
1789707242.961725,223,hard_flex
1789707242.96177,220,hard_flex
1789707242.961864,206,hard_flex
1789707242.9619079,193,hard_flex
1789707242.96195,178,hard_flex
1789707242.995734,211,hard_flex
1789707242.9958699,228,hard_flex
1789707242.995939,235,hard_flex
1789707242.9960032,219,hard_flex
1789707242.996066,201,hard_flex
1789707242.996127,191,hard_flex
1789707242.996188,199,hard_flex
1789707243.029584,189,hard_flex
1789707243.029686,177,hard_flex
1789707243.0297542,180,hard_flex
1789707243.029821,176,hard_flex
1789707243.029883,172,hard_flex
1789707243.0299578,175,hard_flex
1789707243.0633569,175,hard_flex
1789707243.063458,211,hard_flex
1789707243.063522,207,hard_flex
1789707243.063584,214,hard_flex
1789707243.0636458,228,hard_flex
1789707243.0637078,228,hard_flex
1789707243.063769,211,hard_flex
1789707243.097197,205,hard_flex
1789707243.09728,210,hard_flex
1789707243.097326,201,hard_flex
1789707243.097366,198,hard_flex
1789707243.097405,184,hard_flex
1789707243.097445,177,hard_flex
1789707243.130933,204,hard_flex
1789707243.1310642,211,hard_flex
1789707243.131149,237,hard_flex
1789707243.131218,229,hard_flex
1789707243.131286,222,hard_flex
1789707243.131352,201,hard_flex
1789707243.165246,196,hard_flex
1789707243.165403,192,hard_flex
1789707243.1654909,205,hard_flex
1789707243.165568,196,hard_flex
1789707243.1656399,186,hard_flex
1789707243.16571,195,hard_flex
1789707243.16578,205,hard_flex
1789707243.198686,213,hard_flex
1789707243.198793,208,hard_flex
1789707243.1988611,225,hard_flex
1789707243.19893,206,hard_flex
1789707243.198994,197,hard_flex
1789707243.1990578,195,hard_flex
1789707243.2324932,211,hard_flex
1789707243.2325928,251,hard_flex
1789707243.23264,239,hard_flex
1789707243.232679,250,hard_flex
1789707243.232715,255,hard_flex
1789707243.2327511,254,hard_flex
1789707243.232787,233,hard_flex
1789707243.266423,222,hard_flex
1789707243.26653,218,hard_flex
1789707243.266606,238,hard_flex
1789707243.2666728,232,hard_flex
1789707243.266743,230,hard_flex
1789707243.266811,218,hard_flex
1789707243.3000581,224,hard_flex
1789707243.30016,235,hard_flex
1789707243.300228,215,hard_flex
1789707243.300292,256,hard_flex
1789707243.300357,280,hard_flex
1789707243.30042,292,hard_flex
1789707243.333923,266,hard_flex
1789707243.334059,254,hard_flex
1789707243.334131,251,hard_flex
1789707243.334201,241,hard_flex
1789707243.3342662,236,hard_flex
1789707243.33433,229,hard_flex
1789707243.334406,209,hard_flex
1789707243.3678179,207,hard_flex
1789707243.367929,220,hard_flex
1789707243.368008,202,hard_flex
1789707243.368077,194,hard_flex
1789707243.368145,181,hard_flex
1789707243.3682098,166,hard_flex
1789707243.401504,169,hard_flex
1789707243.4016352,171,hard_flex
1789707243.401711,170,hard_flex
1789707243.4017868,163,hard_flex
1789707243.401854,154,hard_flex
1789707243.4019158,141,hard_flex
1789707243.40198,137,hard_flex
1789707243.4354,151,hard_flex
1789707243.435507,203,hard_flex
1789707243.435596,235,hard_flex
1789707243.435668,219,hard_flex
1789707243.435735,217,hard_flex
1789707243.435801,206,hard_flex
1789707243.469215,230,hard_flex
1789707243.4693272,259,hard_flex
1789707243.469399,252,hard_flex
1789707243.469465,237,hard_flex
1789707243.469528,259,hard_flex
1789707243.46959,251,hard_flex
1789707243.5029461,251,hard_flex
1789707243.503343,230,hard_flex
1789707243.503445,220,hard_flex
1789707243.5035782,218,hard_flex
1789707243.503658,232,hard_flex
1789707243.503797,248,hard_flex
1789707243.5038831,242,hard_flex
1789707243.5367858,233,hard_flex
1789707243.5368881,227,hard_flex
1789707243.536959,214,hard_flex
1789707243.5370638,213,hard_flex
1789707243.5374908,247,hard_flex
1789707243.5375779,228,hard_flex
1789707243.570862,238,hard_flex
1789707243.571149,269,hard_flex
1789707243.571244,269,hard_flex
1789707243.571311,245,hard_flex
1789707243.571373,243,hard_flex
1789707243.571433,251,hard_flex
1789707243.5714948,277,hard_flex
1789707243.6043031,290,hard_flex
1789707243.6043892,280,hard_flex
1789707243.604456,283,hard_flex
1789707243.604519,287,hard_flex
1789707243.604581,292,hard_flex
1789707243.60464,287,hard_flex
1789707243.638117,277,hard_flex
1789707243.6382442,253,hard_flex
1789707243.638315,241,hard_flex
1789707243.63838,223,hard_flex
1789707243.6384451,223,hard_flex
1789707243.638509,221,hard_flex
1789707243.671884,204,hard_flex
1789707243.672019,202,hard_flex
1789707243.67209,184,hard_flex
1789707243.672171,179,hard_flex
1789707243.67224,207,hard_flex
1789707243.672307,235,hard_flex
1789707243.672374,231,hard_flex
1789707243.7057521,239,hard_flex
1789707243.705832,220,hard_flex
1789707243.705881,204,hard_flex
1789707243.705929,196,hard_flex
1789707243.705975,186,hard_flex
1789707243.7060192,174,hard_flex
1789707243.739562,161,hard_flex
1789707243.739687,153,hard_flex
1789707243.739902,155,hard_flex
1789707243.7400131,162,hard_flex
1789707243.740088,152,hard_flex
1789707243.740153,145,hard_flex
1789707243.740214,143,hard_flex
1789707243.774109,167,hard_flex
1789707243.774225,199,hard_flex
1789707243.774296,211,hard_flex
1789707243.7743611,200,hard_flex
1789707243.7744231,214,hard_flex
1789707243.774482,207,hard_flex
1789707243.8073568,201,hard_flex
1789707243.80749,195,hard_flex
1789707243.8075788,179,hard_flex
1789707243.80765,171,hard_flex
1789707243.807714,171,hard_flex
1789707243.807777,179,hard_flex
1789707243.8410408,194,hard_flex
1789707243.841182,183,hard_flex
1789707243.8412569,180,hard_flex
1789707243.841326,165,hard_flex
1789707243.841395,165,hard_flex
1789707243.841463,183,hard_flex
1789707243.841537,191,hard_flex
1789707243.874898,190,hard_flex
1789707243.874996,181,hard_flex
1789707243.875058,169,hard_flex
1789707243.875118,153,hard_flex
1789707243.875178,142,hard_flex
1789707243.8752372,131,hard_flex
1789707243.9086761,142,hard_flex
1789707243.908791,155,hard_flex
1789707243.908865,152,hard_flex
1789707243.908937,141,hard_flex
1789707243.909007,143,hard_flex
1789707243.909075,144,hard_flex
1789707243.909141,145,hard_flex
1789707243.9425092,164,hard_flex
1789707243.942613,184,hard_flex
1789707243.942681,203,hard_flex
1789707243.942743,211,hard_flex
1789707243.9428039,216,hard_flex
1789707243.942865,225,hard_flex
1789707243.976429,213,hard_flex
1789707243.976554,198,hard_flex
1789707243.976633,179,hard_flex
1789707243.9766998,172,hard_flex
1789707243.976762,163,hard_flex
1789707243.976799,164,hard_flex
1789707244.0100741,150,hard_flex
1789707244.0102131,194,hard_flex
1789707244.0102952,230,hard_flex
1789707244.010359,214,hard_flex
1789707244.010422,215,hard_flex
1789707244.010483,205,hard_flex
1789707244.0105448,188,hard_flex
1789707244.043798,175,hard_flex
1789707244.043856,162,hard_flex
1789707244.043882,157,hard_flex
1789707244.043906,154,hard_flex
1789707244.043929,153,hard_flex
1789707244.0439522,162,hard_flex
1789707244.077648,199,hard_flex
1789707244.077753,245,hard_flex
1789707244.0778172,250,hard_flex
1789707244.077878,227,hard_flex
1789707244.077937,220,hard_flex
1789707244.0779939,212,hard_flex
1789707244.0780532,193,hard_flex
1789707244.1115022,179,hard_flex
1789707244.111573,178,hard_flex
1789707244.111614,174,hard_flex
1789707244.111653,157,hard_flex
1789707244.111691,172,hard_flex
1789707244.1117282,190,hard_flex
1789707244.1452641,182,hard_flex
1789707244.145372,199,hard_flex
1789707244.14544,204,hard_flex
1789707244.1455019,203,hard_flex
1789707244.1455638,206,hard_flex
1789707244.145625,209,hard_flex
1789707244.179053,206,hard_flex
1789707244.1791549,195,hard_flex
1789707244.179208,200,hard_flex
1789707244.179245,194,hard_flex
1789707244.1792798,214,hard_flex
1789707244.179316,236,hard_flex
1789707244.17935,212,hard_flex
1789707244.213004,199,hard_flex
1789707244.213111,187,hard_flex
1789707244.213183,171,hard_flex
1789707244.213263,155,hard_flex
1789707244.213325,162,hard_flex
1789707244.213386,181,hard_flex
1789707244.246809,175,hard_flex
1789707244.247144,194,hard_flex
1789707244.247311,198,hard_flex
1789707244.247541,182,hard_flex
1789707244.247581,195,hard_flex
1789707244.247617,188,hard_flex
1789707244.247683,175,hard_flex
1789707244.280736,167,hard_flex
1789707244.280846,153,hard_flex
1789707244.280916,154,hard_flex
1789707244.2809799,154,hard_flex
1789707244.281044,158,hard_flex
1789707244.281106,149,hard_flex
1789707244.314427,145,hard_flex
1789707244.31449,146,hard_flex
1789707244.314532,145,hard_flex
1789707244.31457,174,hard_flex
1789707244.3146071,182,hard_flex
1789707244.3146439,208,hard_flex
1789707244.348153,242,hard_flex
1789707244.3483,239,hard_flex
1789707244.348375,220,hard_flex
1789707244.348448,210,hard_flex
1789707244.3485131,195,hard_flex
1789707244.3485749,183,hard_flex
1789707244.348641,185,hard_flex
1789707244.382147,175,hard_flex
1789707244.382266,169,hard_flex
1789707244.3823411,162,hard_flex
1789707244.382412,154,hard_flex
1789707244.382477,143,hard_flex
1789707244.382797,148,hard_flex
1789707244.415793,147,hard_flex
1789707244.4158971,165,hard_flex
1789707244.415967,196,hard_flex
1789707244.416034,204,hard_flex
1789707244.416099,187,hard_flex
1789707244.4161642,196,hard_flex
1789707244.416227,187,hard_flex
1789707244.449622,178,hard_flex
1789707244.449709,164,hard_flex
1789707244.449758,153,hard_flex
1789707244.449804,155,hard_flex
1789707244.44985,152,hard_flex
1789707244.449894,150,hard_flex
1789707244.483405,150,hard_flex
1789707244.483504,153,hard_flex
1789707244.483571,159,hard_flex
1789707244.483636,153,hard_flex
1789707244.4836988,160,hard_flex
1789707244.483762,161,hard_flex
1789707244.51722,156,hard_flex
1789707244.5173619,148,hard_flex
1789707244.517437,146,hard_flex
1789707244.5175061,134,hard_flex
1789707244.517573,164,hard_flex
1789707244.517664,188,hard_flex
1789707244.5177422,191,hard_flex
1789707244.55117,208,hard_flex
1789707244.5514739,203,hard_flex
1789707244.55156,187,hard_flex
1789707244.551627,170,hard_flex
1789707244.551689,159,hard_flex
1789707244.55175,151,hard_flex
1789707244.584807,139,hard_flex
1789707251.892889,2,rest
1789707251.892908,32,rest
1789707251.892917,32,rest
1789707251.892926,33,rest
1789707251.8929338,33,rest
1789707251.8929422,31,rest
1789707251.89295,33,rest
1789707251.892957,35,rest
1789707251.892965,33,rest
1789707251.892973,31,rest
1789707251.8929799,31,rest
1789707251.892988,30,rest
1789707251.892995,31,rest
1789707251.893003,32,rest
1789707251.89301,31,rest
1789707251.893018,29,rest
1789707251.893025,30,rest
1789707251.893033,29,rest
1789707251.8930402,29,rest
1789707251.893048,33,rest
1789707251.893056,33,rest
1789707251.8930628,31,rest
1789707251.8930712,33,rest
1789707251.893078,33,rest
1789707251.893086,32,rest
1789707251.8930938,33,rest
1789707251.893101,35,rest
1789707251.893109,35,rest
1789707251.893116,33,rest
1789707251.8931231,36,rest
1789707251.893131,36,rest
1789707251.893138,39,rest
1789707251.893148,50,rest
1789707251.893157,50,rest
1789707251.893167,49,rest
1789707251.893174,68,rest
1789707251.893182,53,rest
1789707251.8931892,54,rest
1789707251.893197,62,rest
1789707251.893204,44,rest
1789707251.8932118,42,rest
1789707251.8932202,40,rest
1789707251.893227,38,rest
1789707251.893235,40,rest
1789707251.8932421,39,rest
1789707251.89325,38,rest
1789707251.893257,36,rest
1789707251.893265,36,rest
1789707251.8932722,40,rest
1789707251.893279,39,rest
1789707251.893287,43,rest
1789707251.893294,44,rest
1789707251.893302,43,rest
1789707251.8933089,38,rest
1789707251.8933172,45,rest
1789707251.8933241,47,rest
1789707251.893332,50,rest
1789707251.893339,49,rest
1789707251.893347,46,rest
1789707251.893355,49,rest
1789707251.8933618,47,rest
1789707251.8933702,44,rest
1789707251.893377,44,rest
1789707251.893385,42,rest
1789707251.8933918,40,rest
1789707251.8934011,39,rest
1789707251.89341,37,rest
1789707251.893424,38,rest
1789707251.8934321,42,rest
1789707251.893439,44,rest
1789707251.893447,41,rest
1789707251.893454,39,rest
1789707251.893462,37,rest
1789707251.8934689,39,rest
1789707251.8934772,38,rest
1789707251.893484,37,rest
1789707251.893492,36,rest
1789707251.893501,35,rest
1789707251.8935082,34,rest
1789707251.893516,36,rest
1789707251.893523,39,rest
1789707251.8935308,36,rest
1789707251.893538,36,rest
1789707251.8935459,38,rest
1789707251.8935528,37,rest
1789707251.8935602,35,rest
1789707251.893568,34,rest
1789707251.893575,34,rest
1789707251.893583,34,rest
1789707251.89359,34,rest
1789707251.8935978,34,rest
1789707251.8936052,33,rest
1789707251.893613,34,rest
1789707251.893621,34,rest
1789707251.893628,32,rest
1789707251.893636,33,rest
1789707251.893643,32,rest
1789707251.893651,33,rest
1789707251.8936582,33,rest
1789707251.8936691,34,rest
1789707251.893677,34,rest
1789707251.8936892,32,rest
1789707251.893697,33,rest
1789707251.893704,32,rest
1789707251.8937118,31,rest
1789707251.893719,32,rest
1789707251.8937259,31,rest
1789707251.893734,30,rest
1789707251.8937411,32,rest
1789707251.89375,32,rest
1789707251.8937569,30,rest
1789707251.8937652,32,rest
1789707251.8937721,32,rest
1789707251.893779,31,rest
1789707251.893787,32,rest
1789707251.893794,32,rest
1789707251.893802,32,rest
1789707251.8938088,31,rest
1789707251.8938172,32,rest
1789707251.893824,31,rest
1789707251.893832,30,rest
1789707251.8938391,31,rest
1789707251.893847,30,rest
1789707251.893854,29,rest
1789707251.8938618,27,rest
1789707251.8938692,31,rest
1789707251.893877,30,rest
1789707251.893884,31,rest
1789707251.893891,31,rest
1789707251.893899,30,rest
1789707251.8939068,32,rest
1789707251.8939142,34,rest
1789707251.893922,32,rest
1789707251.893931,32,rest
1789707251.893939,33,rest
1789707251.89395,32,rest
1789707251.8939579,32,rest
1789707251.893965,23,rest
1789707251.893971,0,rest
1789707251.893978,31,rest
1789707251.893986,28,rest
1789707251.893992,0,rest
1789707251.893999,31,rest
1789707251.894007,35,rest
1789707251.894014,37,rest
1789707251.894022,44,rest
1789707251.8940291,46,rest
1789707251.894037,44,rest
1789707251.894044,41,rest
1789707251.894052,41,rest
1789707251.8940601,41,rest
1789707251.894067,38,rest
1789707251.894075,39,rest
1789707251.894082,42,rest
1789707251.89409,40,rest
1789707251.8940969,40,rest
1789707251.8941052,46,rest
1789707251.894112,46,rest
1789707251.89412,44,rest
1789707251.8941271,47,rest
1789707251.894135,45,rest
1789707251.894142,42,rest
1789707251.8941498,42,rest
1789707251.8941572,41,rest
1789707251.894165,38,rest
1789707251.894172,40,rest
1789707251.89418,42,rest
1789707251.894187,40,rest
1789707251.894197,41,rest
1789707251.8942049,43,rest
1789707251.894214,42,rest
1789707251.894222,41,rest
1789707251.894229,43,rest
1789707251.894237,41,rest
1789707251.8942451,39,rest
1789707251.894252,40,rest
1789707251.89426,40,rest
1789707251.8942668,38,rest
1789707251.894274,41,rest
1789707251.894282,40,rest
1789707251.8942888,38,rest
1789707251.8942971,39,rest
1789707251.894304,39,rest
1789707251.894312,37,rest
1789707251.89432,40,rest
1789707251.894327,41,rest
1789707251.8943338,38,rest
1789707251.894342,39,rest
1789707251.89435,41,rest
1789707251.894357,39,rest
1789707251.8943639,38,rest
1789707251.894372,38,rest
1789707251.894379,38,rest
1789707251.894387,34,rest
1789707251.8943942,37,rest
1789707251.894402,38,rest
1789707251.894409,36,rest
1789707251.8944168,38,rest
1789707251.894424,38,rest
1789707251.894432,36,rest
1789707251.894439,37,rest
1789707251.894447,35,rest
1789707251.894458,34,rest
1789707251.894467,35,rest
1789707251.894475,34,rest
1789707251.894482,32,rest
1789707251.89449,32,rest
1789707251.894497,32,rest
1789707251.894505,31,rest
1789707251.8945122,30,rest
1789707251.89452,30,rest
1789707251.894527,29,rest
1789707251.8945348,29,rest
1789707251.894542,28,rest
1789707251.894549,28,rest
1789707251.894557,28,rest
1789707251.8945642,27,rest
1789707251.894572,27,rest
1789707251.894579,28,rest
1789707251.8945868,28,rest
1789707251.894594,28,rest
1789707251.8946009,28,rest
1789707251.894609,28,rest
1789707251.8946161,28,rest
1789707251.894624,28,rest
1789707251.894631,28,rest
1789707251.894639,27,rest
1789707251.894646,28,rest
1789707251.894654,28,rest
1789707251.8946612,27,rest
1789707251.894669,26,rest
1789707251.894676,26,rest
1789707251.8946838,26,rest
1789707251.8946922,26,rest
1789707251.894699,27,rest
1789707251.894709,27,rest
1789707251.89472,26,rest
1789707251.894728,27,rest
1789707251.894735,30,rest
1789707251.894746,29,rest
1789707251.894754,41,rest
1789707251.894762,87,rest
1789707251.894769,43,rest
1789707251.894776,85,rest
1789707251.894784,44,rest
1789707251.8947918,46,rest
1789707251.894799,27,rest
1789707251.894807,25,rest
1789707251.894814,26,rest
1789707251.8948212,26,rest
1789707251.894829,26,rest
1789707251.894836,30,rest
1789707251.8948438,31,rest
1789707251.894851,30,rest
1789707251.894859,31,rest
1789707251.894866,31,rest
1789707251.894874,30,rest
1789707251.894881,31,rest
1789707251.8948889,31,rest
1789707251.894896,31,rest
1789707251.8949041,30,rest
1789707251.894911,31,rest
1789707251.894919,30,rest
1789707251.894926,30,rest
1789707251.894934,32,rest
1789707251.8949409,29,rest
1789707251.8949492,28,rest
1789707251.894956,28,rest
1789707251.894967,29,rest
1789707251.894975,30,rest
1789707251.8949828,29,rest
1789707251.8949912,32,rest
1789707251.894998,28,rest
1789707251.895006,28,rest
1789707251.8950138,27,rest
1789707251.895021,32,rest
1789707251.8950279,30,rest
1789707251.895036,33,rest
1789707251.8950431,36,rest
1789707251.895051,42,rest
1789707251.895058,41,rest
1789707251.895066,31,rest
1789707251.895073,30,rest
1789707251.895081,31,rest
1789707251.8950882,37,rest
1789707251.895095,35,rest
1789707251.895103,49,rest
1789707251.89511,32,rest
1789707251.895118,33,rest
1789707251.895125,33,rest
1789707251.895133,34,rest
1789707251.8951402,35,rest
1789707251.895148,35,rest
1789707251.895155,34,rest
1789707251.8951628,35,rest
1789707251.89517,33,rest
1789707251.895178,32,rest
1789707251.8951879,34,rest
1789707251.8951948,35,rest
1789707251.895203,34,rest
1789707251.89521,36,rest
1789707251.895276,38,rest
1789707251.895286,37,rest
1789707251.895294,41,rest
1789707251.8953018,49,rest
1789707251.895309,51,rest
1789707251.895316,49,rest
1789707251.895324,55,rest
1789707251.8953311,44,rest
1789707251.895339,44,rest
1789707251.895346,47,rest
1789707251.895353,46,rest
1789707251.895361,42,rest
1789707251.8953679,39,rest
1789707251.895376,39,rest
1789707251.8953831,43,rest
1789707251.895391,42,rest
1789707251.895398,42,rest
1789707251.895406,43,rest
1789707251.895413,41,rest
1789707251.8954198,39,rest
1789707251.8954282,40,rest
1789707251.895435,40,rest
1789707251.895443,38,rest
1789707251.89545,36,rest
1789707251.895458,34,rest
1789707251.895465,33,rest
1789707251.895472,32,rest
1789707251.8954802,31,rest
1789707251.895488,30,rest
1789707251.895495,30,rest
1789707251.895503,30,rest
1789707251.89551,29,rest
1789707251.895518,28,rest
1789707251.8955252,30,rest
1789707251.895534,30,rest
1789707251.895544,28,rest
1789707251.895552,29,rest
1789707251.8955588,28,rest
1789707251.895566,28,rest
1789707251.895574,30,rest
1789707251.895581,31,rest
1789707251.895589,29,rest
1789707251.895596,30,rest
1789707251.895604,30,rest
1789707251.8956108,29,rest
1789707251.895618,30,rest
1789707251.895626,31,rest
1789707251.895633,29,rest
1789707251.895641,28,rest
1789707251.895648,29,rest
1789707251.8956559,28,rest
1789707251.895663,28,rest
1789707251.8956711,28,rest
1789707251.895678,27,rest
1789707251.895686,26,rest
1789707251.895693,26,rest
1789707251.8957,25,rest
1789707251.8957078,25,rest
1789707251.895715,25,rest
1789707251.895723,25,rest
1789707251.89573,24,rest
1789707251.8957372,24,rest
1789707251.895745,23,rest
1789707251.895752,23,rest
1789707251.8957598,24,rest
1789707251.895767,23,rest
1789707251.895775,25,rest
1789707251.895784,25,rest
1789707251.8957922,25,rest
1789707251.8958,29,rest
1789707251.895808,36,rest
1789707251.895815,45,rest
1789707251.895823,60,rest
1789707251.89583,77,rest
1789707251.8958368,89,rest
1789707251.8958452,97,rest
1789707251.8958552,105,rest
1789707251.895864,115,rest
1789707251.895873,130,rest
1789707251.895882,145,rest
1789707251.895891,142,rest
1789707251.8959,129,rest
1789707251.895909,119,rest
1789707251.8959181,113,rest
1789707251.895927,106,rest
1789707251.895935,97,rest
1789707251.895942,88,rest
1789707251.89595,81,rest
1789707251.895957,84,rest
1789707251.8959649,94,rest
1789707251.895974,101,rest
1789707251.8959832,113,rest
1789707251.895992,124,rest
1789707251.896001,130,rest
1789707251.89601,132,rest
1789707251.89602,147,rest
1789707251.896029,163,rest
1789707251.896041,179,rest
1789707251.896052,200,rest
1789707251.896061,216,rest
1789707251.89607,231,rest
1789707251.896079,243,rest
1789707251.8960881,245,rest
1789707251.896097,237,rest
1789707251.896106,229,rest
1789707251.8961148,220,rest
1789707251.896124,205,rest
1789707251.8961332,194,rest
1789707251.8961432,183,rest
1789707251.896152,166,rest
1789707251.896161,149,rest
1789707251.89617,135,rest
1789707251.896179,137,rest
1789707251.896188,154,rest
1789707251.896197,166,rest
1789707251.8962061,177,rest
1789707251.896215,183,rest
1789707251.896224,186,rest
1789707251.8962328,192,rest
1789707251.896242,191,rest
1789707251.896251,181,rest
1789707251.89626,176,rest
1789707251.896269,167,rest
1789707251.89628,151,rest
1789707251.896291,137,rest
1789707251.8963,124,rest
1789707251.896308,111,rest
1789707251.896318,112,rest
1789707251.896327,117,rest
1789707251.8963358,121,rest
1789707251.8963451,129,rest
1789707251.896354,134,rest
1789707251.896363,131,rest
1789707251.896372,123,rest
1789707251.8963819,117,rest
1789707251.896391,111,rest
1789707251.8964,107,rest
1789707251.896409,111,rest
1789707251.896418,113,rest
1789707251.896427,116,rest
1789707251.896436,117,rest
1789707251.896445,119,rest
1789707251.8964539,127,rest
1789707251.8964632,128,rest
1789707251.896472,127,rest
1789707251.896481,118,rest
1789707251.89649,107,rest
1789707251.896497,99,rest
1789707251.896505,90,rest
1789707251.896512,83,rest
1789707251.89652,77,rest
1789707251.896534,71,rest
1789707251.896543,65,rest
1789707251.89655,65,rest
1789707251.896558,62,rest
1789707251.896565,59,rest
1789707251.8965719,60,rest
1789707251.89658,59,rest
1789707251.896587,55,rest
1789707251.896595,52,rest
1789707251.8966022,51,rest
1789707251.89661,48,rest
1789707251.896617,48,rest
1789707251.896624,55,rest
1789707251.896632,53,rest
1789707251.8966389,52,rest
1789707251.896647,54,rest
1789707251.8966541,52,rest
1789707251.896662,51,rest
1789707251.896669,54,rest
1789707251.896676,54,rest
1789707251.896684,52,rest
1789707251.8966908,56,rest
1789707251.896699,56,rest
1789707251.896706,53,rest
1789707251.896714,54,rest
1789707251.896721,55,rest
1789707251.896729,52,rest
1789707251.896736,53,rest
1789707251.896744,57,rest
1789707251.896752,55,rest
1789707251.896759,58,rest
1789707251.896766,63,rest
1789707251.8967738,62,rest
1789707251.896788,60,rest
1789707251.896797,62,rest
1789707251.896805,62,rest
1789707251.896812,60,rest
1789707251.89682,63,rest
1789707251.896827,63,rest
1789707251.896835,60,rest
1789707251.896842,61,rest
1789707251.896849,63,rest
1789707251.896857,60,rest
1789707251.896864,61,rest
1789707251.896872,62,rest
1789707251.8968792,57,rest
1789707251.896887,56,rest
1789707251.896894,58,rest
1789707251.8969018,56,rest
1789707251.896909,53,rest
1789707251.896917,53,rest
1789707251.896924,50,rest
1789707251.8969321,47,rest
1789707251.896939,47,rest
1789707251.896946,46,rest
1789707251.896954,43,rest
1789707251.896961,43,rest
1789707251.8969688,42,rest
1789707251.8969758,40,rest
1789707251.896984,41,rest
1789707251.896991,42,rest
1789707251.896998,40,rest
1789707251.897006,38,rest
1789707251.897013,39,rest
1789707251.8970208,36,rest
1789707251.8970282,36,rest
1789707251.897036,36,rest
1789707251.8970501,35,rest
1789707251.897059,33,rest
1789707251.897067,34,rest
1789707251.897075,34,rest
1789707251.897082,33,rest
1789707251.897089,35,rest
1789707251.8970969,35,rest
1789707251.8971038,33,rest
1789707251.8971121,32,rest
1789707251.897119,30,rest
1789707251.897127,29,rest
1789707251.897134,30,rest
1789707251.897142,30,rest
1789707251.8971488,30,rest
1789707251.8971572,30,rest
1789707251.897164,31,rest
1789707251.897172,30,rest
1789707251.897179,29,rest
1789707251.897187,29,rest
1789707251.897194,28,rest
1789707251.8972008,26,rest
1789707251.8972092,28,rest
1789707251.897216,29,rest
1789707251.897223,28,rest
1789707251.897231,30,rest
1789707251.897238,30,rest
1789707251.897246,29,rest
1789707251.897253,28,rest
1789707251.8972611,27,rest
1789707251.897268,30,rest
1789707251.897275,29,rest
1789707251.897283,28,rest
1789707251.89729,26,rest
1789707251.8972979,27,rest
1789707251.8973079,30,rest
1789707251.897316,29,rest
1789707251.897324,29,rest
1789707251.897332,29,rest
1789707251.8973389,28,rest
1789707251.897346,27,rest
1789707251.897354,29,rest
1789707251.897362,30,rest
1789707251.8973691,28,rest
1789707251.897376,29,rest
1789707251.897384,28,rest
1789707251.897391,27,rest
1789707251.897399,27,rest
1789707251.8974059,27,rest
1789707251.897413,26,rest
1789707251.8974211,27,rest
1789707251.897428,27,rest
1789707251.897436,27,rest
1789707251.897443,26,rest
1789707251.897451,27,rest
1789707251.8974578,27,rest
1789707251.897465,26,rest
1789707251.897473,27,rest
1789707251.89748,26,rest
1789707251.8974879,25,rest
1789707251.897495,28,rest
1789707251.897502,28,rest
1789707251.8975098,27,rest
1789707251.897517,28,rest
1789707251.897525,27,rest
1789707251.897532,26,rest
1789707251.89754,27,rest
1789707251.897547,29,rest
1789707251.897554,29,rest
1789707251.897565,29,rest
1789707251.897575,31,rest
1789707251.897583,30,rest
1789707251.89759,30,rest
1789707251.897598,31,rest
1789707251.8976052,30,rest
1789707251.897613,28,rest
1789707251.89762,29,rest
1789707251.8976278,29,rest
1789707251.897635,28,rest
1789707251.897642,29,rest
1789707251.89765,30,rest
1789707251.8976572,29,rest
1789707251.897681,29,rest
1789707251.8976882,27,rest
1789707251.897696,27,rest
1789707251.897703,28,rest
1789707251.897711,28,rest
1789707251.897718,27,rest
1789707251.8977249,26,rest
1789707251.8977332,27,rest
1789707251.8977401,27,rest
1789707251.897747,26,rest
1789707251.897755,27,rest
1789707251.897762,27,rest
1789707251.897769,25,rest
1789707251.8977768,28,rest
1789707251.897784,27,rest
1789707251.897791,27,rest
1789707251.897799,28,rest
1789707251.8978062,28,rest
1789707251.897813,26,rest
1789707251.897821,27,rest
1789707251.8978298,27,rest
1789707251.897838,27,rest
1789707251.897847,26,rest
1789707251.8978539,27,rest
1789707251.897861,26,rest
1789707251.897869,25,rest
1789707251.897876,25,rest
1789707251.897883,25,rest
1789707251.897891,25,rest
1789707251.897898,25,rest
1789707251.8979058,24,rest
1789707251.897913,24,rest
1789707251.89792,25,rest
1789707251.897928,25,rest
1789707251.8979352,25,rest
1789707251.897943,24,rest
1789707251.89795,24,rest
1789707251.897957,24,rest
1789707251.897965,24,rest
1789707251.8979719,25,rest
1789707251.89798,25,rest
1789707251.8979871,25,rest
1789707251.897995,25,rest
1789707251.898002,25,rest
1789707251.89801,24,rest
1789707251.898017,27,rest
1789707251.898025,27,rest
1789707251.8980322,26,rest
1789707251.898039,26,rest
1789707251.898047,26,rest
1789707251.898054,25,rest
1789707251.898062,29,rest
1789707251.898069,31,rest
1789707251.8980758,29,rest
1789707251.8980858,30,rest
1789707251.8980942,29,rest
1789707251.898103,29,rest
1789707251.89811,28,rest
1789707251.8981178,28,rest
1789707251.8981252,27,rest
1789707251.898133,26,rest
1789707251.89814,26,rest
1789707251.898148,26,rest
1789707251.898155,25,rest
1789707251.898162,25,rest
1789707251.89817,25,rest
1789707251.898177,24,rest
1789707251.898185,24,rest
1789707251.898192,24,rest
1789707251.898199,24,rest
1789707251.898207,24,rest
1789707251.8982139,24,rest
1789707251.898222,24,rest
1789707251.898229,23,rest
1789707251.8982358,25,rest
1789707251.8982441,25,rest
1789707251.898251,26,rest
1789707251.898259,27,rest
1789707251.898266,26,rest
1789707251.898274,26,rest
1789707251.8982809,28,rest
1789707251.898289,28,rest
1789707251.898296,28,rest
1789707251.898303,28,rest
1789707251.898311,28,rest
1789707251.898318,27,rest
1789707251.898326,26,rest
1789707251.8983328,26,rest
1789707251.8983428,26,rest
1789707251.8983512,26,rest
1789707251.89836,25,rest
1789707251.898367,25,rest
1789707251.8983748,24,rest
1789707251.8983822,25,rest
1789707251.89839,26,rest
1789707251.898397,25,rest
1789707251.898405,27,rest
1789707251.898412,26,rest
1789707251.898419,25,rest
1789707251.8984268,27,rest
1789707251.8984342,26,rest
1789707251.898442,27,rest
1789707251.898449,27,rest
1789707251.898457,26,rest
1789707251.898464,24,rest
1789707251.8984718,26,rest
1789707251.898479,27,rest
1789707251.898487,26,rest
1789707251.898494,25,rest
1789707251.8985019,25,rest
1789707251.898509,24,rest
1789707251.898517,24,rest
1789707251.8985238,24,rest
1789707251.898531,24,rest
1789707251.898539,24,rest
1789707251.898546,26,rest
1789707251.898554,26,rest
1789707251.898561,25,rest
1789707251.8985689,26,rest
1789707251.8985758,26,rest
1789707251.8985841,26,rest
1789707251.898591,26,rest
1789707251.898601,25,rest
1789707251.898609,25,rest
1789707251.898617,27,rest
1789707251.8986251,27,rest
1789707251.898632,26,rest
1789707251.89864,25,rest
1789707251.898647,25,rest
1789707251.898655,24,rest
1789707251.8986619,25,rest
1789707251.898669,25,rest
1789707251.898677,25,rest
1789707251.8986838,24,rest
1789707251.8986921,24,rest
1789707251.898699,26,rest
1789707251.898706,25,rest
1789707251.898714,25,rest
1789707251.898721,25,rest
1789707251.8987288,25,rest
1789707251.8987362,24,rest
1789707251.898744,24,rest
1789707251.898751,24,rest
1789707251.898759,24,rest
1789707251.898766,24,rest
1789707251.898773,24,rest
1789707251.8987808,23,rest
1789707251.8987882,24,rest
1789707251.898796,24,rest
1789707251.898803,24,rest
1789707251.8988109,24,rest
1789707251.898818,24,rest
1789707251.898826,22,rest
1789707251.8988328,23,rest
1789707251.8988411,23,rest
1789707251.898848,24,rest
1789707251.898858,24,rest
1789707251.898866,24,rest
1789707251.898874,23,rest
1789707251.8988822,25,rest
1789707251.898889,26,rest
1789707251.898897,25,rest
1789707251.898904,25,rest
1789707251.898911,24,rest
1789707251.8989189,24,rest
1789707251.898926,24,rest
1789707251.8989341,26,rest
1789707251.898941,26,rest
1789707251.8989482,26,rest
1789707251.898956,26,rest
1789707251.898963,25,rest
1789707251.8989708,24,rest
1789707251.8989792,24,rest
1789707251.898989,137,rest
1789707251.898998,179,rest
1789707251.899007,331,rest
1789707251.899015,50,rest
1789707251.899022,49,rest
1789707251.89903,46,rest
1789707251.899039,43,rest
1789707251.8990479,41,rest
1789707251.8990579,39,rest
1789707251.8990679,40,rest
1789707251.8990788,101,rest
1789707251.899091,279,rest
1789707251.8990998,404,rest
1789707251.8991091,490,rest
1789707251.899117,62,rest
1789707251.8991292,57,rest
1789707251.8991401,56,rest
1789707251.899149,53,rest
1789707251.8992178,49,rest
1789707251.8992572,46,rest
1789707251.899267,44,rest
1789707251.899276,43,rest
1789707251.899285,41,rest
1789707251.899293,39,rest
1789707251.899301,37,rest
1789707251.89931,34,rest
1789707251.899318,33,rest
1789707251.899327,33,rest
1789707251.8993359,33,rest
1789707251.899344,33,rest
1789707251.899352,31,rest
1789707251.8993611,30,rest
1789707251.899369,29,rest
1789707251.8993769,29,rest
1789707251.899385,29,rest
1789707251.899393,29,rest
1789707251.8994,28,rest
1789707251.8994079,28,rest
1789707251.899416,27,rest
1789707251.899426,27,rest
1789707251.899435,27,rest
1789707251.8994439,26,rest
1789707251.899453,26,rest
1789707251.899461,26,rest
1789707251.8994691,25,rest
1789707251.899477,26,rest
1789707251.8994849,26,rest
1789707251.899494,26,rest
1789707251.899503,26,rest
1789707251.899512,25,rest
1789707251.89952,25,rest
1789707251.899528,25,rest
1789707251.8995352,25,rest
1789707251.899543,26,rest
1789707251.89955,26,rest
1789707251.8995578,25,rest
1789707251.899565,25,rest
1789707251.899573,25,rest
1789707251.89958,25,rest
1789707251.899588,26,rest
1789707251.899595,26,rest
1789707251.899603,24,rest
1789707251.89961,24,rest
1789707251.8996181,24,rest
1789707251.899625,24,rest
1789707251.899633,25,rest
1789707251.89964,25,rest
1789707251.899648,24,rest
1789707251.8996549,24,rest
1789707251.8996632,24,rest
1789707251.8996701,24,rest
1789707251.899678,25,rest
1789707251.8996851,25,rest
1789707251.899693,24,rest
1789707251.8997,23,rest
1789707251.8997078,23,rest
1789707251.8997161,24,rest
1789707251.899723,24,rest
1789707251.899731,24,rest
1789707251.899738,23,rest
1789707251.899746,23,rest
1789707251.8997529,23,rest
1789707251.8997629,23,rest
1789707251.899772,24,rest
1789707251.899779,24,rest
1789707251.899787,23,rest
1789707251.8997939,23,rest
1789707251.8998022,23,rest
1789707251.8998091,24,rest
1789707251.899817,23,rest
1789707251.8998241,24,rest
1789707251.899832,23,rest
1789707251.899839,23,rest
1789707251.899847,23,rest
1789707251.8998542,23,rest
1789707251.899862,24,rest
1789707251.89987,24,rest
1789707251.899877,24,rest
1789707251.899885,24,rest
1789707251.8998919,23,rest
1789707251.8999,24,rest
1789707251.899907,27,rest
1789707251.899916,27,rest
1789707251.899926,26,rest
1789707251.899935,25,rest
1789707251.899945,25,rest
1789707251.8999538,25,rest
1789707251.8999639,26,rest
1789707251.899971,26,rest
1789707251.899979,26,rest
1789707251.899986,28,rest
1789707251.8999941,27,rest
1789707251.900001,27,rest
1789707251.900009,27,rest
1789707251.9000168,27,rest
1789707251.900026,26,rest
1789707251.900036,25,rest
1789707251.900047,25,rest
1789707251.9000561,25,rest
1789707251.900064,25,rest
1789707251.900073,26,rest
1789707251.900081,25,rest
1789707251.900089,24,rest
1789707251.9001012,180,rest
1789707251.900112,332,rest
1789707251.900123,443,rest
1789707251.9001331,526,rest
1789707251.900162,598,rest
1789707251.900172,720,rest
1789707251.900182,856,rest
1789707251.900192,976,rest
1789707251.900204,1023,rest
1789707251.900216,1020,rest
1789707251.900244,1022,rest
1789707251.9002728,1023,rest
1789707251.900286,1023,rest
1789707251.900346,542,rest
1789707251.900359,710,rest
1789707251.900369,712,rest
1789707251.900379,669,rest
1789707251.9003892,607,rest
1789707251.9003992,548,rest
1789707251.9004118,494,rest
1789707251.9004312,442,rest
1789707251.9004421,394,rest
1789707251.900453,353,rest
1789707251.900463,315,rest
1789707251.900474,282,rest
1789707251.9004831,253,rest
1789707251.9004931,226,rest
1789707251.900502,202,rest
1789707251.900512,183,rest
1789707251.9005241,275,rest
1789707251.900536,422,rest
1789707251.900546,529,rest
1789707251.900556,610,rest
1789707251.900566,666,rest
1789707251.900576,773,rest
1789707251.900586,910,rest
1789707251.900598,1010,rest
1789707251.90061,1016,rest
1789707251.9006221,1020,rest
1789707251.900634,1021,rest
1789707251.900646,1015,rest
1789707251.900657,1018,rest
1789707251.900668,1012,rest
1789707251.9006789,1002,rest
1789707251.900691,976,rest
1789707251.900701,931,rest
1789707251.9007099,904,rest
1789707251.9007192,894,rest
1789707251.900728,886,rest
1789707251.900737,888,rest
1789707251.9007459,872,rest
1789707251.900756,872,rest
1789707251.900765,875,rest
1789707251.900775,866,rest
1789707251.900784,865,rest
1789707251.900793,870,rest
1789707251.900803,862,rest
1789707251.9008121,864,rest
1789707251.900821,862,rest
1789707251.90083,866,rest
1789707251.9008389,864,rest
1789707251.9008489,859,rest
1789707251.9008582,866,rest
1789707251.900867,865,rest
1789707251.900876,858,rest
1789707251.900886,864,rest
1789707251.9008949,866,rest
1789707251.900904,861,rest
1789707251.900914,864,rest
1789707251.9009228,863,rest
1789707251.900934,865,rest
1789707251.900946,862,rest
1789707251.900955,864,rest
1789707251.900964,871,rest
1789707251.900973,863,rest
1789707251.900982,851,rest
1789707251.900991,863,rest
1789707251.901001,863,rest
1789707251.90101,859,rest
1789707251.9010189,861,rest
1789707251.901029,861,rest
1789707251.9010391,867,rest
1789707251.901048,863,rest
1789707251.901057,861,rest
1789707251.901066,867,rest
1789707251.901079,868,rest
1789707251.901088,862,rest
1789707251.901097,867,rest
1789707251.9011059,868,rest
1789707251.901116,866,rest
1789707251.9011252,865,rest
1789707251.901134,870,rest
1789707251.901143,878,rest
1789707251.901152,864,rest
1789707251.901162,868,rest
1789707251.901171,875,rest
1789707251.901181,866,rest
1789707251.901192,867,rest
1789707251.901202,871,rest
1789707251.901212,865,rest
1789707251.901221,865,rest
1789707251.90123,867,rest
1789707251.9012392,872,rest
1789707251.901249,871,rest
1789707251.901258,866,rest
1789707251.901267,869,rest
1789707251.9012759,874,rest
1789707251.901286,872,rest
1789707251.9012952,870,rest
1789707251.901304,870,rest
1789707251.901313,876,rest
1789707251.901322,874,rest
1789707251.901332,869,rest
1789707251.901341,873,rest
1789707251.9013498,879,rest
1789707251.90136,872,rest
1789707251.901369,871,rest
1789707251.9013782,874,rest
1789707251.901387,878,rest
1789707251.901397,877,rest
1789707251.901406,874,rest
1789707251.9014149,875,rest
1789707251.9014242,877,rest
1789707251.9014342,881,rest
1789707251.901443,874,rest
1789707251.901452,873,rest
1789707251.901461,881,rest
1789707251.90147,876,rest
1789707251.90148,874,rest
1789707251.9014888,880,rest
1789707251.901498,862,rest
1789707251.901508,869,rest
1789707251.9015172,370,rest
1789707251.901526,375,rest
1789707251.901536,346,rest
1789707251.901545,318,rest
1789707251.9015539,288,rest
1789707251.901563,257,rest
1789707251.9015732,232,rest
1789707251.901582,209,rest
1789707251.901592,187,rest
1789707251.901601,169,rest
1789707251.90161,152,rest
1789707251.90162,137,rest
1789707251.901629,124,rest
1789707251.9016378,114,rest
1789707251.9016478,332,rest
1789707251.901657,446,rest
1789707251.9016662,540,rest
1789707251.901675,616,rest
1789707251.901685,105,rest
1789707251.901692,98,rest
1789707251.9017,95,rest
1789707251.9017081,91,rest
1789707251.901716,84,rest
1789707251.901723,77,rest
1789707251.901731,71,rest
1789707251.9017391,65,rest
1789707251.901746,60,rest
1789707251.9017541,55,rest
1789707251.901761,52,rest
1789707251.901769,50,rest
1789707251.9017758,47,rest
1789707251.9017842,43,rest
1789707251.9017909,40,rest
1789707251.901799,39,rest
1789707251.901808,172,rest
1789707251.901817,319,rest
1789707251.901827,435,rest
1789707251.901836,529,rest
1789707251.9018428,52,rest
1789707251.901851,66,rest
1789707251.901858,68,rest
1789707251.901866,64,rest
1789707251.9018729,59,rest
1789707251.901881,55,rest
1789707251.901889,51,rest
1789707251.901897,48,rest
1789707251.9019039,46,rest
1789707251.901912,43,rest
1789707251.901919,41,rest
1789707251.901927,39,rest
1789707251.9019341,38,rest
1789707251.901942,36,rest
1789707251.901949,39,rest
1789707251.901959,210,rest
1789707251.9019678,356,rest
1789707251.901977,454,rest
1789707251.9019861,542,rest
1789707251.901995,636,rest
1789707251.902005,780,rest
1789707251.902014,926,rest
1789707251.902024,1023,rest
1789707251.902035,1023,rest
1789707251.902046,1021,rest
1789707251.902057,1018,rest
1789707251.902067,1023,rest
1789707251.902078,1020,rest
1789707251.9020889,1012,rest
1789707251.902098,981,rest
1789707251.9021068,934,rest
1789707251.902116,908,rest
1789707251.9021251,892,rest
1789707251.9021351,878,rest
1789707251.902144,876,rest
1789707251.902153,873,rest
1789707251.9021618,875,rest
1789707251.902171,347,rest
1789707251.9021811,263,rest
1789707251.90219,244,rest
1789707251.902199,219,rest
1789707251.902208,196,rest
1789707251.902217,180,rest
1789707251.902227,162,rest
1789707251.902236,146,rest
1789707251.902245,133,rest
1789707251.902254,120,rest
1789707251.902264,109,rest
1789707251.902271,99,rest
1789707251.902279,90,rest
1789707251.902286,81,rest
1789707251.902294,75,rest
1789707251.9023008,70,rest
1789707251.9023092,67,rest
1789707251.902318,230,rest
1789707251.902327,374,rest
1789707251.902336,476,rest
1789707251.902345,557,rest
1789707251.902354,652,rest
1789707251.9023628,809,rest
1789707251.9023721,952,rest
1789707251.902383,1023,rest
1789707251.902394,1023,rest
1789707251.902404,1023,rest
1789707251.902415,1021,rest
1789707251.902426,1018,rest
1789707251.9024372,1023,rest
1789707251.9024482,1015,rest
1789707251.902457,980,rest
1789707251.902466,931,rest
1789707251.902475,905,rest
1789707251.902484,898,rest
1789707251.902493,880,rest
1789707251.9025018,877,rest
1789707251.9025111,307,rest
1789707251.9025202,301,rest
1789707251.902529,272,rest
1789707251.902538,246,rest
1789707251.902547,219,rest
1789707251.902556,196,rest
1789707251.902566,179,rest
1789707251.902575,161,rest
1789707251.902584,144,rest
1789707251.9025931,130,rest
1789707251.902602,119,rest
1789707251.902611,107,rest
1789707251.902619,97,rest
1789707251.902626,89,rest
1789707251.902633,81,rest
1789707251.9026408,75,rest
1789707251.902648,70,rest
1789707251.902656,64,rest
1789707251.902663,60,rest
1789707251.902673,191,rest
1789707251.902682,351,rest
1789707251.9026911,469,rest
1789707251.9027,542,rest
1789707251.902714,632,rest
1789707251.902723,782,rest
1789707251.902733,920,rest
1789707251.902743,1022,rest
1789707251.902754,1018,rest
1789707251.902765,1023,rest
1789707251.902776,1023,rest
1789707251.902786,1019,rest
1789707251.902797,1019,rest
1789707251.902808,1018,rest
1789707251.902817,986,rest
1789707251.902826,461,rest
1789707251.902835,673,rest
1789707251.902844,680,rest
1789707251.902853,640,rest
1789707251.902863,584,rest
1789707251.902872,523,rest
1789707251.902881,470,rest
1789707251.921897,421,rest
1789707251.9219499,375,rest
1789707251.9219599,336,rest
1789707251.92197,299,rest
1789707251.921979,268,rest
1789707251.9219892,240,rest
1789707251.9219992,214,rest
1789707251.955332,192,rest
1789707251.955362,174,rest
1789707251.9554062,155,rest
1789707251.955418,140,rest
1789707251.9554298,128,rest
1789707251.955441,114,rest
1789707251.984622,105,rest
1789707251.984658,94,rest
1789707251.98467,86,rest
1789707251.984682,78,rest
1789707251.984693,73,rest
1789707251.984705,67,rest
1789707251.984716,62,rest
1789707251.989869,58,rest
1789707251.995147,55,rest
1789707252.0281112,194,rest
1789707252.028131,350,rest
1789707252.02815,462,rest
1789707252.0281699,542,rest
1789707252.028189,637,rest
1789707252.028209,786,rest
1789707252.06195,280,rest
1789707252.061974,377,rest
1789707252.061996,367,rest
1789707252.062019,339,rest
1789707252.062042,307,rest
1789707252.062065,274,rest
1789707252.0958872,248,rest
1789707252.095962,223,rest
1789707252.096001,199,rest
1789707252.096034,179,rest
1789707252.096069,162,rest
1789707252.0961,146,rest
1789707252.096131,131,rest
1789707252.111627,119,rest
1789707252.111727,108,rest
1789707252.1117818,98,rest
1789707252.116717,89,rest
1789707252.121789,81,rest
1789707252.12718,75,rest
1789707252.13251,69,rest
1789707252.138083,63,rest
1789707252.142944,58,rest
1789707252.148088,53,rest
1789707252.153404,50,rest
1789707252.158624,47,rest
1789707252.163595,45,rest
1789707252.169568,42,rest
1789707252.174488,39,rest
1789707252.1794481,37,rest
1789707252.184685,35,rest
1789707252.190062,34,rest
1789707252.195175,33,rest
1789707252.2005289,32,rest
1789707252.2057018,31,rest
1789707252.2110238,30,rest
1789707252.216324,29,rest
1789707252.2214441,29,rest
1789707252.2266948,28,rest
1789707252.2321632,28,rest
1789707252.2372632,27,rest
1789707252.2424588,26,rest
1789707252.2477,25,rest
1789707252.2528992,25,rest
1789707252.258177,26,rest
1789707252.2634041,25,rest
1789707252.268781,25,rest
1789707252.274461,24,rest
1789707252.279136,24,rest
1789707252.2844422,24,rest
1789707252.289552,24,rest
1789707252.294761,24,rest
1789707252.300172,23,rest
1789707252.3052642,23,rest
1789707252.3106291,23,rest
1789707252.315647,22,rest
1789707252.3210502,23,rest
1789707252.326324,23,rest
1789707252.331421,23,rest
1789707252.3367522,22,rest
1789707252.3420758,22,rest
1789707252.3473809,22,rest
1789707252.352417,22,rest
1789707252.3576908,23,rest
1789707252.363038,22,rest
1789707252.368302,22,rest
1789707252.373452,22,rest
1789707252.378665,22,rest
1789707252.383898,22,rest
1789707252.3891861,23,rest
1789707252.39438,22,rest
1789707252.399711,22,rest
1789707252.40502,22,rest
1789707252.410092,22,rest
1789707252.415425,22,rest
1789707252.420703,23,rest
1789707252.426807,23,rest
1789707252.431524,22,rest
1789707252.436491,23,rest
1789707252.4417322,23,rest
1789707252.447001,23,rest
1789707252.4521432,23,rest
1789707252.457941,23,rest
1789707252.462701,22,rest
1789707252.46799,22,rest
1789707252.47294,22,rest
1789707252.478216,23,rest
1789707252.4835699,23,rest
1789707252.4889002,23,rest
1789707252.4939468,23,rest
1789707252.4993641,22,rest
1789707252.504617,23,rest
1789707252.5097148,23,rest
1789707252.514857,23,rest
1789707252.520206,23,rest
1789707252.525525,23,rest
1789707252.530645,22,rest
1789707252.53597,22,rest
1789707252.54128,23,rest
1789707252.546508,23,rest
1789707252.551724,23,rest
1789707252.557222,23,rest
1789707252.562195,22,rest
1789707252.56748,22,rest
1789707252.573256,24,rest
1789707252.577954,24,rest
1789707252.583266,23,rest
1789707252.58831,23,rest
1789707252.593536,22,rest
1789707252.598909,22,rest
1789707252.604249,23,rest
1789707252.6095119,23,rest
1789707252.614845,23,rest
1789707252.619837,23,rest
1789707252.625107,23,rest
1789707252.630209,22,rest
1789707252.635647,24,rest
1789707252.640883,24,rest
1789707252.646008,23,rest
1789707252.651257,23,rest
1789707252.6566222,23,rest
1789707252.661798,23,rest
1789707252.66698,23,rest
1789707252.6725912,24,rest
1789707252.677444,23,rest
1789707252.6829288,23,rest
1789707252.6879191,23,rest
1789707252.693133,23,rest
1789707252.698622,23,rest
1789707252.703733,24,rest
1789707252.708948,23,rest
1789707252.714272,23,rest
1789707252.719499,22,rest
1789707252.724697,22,rest
1789707252.729939,22,rest
1789707252.73529,23,rest
1789707252.740366,23,rest
1789707252.745627,22,rest
1789707252.7508612,22,rest
1789707252.7561889,23,rest
1789707252.7611918,23,rest
1789707252.766644,23,rest
1789707252.771924,23,rest
1789707252.777143,22,rest
1789707252.782194,22,rest
1789707252.787526,23,rest
1789707252.7927349,22,rest
1789707252.798164,23,rest
1789707252.8032799,23,rest
1789707252.80863,22,rest
1789707252.813756,21,rest
1789707252.818969,21,rest
1789707252.8250911,22,rest
1789707252.829514,22,rest
1789707252.834743,22,rest
1789707252.840776,22,rest
1789707252.845196,21,rest
1789707252.850525,21,rest
1789707252.855655,23,rest
1789707252.860909,22,rest
1789707252.866223,22,rest
1789707252.8723688,21,rest
1789707252.8766851,21,rest
1789707252.8818,21,rest
1789707252.887079,22,rest
1789707252.8923972,22,rest
1789707252.897619,22,rest
1789707252.902763,22,rest
1789707252.908135,21,rest
1789707252.913301,22,rest
1789707252.918445,22,rest
1789707252.923973,22,rest
1789707252.9291131,22,rest
1789707252.9344718,22,rest
1789707252.9395342,22,rest
1789707252.944606,22,rest
1789707252.9499142,22,rest
1789707252.95531,23,rest
1789707252.9604049,23,rest
1789707252.965617,22,rest
1789707252.970977,22,rest
1789707252.97612,21,rest
1789707252.981316,22,rest
1789707252.986593,22,rest
1789707252.991978,22,rest
1789707252.997083,22,rest
1789707253.0030432,21,rest
1789707253.00772,21,rest
1789707253.0129158,21,rest
1789707253.018055,22,rest
1789707253.023381,22,rest
1789707253.028651,22,rest
1789707253.033781,21,rest
1789707253.039077,23,rest
1789707253.044348,24,rest
1789707253.0495481,23,rest
1789707253.054896,24,rest
1789707253.0600379,23,rest
1789707253.0654001,24,rest
1789707253.070553,24,rest
1789707253.075767,24,rest
1789707253.080987,25,rest
1789707253.0863569,25,rest
1789707253.091861,24,rest
1789707253.09664,25,rest
1789707253.102103,25,rest
1789707253.1073852,25,rest
1789707253.1125388,26,rest
1789707253.1176808,25,rest
1789707253.122875,24,rest
1789707253.128402,25,rest
1789707253.1334379,25,rest
1789707253.138745,25,rest
1789707253.143915,25,rest
1789707253.1492531,24,rest
1789707253.154355,24,rest
1789707253.1596532,23,rest
1789707253.16489,22,rest
1789707253.170783,23,rest
1789707253.1754282,23,rest
1789707253.180785,23,rest
1789707253.185905,23,rest
1789707253.191697,22,rest
1789707253.1962821,23,rest
1789707253.201613,23,rest
1789707253.206933,23,rest
1789707253.2119198,24,rest
1789707253.2172642,23,rest
1789707253.22249,22,rest
1789707253.227728,22,rest
1789707253.233134,22,rest
1789707253.238283,23,rest
1789707253.243573,23,rest
1789707253.248851,22,rest
1789707253.2539678,22,rest
1789707253.25924,22,rest
1789707253.2645152,22,rest
1789707253.269737,22,rest
1789707253.275008,23,rest
1789707253.280375,22,rest
1789707253.285525,22,rest
1789707253.290744,21,rest
1789707253.2958899,23,rest
1789707253.301261,24,rest
1789707253.3065019,23,rest
1789707253.311597,22,rest
1789707253.316821,21,rest
1789707253.322259,23,rest
1789707253.327459,23,rest
1789707253.3325272,23,rest
1789707253.33777,23,rest
1789707253.343227,23,rest
1789707253.348329,23,rest
1789707253.353599,23,rest
1789707253.3589041,23,rest
1789707253.364127,23,rest
1789707253.369358,23,rest
1789707253.3746738,23,rest
1789707253.379879,22,rest
1789707253.385223,22,rest
1789707253.390451,22,rest
1789707253.3954198,23,rest
1789707253.4009442,23,rest
1789707253.406003,22,rest
1789707253.411189,22,rest
1789707253.4165602,21,rest
1789707253.42189,22,rest
1789707253.426974,22,rest
1789707253.432235,22,rest
1789707253.437662,23,rest
1789707253.442653,22,rest
1789707253.448104,22,rest
1789707253.453225,23,rest
1789707253.4583528,23,rest
1789707253.46363,22,rest
1789707253.468847,23,rest
1789707253.4741702,25,rest
1789707253.4793391,25,rest
1789707253.4846652,26,rest
1789707253.49072,29,rest
1789707253.495098,28,rest
1789707253.5004952,26,rest
1789707253.50553,27,rest
1789707253.5108101,27,rest
1789707253.516099,26,rest
1789707253.521353,28,rest
1789707253.526693,28,rest
1789707253.531866,27,rest
1789707253.537428,29,rest
1789707253.542502,30,rest
1789707253.547555,30,rest
1789707253.552842,32,rest
1789707253.558122,35,rest
1789707253.563169,33,rest
1789707253.5685718,32,rest
1789707253.5738308,34,rest
1789707253.579232,32,rest
1789707253.584121,32,rest
1789707253.5893471,34,rest
1789707253.594738,32,rest
1789707253.599922,30,rest
1789707253.605102,33,rest
1789707253.6105118,33,rest
1789707253.6158059,33,rest
1789707253.6209679,36,rest
1789707253.626156,36,rest
1789707253.631406,33,rest
1789707253.6368582,32,rest
1789707253.642048,32,rest
1789707253.6469362,31,rest
1789707253.652245,31,rest
1789707253.657577,30,rest
1789707253.6627011,29,rest
1789707253.668035,28,rest
1789707253.673295,28,rest
1789707253.678584,27,rest
1789707253.683701,27,rest
1789707253.6890082,25,rest
1789707253.694263,25,rest
1789707253.69936,24,rest
1789707253.704704,24,rest
1789707253.7099562,25,rest
1789707253.715227,24,rest
1789707253.720342,23,rest
1789707253.725686,22,rest
1789707253.7308679,23,rest
1789707253.7361028,25,rest
1789707253.7413728,28,rest
1789707253.746612,27,rest
1789707253.751956,29,rest
1789707253.757586,33,rest
1789707253.762322,32,rest
1789707253.767775,32,rest
1789707253.772864,34,rest
1789707253.7780192,33,rest
1789707253.783273,31,rest
1789707253.788602,34,rest
1789707253.793885,35,rest
1789707253.799034,33,rest
1789707253.804248,33,rest
1789707253.809566,32,rest
1789707253.814763,30,rest
1789707253.82006,31,rest
1789707253.825261,31,rest
1789707253.830553,30,rest
1789707253.8359308,31,rest
1789707253.841152,33,rest
1789707253.846358,31,rest
1789707253.851609,30,rest
1789707253.856761,32,rest
1789707253.8619862,32,rest
1789707253.867473,32,rest
1789707253.8724742,33,rest
1789707253.877708,32,rest
1789707253.8832572,30,rest
1789707253.888281,31,rest
1789707253.89335,30,rest
1789707253.898827,29,rest
1789707253.9042711,32,rest
1789707253.909289,31,rest
1789707253.9143932,30,rest
1789707253.919691,30,rest
1789707253.9251719,30,rest
1789707253.930113,29,rest
1789707253.9355369,29,rest
1789707253.9406788,28,rest
1789707253.945942,27,rest
1789707253.9512398,26,rest
1789707253.956275,26,rest
1789707253.9617522,26,rest
1789707253.9669828,25,rest
1789707253.972021,25,rest
1789707253.97733,25,rest
1789707253.982599,25,rest
1789707253.9877949,25,rest
1789707253.993014,25,rest
1789707253.998274,25,rest
1789707254.003628,24,rest
1789707254.008929,24,rest
1789707254.014037,24,rest
1789707254.019327,24,rest
1789707254.024624,25,rest
1789707254.029809,24,rest
1789707254.035121,23,rest
1789707254.0403578,23,rest
1789707254.045547,22,rest
1789707254.050575,24,rest
1789707254.055934,27,rest
1789707254.0611808,27,rest
1789707254.066635,26,rest
1789707254.071603,26,rest
1789707254.077514,26,rest
1789707254.082182,25,rest
1789707254.087571,25,rest
1789707254.0926,25,rest
1789707254.0978932,24,rest
1789707254.1033301,23,rest
1789707254.108622,24,rest
1789707254.113565,24,rest
1789707254.118805,25,rest
1789707254.124257,26,rest
1789707254.1293702,25,rest
1789707254.134669,24,rest
1789707254.139742,24,rest
1789707254.1451101,24,rest
1789707254.150166,24,rest
1789707254.155534,24,rest
1789707254.160809,24,rest
1789707254.166194,23,rest
1789707254.171175,24,rest
1789707254.1765592,24,rest
1789707254.1817641,24,rest
1789707254.187041,24,rest
1789707254.1921868,23,rest
1789707254.197526,22,rest
1789707254.2029262,23,rest
1789707254.208092,23,rest
1789707254.2132149,23,rest
1789707254.218528,24,rest
1789707254.2238789,25,rest
1789707254.228918,24,rest
1789707254.2342532,25,rest
1789707254.239415,28,rest
1789707254.244708,27,rest
1789707254.249868,27,rest
1789707254.255126,27,rest
1789707254.260451,26,rest
1789707254.26559,25,rest
1789707254.271171,25,rest
1789707254.276155,26,rest
1789707254.281472,24,rest
1789707254.286552,27,rest
1789707254.291737,28,rest
1789707254.29703,27,rest
1789707254.30249,28,rest
1789707254.307564,27,rest
1789707254.312784,26,rest
1789707254.318062,25,rest
1789707254.32354,26,rest
1789707254.328452,26,rest
1789707254.3340302,26,rest
1789707254.339069,26,rest
1789707254.344196,26,rest
1789707254.3496058,25,rest
1789707254.354825,26,rest
1789707254.360082,25,rest
1789707254.365251,25,rest
1789707254.370732,25,rest
1789707254.3757892,25,rest
1789707254.381078,24,rest
1789707254.386146,24,rest
1789707254.391476,24,rest
1789707254.396717,24,rest
1789707254.401985,24,rest
1789707254.407308,23,rest
1789707254.412323,23,rest
1789707254.41772,22,rest
1789707254.422901,22,rest
1789707254.42808,23,rest
1789707254.433413,22,rest
1789707254.438627,23,rest
1789707254.4438012,22,rest
1789707254.449016,22,rest
1789707254.454299,24,rest
1789707254.4597151,25,rest
1789707254.4646778,25,rest
1789707254.470077,25,rest
1789707254.47538,25,rest
1789707254.480577,24,rest
1789707254.485766,23,rest
1789707254.4910111,23,rest
1789707254.4963012,24,rest
1789707254.501497,24,rest
1789707254.5067708,23,rest
1789707254.512019,22,rest
1789707254.517268,22,rest
1789707254.5223749,24,rest
1789707254.5277739,23,rest
1789707254.5330172,24,rest
1789707254.5382059,24,rest
1789707254.543369,23,rest
1789707254.548699,23,rest
1789707254.553928,23,rest
1789707254.5592299,24,rest
1789707254.5642738,24,rest
1789707254.569741,25,rest
1789707254.574947,24,rest
1789707254.580061,24,rest
1789707254.585259,24,rest
1789707254.590888,24,rest
1789707254.5956109,24,rest
1789707254.6012,23,rest
1789707254.6062121,24,rest
1789707254.611556,24,rest
1789707254.616898,24,rest
1789707254.622011,26,rest
1789707254.627263,26,rest
1789707254.632712,27,rest
1789707254.637805,26,rest
1789707254.643051,30,rest
1789707254.648222,36,rest
1789707254.653737,36,rest
1789707254.658646,34,rest
1789707254.6640031,34,rest
1789707254.669237,32,rest
1789707254.6743329,31,rest
1789707254.6795058,32,rest
1789707254.68483,31,rest
1789707254.690091,30,rest
1789707254.6954181,31,rest
1789707254.700547,30,rest
1789707254.70613,29,rest
1789707254.711343,28,rest
1789707254.7162828,28,rest
1789707254.721537,28,rest
1789707254.726815,27,rest
1789707254.73216,26,rest
1789707254.737398,26,rest
1789707254.742464,26,rest
1789707254.74778,25,rest
1789707254.752921,25,rest
1789707254.758204,25,rest
1789707254.763412,24,rest
1789707254.768916,25,rest
1789707254.773968,26,rest
1789707254.7792408,26,rest
1789707254.7846642,26,rest
1789707254.789974,26,rest
1789707254.794977,25,rest
1789707254.8002691,25,rest
1789707254.805474,24,rest
1789707254.810831,24,rest
1789707254.815917,25,rest
1789707254.8211231,24,rest
1789707254.826541,23,rest
1789707254.8316212,22,rest
1789707254.837342,23,rest
1789707254.842303,23,rest
1789707254.847975,23,rest
1789707254.852716,23,rest
1789707254.857926,22,rest
1789707254.86309,22,rest
1789707254.868685,22,rest
1789707254.873615,22,rest
1789707254.878898,23,rest
1789707254.884144,23,rest
1789707254.889559,23,rest
1789707254.894636,22,rest
1789707254.89999,23,rest
1789707254.905223,24,rest
1789707254.910469,25,rest
1789707254.915554,26,rest
1789707254.920862,25,rest
1789707254.926068,25,rest
1789707254.9312918,25,rest
1789707254.936772,26,rest
1789707254.941875,25,rest
1789707254.9470458,25,rest
1789707254.952184,24,rest
1789707254.9575691,24,rest
1789707254.962867,24,rest
1789707254.968215,24,rest
1789707254.974039,24,rest
1789707254.978477,24,rest
1789707254.983787,23,rest
1789707254.988852,23,rest
1789707254.994129,23,rest
1789707254.999613,23,rest
1789707255.004832,24,rest
1789707255.009878,24,rest
1789707255.0151439,23,rest
1789707255.020395,23,rest
1789707255.026219,23,rest
1789707255.031206,23,rest
1789707255.036233,24,rest
1789707255.041526,24,rest
1789707255.0464902,23,rest
1789707255.051805,23,rest
1789707255.057195,23,rest
1789707255.062423,23,rest
1789707255.0676732,24,rest
1789707255.0727801,23,rest
1789707255.078102,23,rest
1789707255.0833862,22,rest
1789707255.0883892,22,rest
1789707255.09384,23,rest
1789707255.099187,23,rest
1789707255.1046028,23,rest
1789707255.1096,22,rest
1789707255.114818,22,rest
1789707255.120144,23,rest
1789707255.1251562,23,rest
1789707255.130504,23,rest
1789707255.135912,22,rest
1789707255.1411042,22,rest
1789707255.1461601,22,rest
1789707255.151381,22,rest
1789707255.156821,22,rest
1789707255.1620018,24,rest
1789707255.167444,24,rest
1789707255.172528,23,rest
1789707255.17776,23,rest
1789707255.183137,22,rest
1789707255.1881459,24,rest
1789707255.1934059,24,rest
1789707255.1987782,23,rest
1789707255.20383,22,rest
1789707255.209141,22,rest
1789707255.2143722,22,rest
1789707255.219688,23,rest
1789707255.22485,24,rest
1789707255.230165,23,rest
1789707255.23547,23,rest
1789707255.240714,22,rest
1789707255.245888,24,rest
1789707255.251211,25,rest
1789707255.256325,24,rest
1789707255.26135,24,rest
1789707255.266788,24,rest
1789707255.271965,23,rest
1789707255.2773361,23,rest
1789707255.282413,23,rest
1789707255.287646,25,rest
1789707255.293083,25,rest
1789707255.2983098,24,rest
1789707255.303932,24,rest
1789707255.308768,24,rest
1789707255.314181,25,rest
1789707255.319353,25,rest
1789707255.324967,25,rest
1789707255.329678,24,rest
1789707255.3350961,23,rest
1789707255.340262,23,rest
1789707255.345352,26,rest
1789707255.3506382,27,rest
1789707255.355859,26,rest
1789707255.3612642,25,rest
1789707255.366432,25,rest
1789707255.371707,24,rest
1789707255.3769338,24,rest
1789707255.38205,24,rest
1789707255.387291,24,rest
1789707255.392571,23,rest
1789707255.397975,23,rest
1789707255.403114,23,rest
1789707255.408277,23,rest
1789707255.413576,25,rest
1789707255.4186418,25,rest
1789707255.425212,24,rest
1789707255.4293308,24,rest
1789707255.434644,23,rest
1789707255.439711,23,rest
1789707255.444879,24,rest
1789707255.450318,23,rest
1789707255.4555929,22,rest
1789707255.460653,22,rest
1789707255.466017,22,rest
1789707255.47118,23,rest
1789707255.476356,24,rest
1789707255.481548,25,rest
1789707255.4869351,25,rest
1789707255.492096,24,rest
1789707255.497447,23,rest
1789707255.5027058,24,rest
1789707255.5080042,24,rest
1789707255.513228,24,rest
1789707255.518341,23,rest
1789707255.5239491,22,rest
1789707255.528794,24,rest
1789707255.534318,24,rest
1789707255.539247,24,rest
1789707255.5446432,24,rest
1789707255.5499709,23,rest
1789707255.555163,23,rest
1789707255.5603251,23,rest
1789707255.565538,23,rest
1789707255.571178,23,rest
1789707255.5759912,23,rest
1789707255.581422,24,rest
1789707255.5874429,23,rest
1789707255.592899,23,rest
1789707255.5974138,23,rest
1789707255.603683,24,rest
1789707255.609215,23,rest
1789707255.6128662,23,rest
1789707255.617943,23,rest
1789707255.626135,22,rest
1789707255.6284611,23,rest
1789707255.633569,23,rest
1789707255.6386912,23,rest
1789707255.64406,23,rest
1789707255.649292,22,rest
1789707255.65435,24,rest
1789707255.6596322,25,rest
1789707255.664918,24,rest
1789707255.6702988,27,rest
1789707255.6754,27,rest
1789707255.6806521,26,rest
1789707255.68593,26,rest
1789707255.6910489,25,rest
1789707255.696343,26,rest
1789707255.7016351,26,rest
1789707255.70696,25,rest
1789707255.712248,25,rest
1789707255.717442,24,rest
1789707255.722708,24,rest
1789707255.728023,25,rest
1789707255.7331378,26,rest
1789707255.738388,24,rest
1789707255.743723,25,rest
1789707255.7487109,26,rest
1789707255.7540312,26,rest
1789707255.759309,25,rest
1789707255.7645319,26,rest
1789707255.769724,25,rest
1789707255.775064,24,rest
1789707255.780402,23,rest
1789707255.785671,23,rest
1789707255.7909162,23,rest
1789707255.796042,23,rest
1789707255.801452,24,rest
1789707255.8070168,23,rest
1789707255.811766,23,rest
1789707255.817125,23,rest
1789707255.822439,23,rest
1789707255.827574,24,rest
1789707255.83299,24,rest
1789707255.838259,23,rest
1789707255.84398,23,rest
1789707255.848515,23,rest
1789707255.853872,23,rest
1789707255.859081,23,rest
1789707255.864347,24,rest
1789707255.869646,24,rest
1789707255.874784,23,rest
1789707255.8801122,23,rest
1789707255.885281,24,rest
1789707255.890929,25,rest
1789707255.895778,25,rest
1789707255.901333,25,rest
1789707255.90616,26,rest
1789707255.911585,26,rest
1789707255.916746,26,rest
1789707255.922266,26,rest
1789707255.92727,25,rest
1789707255.9326458,25,rest
1789707255.938148,24,rest
1789707255.943072,24,rest
1789707255.948087,25,rest
1789707255.953381,25,rest
1789707255.9587278,25,rest
1789707255.963951,24,rest
1789707255.9691992,24,rest
1789707255.974494,24,rest
1789707255.979656,27,rest
1789707255.984886,28,rest
1789707255.9900842,27,rest
1789707255.9953449,26,rest
1789707256.000871,25,rest
1789707256.005772,25,rest
1789707256.0111418,25,rest
1789707256.016299,25,rest
1789707256.021575,24,rest
1789707256.026786,24,rest
1789707256.0321898,24,rest
1789707256.037728,23,rest
1789707256.0427442,23,rest
1789707256.047952,25,rest
1789707256.053041,24,rest
1789707256.058312,24,rest
1789707256.063714,24,rest
1789707256.068786,24,rest
1789707256.073962,24,rest
1789707256.079253,24,rest
1789707256.084393,24,rest
1789707256.0896761,24,rest
1789707256.0949829,24,rest
1789707256.1002629,24,rest
1789707256.1052978,24,rest
1789707256.110677,25,rest
1789707256.115989,25,rest
1789707256.121218,24,rest
1789707256.126414,24,rest
1789707256.1316469,26,rest
1789707256.137216,26,rest
1789707256.142087,26,rest
1789707256.147386,25,rest
1789707256.1525388,25,rest
1789707256.157936,23,rest
1789707256.1629739,25,rest
1789707256.1683788,25,rest
1789707256.173711,25,rest
1789707256.179104,25,rest
1789707256.184097,24,rest
1789707256.191701,23,rest
1789707256.194595,23,rest
1789707256.200019,23,rest
1789707256.204842,25,rest
1789707256.2102559,25,rest
1789707256.215389,25,rest
1789707256.220505,24,rest
1789707256.225865,24,rest
1789707256.231113,25,rest
1789707256.236493,25,rest
1789707256.2416341,24,rest
1789707256.246909,24,rest
1789707256.252228,24,rest
1789707256.257472,23,rest
1789707256.262611,23,rest
1789707256.26799,24,rest
1789707256.273226,24,rest
1789707256.278324,23,rest
1789707256.283563,22,rest
1789707256.2888691,23,rest
1789707256.294175,23,rest
1789707256.2993312,23,rest
1789707256.304546,23,rest
1789707256.309879,23,rest
1789707256.315077,23,rest
1789707256.320349,23,rest
1789707256.325737,23,rest
1789707256.3309271,24,rest
1789707256.336255,24,rest
1789707256.3413272,23,rest
1789707256.3464892,23,rest
1789707256.35184,22,rest
1789707256.357009,23,rest
1789707256.3622642,23,rest
1789707256.367669,23,rest
1789707256.3728251,23,rest
1789707256.3779461,23,rest
1789707256.3835561,24,rest
1789707256.3885171,24,rest
1789707256.3936782,24,rest
1789707256.3989701,25,rest
1789707256.404234,24,rest
1789707256.4095402,23,rest
1789707256.414575,23,rest
1789707256.419931,24,rest
1789707256.4252229,24,rest
1789707256.430601,24,rest
1789707256.435762,24,rest
1789707256.440811,23,rest
1789707256.446274,23,rest
1789707256.451498,23,rest
1789707256.4572392,23,rest
1789707256.46174,23,rest
1789707256.4675121,23,rest
1789707256.472268,23,rest
1789707256.477472,22,rest
1789707256.482833,22,rest
1789707256.488137,23,rest
1789707256.4932249,23,rest
1789707256.4985049,23,rest
1789707256.50384,22,rest
1789707256.508995,23,rest
1789707256.514246,23,rest
1789707256.5195022,24,rest
1789707256.524891,24,rest
1789707256.530197,24,rest
1789707256.535307,24,rest
1789707256.540542,23,rest
1789707256.545863,24,rest
1789707256.551001,24,rest
1789707256.5562592,24,rest
1789707256.5615711,24,rest
1789707256.5668201,23,rest
1789707256.5718641,23,rest
1789707256.577155,23,rest
1789707256.582259,23,rest
1789707256.587591,23,rest
1789707256.592641,23,rest
1789707256.597955,23,rest
1789707256.603644,23,rest
1789707256.608552,23,rest
1789707256.6136162,23,rest
1789707256.6189492,23,rest
1789707256.6241589,24,rest
1789707256.6293309,23,rest
1789707256.634634,23,rest
1789707256.6399841,24,rest
1789707256.645306,24,rest
1789707256.650437,24,rest
1789707256.6556869,24,rest
1789707256.661045,24,rest
1789707256.666347,23,rest
1789707256.671443,23,rest
1789707256.676766,23,rest
1789707256.682129,23,rest
1789707256.6871161,23,rest
1789707256.6924858,23,rest
1789707256.697705,22,rest
1789707256.703182,22,rest
1789707256.70818,22,rest
1789707256.713393,23,rest
1789707256.719281,23,rest
1789707256.726968,22,rest
1789707256.729105,23,rest
1789707256.736192,23,rest
1789707256.7396328,23,rest
1789707256.744951,23,rest
1789707256.750128,23,rest
1789707256.7553222,22,rest
1789707256.760747,22,rest
1789707256.765899,22,rest
1789707256.771067,22,rest
1789707256.776462,22,rest
1789707256.78157,23,rest
1789707256.786762,23,rest
1789707256.79202,22,rest
1789707256.7973309,22,rest
1789707256.802648,23,rest
1789707256.807806,23,rest
1789707256.812937,23,rest
1789707256.818279,23,rest
1789707256.823606,22,rest
1789707256.8287292,23,rest
1789707256.8340302,23,rest
1789707256.839542,23,rest
1789707256.8443918,24,rest
1789707256.849767,23,rest
1789707256.854966,22,rest
1789707256.860151,22,rest
1789707256.865491,22,rest
1789707256.870652,23,rest
1789707256.875971,24,rest
1789707256.881181,23,rest
1789707256.8863611,22,rest
1789707256.891687,21,rest
1789707256.896953,22,rest
1789707256.902276,22,rest
1789707256.907369,23,rest
1789707256.912568,22,rest
1789707256.917878,22,rest
1789707256.922985,21,rest
1789707256.9282508,21,rest
1789707256.933675,22,rest
1789707256.93886,22,rest
1789707256.943968,22,rest
1789707256.949257,21,rest
1789707256.9544709,22,rest
1789707256.959946,22,rest
1789707256.964975,22,rest
1789707256.97039,22,rest
1789707256.9756422,22,rest
1789707256.981156,24,rest
1789707256.986012,24,rest
1789707256.991502,24,rest
1789707256.9964778,24,rest
1789707257.0018702,24,rest
1789707257.0070112,24,rest
1789707257.012291,24,rest
1789707257.017483,24,rest
1789707257.022588,24,rest
1789707257.027871,24,rest
1789707257.033277,24,rest
1789707257.038409,24,rest
1789707257.043623,24,rest
1789707257.0487812,23,rest
1789707257.0541701,23,rest
1789707257.0593438,23,rest
1789707257.06464,24,rest
1789707257.069984,23,rest
1789707257.075297,23,rest
1789707257.080232,22,rest
1789707257.0855522,22,rest
1789707257.090921,22,rest
1789707257.096101,23,rest
1789707257.1013398,23,rest
1789707257.1068318,23,rest
1789707257.111774,22,rest
1789707257.1171331,22,rest
1789707257.122185,22,rest
1789707257.127585,23,rest
1789707257.1327932,22,rest
1789707257.1383848,21,rest
1789707257.143256,22,rest
1789707257.148472,22,rest
1789707257.153758,23,rest
1789707257.1588979,23,rest
1789707257.164186,22,rest
1789707257.169555,22,rest
1789707257.174853,22,rest
1789707257.1798909,22,rest
1789707257.1852329,22,rest
1789707257.19044,22,rest
1789707257.1957362,22,rest
1789707257.200914,22,rest
1789707257.206123,21,rest
1789707257.2114198,21,rest
1789707257.216497,21,rest
1789707257.2217119,22,rest
1789707257.227136,22,rest
1789707257.232457,21,rest
1789707257.237665,21,rest
1789707257.242883,21,rest
1789707257.247995,21,rest
1789707257.253254,22,rest
1789707257.258494,22,rest
1789707257.263851,22,rest
1789707257.269286,23,rest
1789707257.274414,22,rest
1789707257.2794921,22,rest
1789707257.284766,23,rest
1789707257.2908502,23,rest
1789707257.295233,22,rest
1789707257.300568,22,rest
1789707257.305696,21,rest
1789707257.3109372,22,rest
1789707257.3162282,22,rest
1789707257.321485,23,rest
1789707257.326686,22,rest
1789707257.331983,21,rest
1789707257.337439,22,rest
1789707257.342467,23,rest
1789707257.347695,23,rest
1789707257.3528252,23,rest
1789707257.3582988,23,rest
1789707257.363414,22,rest
1789707257.3688152,22,rest
1789707257.3738828,22,rest
1789707257.3790982,24,rest
1789707257.3844428,25,rest
1789707257.390102,24,rest
1789707257.395027,23,rest
1789707257.40013,22,rest
1789707257.405365,24,rest
1789707257.4104698,24,rest
1789707257.415673,24,rest
1789707257.4211872,23,rest
1789707257.426427,23,rest
1789707257.431465,22,rest
1789707257.437464,22,rest
1789707257.442202,22,rest
1789707257.447893,23,rest
1789707257.4524548,22,rest
1789707257.458444,22,rest
1789707257.4630861,21,rest
1789707257.468148,22,rest
1789707257.473449,22,rest
1789707257.478677,22,rest
1789707257.4839308,22,rest
1789707257.489067,22,rest
1789707257.494358,22,rest
1789707257.4997,21,rest
1789707257.504933,22,rest
1789707257.510037,22,rest
1789707257.515264,22,rest
1789707257.520673,22,rest
1789707257.525949,21,rest
1789707257.531135,22,rest
1789707257.5364559,22,rest
1789707257.541569,23,rest
1789707257.546728,23,rest
1789707257.552039,23,rest
1789707257.5573719,22,rest
1789707257.562619,22,rest
1789707257.567838,23,rest
1789707257.573066,23,rest
1789707257.5783198,23,rest
1789707257.583658,23,rest
1789707257.5888581,23,rest
1789707257.593997,23,rest
1789707257.5993128,23,rest
1789707257.6045089,23,rest
1789707257.6096928,23,rest
1789707257.614941,22,rest
1789707257.620218,23,rest
1789707257.625383,23,rest
1789707257.630628,23,rest
1789707257.636,24,rest
1789707257.641237,24,rest
1789707257.646283,23,rest
1789707257.65168,23,rest
1789707257.6569479,23,rest
1789707257.662085,23,rest
1789707257.667465,23,rest
1789707257.672506,23,rest
1789707257.677938,23,rest
1789707257.683267,22,rest
1789707257.688315,22,rest
1789707257.693591,22,rest
1789707257.698884,23,rest
1789707257.7041469,22,rest
1789707257.709464,22,rest
1789707257.7152362,22,rest
1789707257.719906,21,rest
1789707257.725037,21,rest
1789707257.730196,22,rest
1789707257.73552,22,rest
1789707257.7407439,22,rest
1789707257.745878,21,rest
1789707257.751154,22,rest
1789707257.756877,22,rest
1789707257.761704,22,rest
1789707257.766818,22,rest
1789707257.772136,22,rest
1789707257.777344,22,rest
1789707257.782578,21,rest
1789707257.78783,21,rest
1789707257.79308,22,rest
1789707257.7984488,22,rest
1789707257.803562,22,rest
1789707257.808819,21,rest
1789707257.814089,21,rest
1789707257.819359,23,rest
1789707257.8245041,22,rest
1789707257.829739,23,rest
1789707257.835104,23,rest
1789707257.8402119,22,rest
1789707257.84546,22,rest
1789707257.850764,22,rest
1789707257.856023,23,rest
1789707257.861123,23,rest
1789707257.8664598,23,rest
1789707257.871701,23,rest
1789707257.87698,22,rest
1789707257.8820622,22,rest
1789707257.887371,23,rest
1789707257.8927,23,rest
1789707257.897989,23,rest
1789707257.9031308,22,rest
1789707257.908467,22,rest
1789707257.913602,22,rest
1789707257.9187682,22,rest
1789707257.9241338,22,rest
1789707257.929379,23,rest
1789707257.934687,22,rest
1789707257.93978,22,rest
1789707257.945062,21,rest
1789707257.95034,22,rest
1789707257.955594,23,rest
1789707257.960758,23,rest
1789707257.966028,22,rest
1789707257.97137,22,rest
1789707257.976577,22,rest
1789707257.981759,22,rest
1789707257.986984,23,rest
1789707257.9923048,23,rest
1789707257.997337,22,rest
1789707258.0027268,22,rest
1789707258.007974,21,rest
1789707258.0132601,22,rest
1789707258.018358,23,rest
1789707258.023786,23,rest
1789707258.028945,22,rest
1789707258.034348,22,rest
1789707258.039354,22,rest
1789707258.0446599,22,rest
1789707258.049931,23,rest
1789707258.05523,23,rest
1789707258.060342,22,rest
1789707258.065666,22,rest
1789707258.0709372,22,rest
1789707258.076011,22,rest
1789707258.0813088,23,rest
1789707258.0865622,23,rest
1789707258.0919309,22,rest
1789707258.0969658,24,rest
1789707258.1023722,24,rest
1789707258.107647,24,rest
1789707258.112896,24,rest
1789707258.117996,24,rest
1789707258.123279,23,rest
1789707258.128581,24,rest
1789707258.1336918,24,rest
1789707258.138981,24,rest
1789707258.144259,25,rest
1789707258.149518,25,rest
1789707258.1546319,24,rest
1789707258.159938,23,rest
1789707258.1653109,23,rest
1789707258.170549,24,rest
1789707258.175704,24,rest
1789707258.180942,25,rest
1789707258.186204,24,rest
1789707258.1917398,23,rest
1789707258.196644,22,rest
1789707258.202029,23,rest
1789707258.207228,23,rest
1789707258.212477,23,rest
1789707258.217639,24,rest
1789707258.222919,24,rest
1789707258.2281559,24,rest
1789707258.233261,24,rest
1789707258.238539,24,rest
1789707258.2437959,24,rest
1789707258.249024,24,rest
1789707258.254237,25,rest
1789707258.259555,25,rest
1789707258.264811,24,rest
1789707258.270155,25,rest
1789707258.2752461,25,rest
1789707258.280571,24,rest
1789707258.28577,24,rest
1789707258.291321,24,rest
1789707258.296208,23,rest
1789707258.301568,24,rest
1789707258.306823,25,rest
1789707258.311897,25,rest
1789707258.317217,25,rest
1789707258.322484,25,rest
1789707258.327585,24,rest
1789707258.333,25,rest
1789707258.3381891,27,rest
1789707258.3434792,26,rest
1789707258.348614,25,rest
1789707258.3540301,25,rest
1789707258.3591812,24,rest
1789707258.3644202,24,rest
1789707258.369605,26,rest
1789707258.37489,26,rest
1789707258.3801,25,rest
1789707258.3854358,26,rest
1789707258.390549,26,rest
1789707258.395784,26,rest
1789707258.401166,27,rest
1789707258.40624,28,rest
1789707258.411523,26,rest
1789707258.416762,26,rest
1789707258.422118,27,rest
1789707258.42724,26,rest
1789707258.432511,26,rest
1789707258.437759,28,rest
1789707258.4430752,27,rest
1789707258.448213,26,rest
1789707258.45348,30,rest
1789707258.45873,31,rest
1789707258.4640691,30,rest
1789707258.4692092,32,rest
1789707258.474477,33,rest
1789707258.4797618,31,rest
1789707258.484889,31,rest
1789707258.4902022,32,rest
1789707258.4954271,31,rest
1789707258.500694,33,rest
1789707258.5058181,36,rest
1789707258.5111291,34,rest
1789707258.5164511,34,rest
1789707258.521687,35,rest
1789707258.5268412,35,rest
1789707258.532157,34,rest
1789707258.5374641,35,rest
1789707258.542573,34,rest
1789707258.547842,32,rest
1789707258.553086,34,rest
1789707258.55841,34,rest
1789707258.56353,32,rest
1789707258.568833,32,rest
1789707258.5741491,31,rest
1789707258.579319,30,rest
1789707258.5845308,31,rest
1789707258.589785,31,rest
1789707258.595069,30,rest
1789707258.600343,30,rest
1789707258.6055198,30,rest
1789707258.610883,29,rest
1789707258.6160698,29,rest
1789707258.621183,30,rest
1789707258.626519,29,rest
1789707258.6318238,28,rest
1789707258.6370938,27,rest
1789707258.6423879,26,rest
1789707258.647441,26,rest
1789707258.6527889,29,rest
1789707258.657984,30,rest
1789707258.663156,30,rest
1789707258.668542,31,rest
1789707258.674335,30,rest
1789707258.678995,29,rest
1789707258.6840901,29,rest
1789707258.689373,29,rest
1789707258.694777,28,rest
1789707258.6999738,27,rest
1789707258.7051399,28,rest
1789707258.7105558,27,rest
1789707258.715915,28,rest
1789707258.720907,29,rest
1789707258.726312,28,rest
1789707258.731565,27,rest
1789707258.737131,27,rest
1789707258.741975,26,rest
1789707258.747125,26,rest
1789707258.752469,27,rest
1789707258.757775,27,rest
1789707258.76287,26,rest
1789707258.768144,26,rest
1789707258.773556,26,rest
1789707258.778513,25,rest
1789707258.7838771,27,rest
1789707258.789065,28,rest
1789707258.794419,27,rest
1789707258.7996402,26,rest
1789707258.804783,26,rest
1789707258.810147,26,rest
1789707258.8153632,25,rest
1789707258.820427,25,rest
1789707258.8258119,25,rest
1789707258.8310342,24,rest
1789707258.836451,26,rest
1789707258.841544,27,rest
1789707258.8467011,26,rest
1789707258.852017,26,rest
1789707258.857607,25,rest
1789707258.862376,24,rest
1789707258.867883,26,rest
1789707258.873068,28,rest
1789707258.87815,28,rest
1789707258.883348,27,rest
1789707258.888671,27,rest
1789707258.8940868,26,rest
1789707258.8992262,25,rest
1789707258.9043741,26,rest
1789707258.910055,26,rest
1789707258.914974,26,rest
1789707258.920175,25,rest
1789707258.925513,24,rest
1789707258.930779,23,rest
1789707258.9358258,26,rest
1789707258.941216,27,rest
1789707258.9463282,25,rest
1789707258.951713,26,rest
1789707258.956867,27,rest
1789707258.96209,26,rest
1789707258.9674711,26,rest
1789707258.972877,27,rest
1789707258.9777331,26,rest
1789707258.982987,25,rest
1789707258.988273,26,rest
1789707258.993458,25,rest
1789707258.9988081,25,rest
1789707259.004063,26,rest
1789707259.009312,25,rest
1789707259.014373,24,rest
1789707259.019669,26,rest
1789707259.025034,26,rest
1789707259.030296,25,rest
1789707259.035487,27,rest
1789707259.040709,27,rest
1789707259.045991,26,rest
1789707259.051052,27,rest
1789707259.056258,29,rest
1789707259.061717,28,rest
1789707259.0670102,31,rest
1789707259.072033,36,rest
1789707259.0773609,36,rest
1789707259.082597,37,rest
1789707259.087796,38,rest
1789707259.0930638,37,rest
1789707259.0983748,35,rest
1789707259.1036859,34,rest
1789707259.108877,34,rest
1789707259.1141398,38,rest
1789707259.119374,36,rest
1789707259.125112,34,rest
1789707259.129566,36,rest
1789707259.135201,34,rest
1789707259.140355,33,rest
1789707259.145561,32,rest
1789707259.150628,32,rest
1789707259.1559958,30,rest
1789707259.161279,30,rest
1789707259.1666172,29,rest
1789707259.171645,28,rest
1789707259.176996,27,rest
1789707259.1821592,26,rest
1789707259.187686,27,rest
1789707259.192768,27,rest
1789707259.1980631,26,rest
1789707259.2033632,27,rest
1789707259.2084029,26,rest
1789707259.2135942,25,rest
1789707259.218935,26,rest
1789707259.2243059,27,rest
1789707259.229307,26,rest
1789707259.234645,26,rest
1789707259.239918,25,rest
1789707259.2451358,24,rest
1789707259.2508469,24,rest
1789707259.255597,25,rest
1789707259.2607841,25,rest
1789707259.266121,25,rest
1789707259.271331,24,rest
1789707259.2766101,23,rest
1789707259.281929,23,rest
1789707259.286958,24,rest
1789707259.2922251,24,rest
1789707259.2974741,23,rest
1789707259.302885,24,rest
1789707259.308037,23,rest
1789707259.313269,22,rest
1789707259.318523,23,rest
1789707259.323651,23,rest
1789707259.328923,23,rest
1789707259.334288,22,rest
1789707259.3394618,22,rest
1789707259.344619,22,rest
1789707259.34987,22,rest
1789707259.3551161,22,rest
1789707259.3605042,22,rest
1789707259.365597,22,rest
1789707259.371161,22,rest
1789707259.376224,22,rest
1789707259.381388,22,rest
1789707259.386554,22,rest
1789707259.391896,22,rest
1789707259.397176,22,rest
1789707259.402334,21,rest
1789707259.407565,21,rest
1789707259.412808,21,rest
1789707259.4180748,23,rest
1789707259.423351,24,rest
1789707259.428545,23,rest
1789707259.433861,23,rest
1789707259.439133,22,rest
1789707259.4447181,23,rest
1789707259.449564,23,rest
1789707259.4547698,23,rest
1789707259.460057,23,rest
1789707259.465235,23,rest
1789707259.4705641,25,rest
1789707259.475789,26,rest
1789707259.48085,26,rest
1789707259.486197,26,rest
1789707259.491389,25,rest
1789707259.496758,25,rest
1789707259.50195,24,rest
1789707259.50735,24,rest
1789707259.512374,24,rest
1789707259.517699,24,rest
1789707259.522851,24,rest
1789707259.528105,23,rest
1789707259.533509,22,rest
1789707259.538806,23,rest
1789707259.543833,23,rest
1789707259.549091,22,rest
1789707259.554354,23,rest
1789707259.559568,23,rest
1789707259.564801,23,rest
1789707259.570724,23,rest
1789707259.5754628,23,rest
1789707259.581015,23,rest
1789707259.5857852,24,rest
1789707259.591536,24,rest
1789707259.596328,24,rest
1789707259.601523,25,rest
1789707259.6067772,25,rest
1789707259.611985,25,rest
1789707259.6171992,25,rest
1789707259.6223009,24,rest
1789707259.62763,28,rest
1789707259.643496,153,rest
1789707259.643556,301,rest
1789707259.643594,47,rest
1789707259.648609,45,rest
1789707259.653951,47,rest
1789707259.6592052,45,rest
1789707259.664494,42,rest
1789707259.6696682,41,rest
1789707259.6748831,39,rest
1789707259.680139,37,rest
1789707259.685378,34,rest
1789707259.69059,33,rest
1789707259.695773,34,rest
1789707259.701188,32,rest
1789707259.7062862,31,rest
1789707259.711444,30,rest
1789707259.716838,29,rest
1789707259.7220988,28,rest
1789707259.727129,27,rest
1789707259.7325382,27,rest
1789707259.737793,27,rest
1789707259.743078,26,rest
1789707259.748142,25,rest
1789707259.7534149,24,rest
1789707259.7587378,24,rest
1789707259.7639868,24,rest
1789707259.769163,25,rest
1789707259.7744992,26,rest
1789707259.7797,26,rest
1789707259.7848709,26,rest
1789707259.790543,25,rest
1789707259.795469,25,rest
1789707259.8007019,25,rest
1789707259.805847,25,rest
1789707259.811084,25,rest
1789707259.8164532,25,rest
1789707259.821517,25,rest
1789707259.826904,24,rest
1789707259.832164,24,rest
1789707259.8374348,24,rest
1789707259.842709,24,rest
1789707259.8478122,23,rest
1789707259.853073,22,rest
1789707259.858453,23,rest
1789707259.863557,23,rest
1789707259.868913,25,rest
1789707259.8741891,24,rest
1789707259.879416,24,rest
1789707259.884475,23,rest
1789707259.891953,23,rest
1789707259.895062,23,rest
1789707259.9002151,23,rest
1789707259.9056141,23,rest
1789707259.9108732,22,rest
1789707259.9161448,22,rest
1789707259.921209,22,rest
1789707259.9265778,22,rest
1789707259.931989,23,rest
1789707259.937369,22,rest
1789707259.9423418,21,rest
1789707259.947613,21,rest
1789707259.952888,21,rest
1789707259.958401,22,rest
1789707259.9632409,23,rest
1789707259.96872,22,rest
1789707259.9739,21,rest
1789707259.9789991,22,rest
1789707259.9842749,22,rest
1789707259.989493,23,rest
1789707259.994839,23,rest
1789707260.000022,22,rest
1789707260.005328,23,rest
1789707260.010817,22,rest
1789707260.01585,23,rest
1789707260.020923,23,rest
1789707260.026177,24,rest
1789707260.0314791,24,rest
1789707260.036855,23,rest
1789707260.041941,22,rest
1789707260.047143,23,rest
1789707260.0524008,24,rest
1789707260.057725,23,rest
1789707260.0627651,23,rest
1789707260.068259,22,rest
1789707260.073984,22,rest
1789707260.078451,22,rest
1789707260.083919,23,rest
1789707260.089066,24,rest
1789707260.094454,24,rest
1789707260.099593,24,rest
1789707260.104819,23,rest
1789707260.110137,26,rest
1789707260.115218,28,rest
1789707260.120388,27,rest
1789707260.125838,26,rest
1789707260.131039,26,rest
1789707260.136425,25,rest
1789707260.1415849,24,rest
1789707260.1465862,25,rest
1789707260.152054,25,rest
1789707260.157225,24,rest
1789707260.162449,25,rest
1789707260.167747,24,rest
1789707260.173084,23,rest
1789707260.178182,23,rest
1789707260.183407,24,rest
1789707260.1888168,24,rest
1789707260.193773,23,rest
1789707260.199275,23,rest
1789707260.204438,22,rest
1789707260.20994,23,rest
1789707260.2148612,23,rest
1789707260.2200708,23,rest
1789707260.2253828,22,rest
1789707260.230655,22,rest
1789707260.235899,21,rest
1789707260.241128,22,rest
1789707260.2462878,24,rest
1789707260.251669,24,rest
1789707260.256886,23,rest
1789707260.262079,24,rest
1789707260.2675772,24,rest
1789707260.272595,24,rest
1789707260.277762,26,rest
1789707260.283065,26,rest
1789707260.2882829,25,rest
1789707260.293451,24,rest
1789707260.298818,24,rest
1789707260.3040252,24,rest
1789707260.3093178,24,rest
1789707260.3143659,24,rest
1789707260.319714,24,rest
1789707260.325088,24,rest
1789707260.330348,25,rest
1789707260.335527,24,rest
1789707260.3407638,25,rest
1789707260.345957,26,rest
1789707260.351121,25,rest
1789707260.356339,24,rest
1789707260.361702,24,rest
1789707260.366994,24,rest
1789707260.372122,24,rest
1789707260.377346,24,rest
1789707260.38269,24,rest
1789707260.3877718,24,rest
1789707260.393177,23,rest
1789707260.398387,23,rest
1789707260.403692,23,rest
1789707260.408764,23,rest
1789707260.4140642,23,rest
1789707260.419265,22,rest
1789707260.425243,22,rest
1789707260.429644,23,rest
1789707260.4351711,23,rest
1789707260.4402509,23,rest
1789707260.44559,24,rest
1789707260.450647,23,rest
1789707260.456013,23,rest
1789707260.461264,23,rest
1789707260.466773,23,rest
1789707260.4716,23,rest
1789707260.4769962,24,rest
1789707260.482217,24,rest
1789707260.487394,24,rest
1789707260.492637,24,rest
1789707260.497959,26,rest
1789707260.503239,26,rest
1789707260.508378,25,rest
1789707260.513578,25,rest
1789707260.5188851,25,rest
1789707260.52435,24,rest
1789707260.5293162,26,rest
1789707260.534668,26,rest
1789707260.5399082,25,rest
1789707260.545045,24,rest
1789707260.5502698,23,rest
1789707260.5556061,23,rest
1789707260.560887,24,rest
1789707260.566143,24,rest
1789707260.5712068,23,rest
1789707260.576572,24,rest
1789707260.581816,23,rest
1789707260.587048,23,rest
1789707260.592264,23,rest
1789707260.597592,24,rest
1789707260.602769,24,rest
1789707260.6079428,23,rest
1789707260.613163,23,rest
1789707260.618492,22,rest
1789707260.623709,22,rest
1789707260.628808,23,rest
1789707260.634292,24,rest
1789707260.6394298,23,rest
1789707260.644586,22,rest
1789707260.650052,22,rest
1789707260.6551511,22,rest
1789707260.660497,23,rest
1789707260.6655822,22,rest
1789707260.670997,22,rest
1789707260.6762009,23,rest
1789707260.6811252,24,rest
1789707260.686562,24,rest
1789707260.691869,25,rest
1789707260.697035,25,rest
1789707260.702288,24,rest
1789707260.707553,24,rest
1789707260.712903,23,rest
1789707260.7181382,24,rest
1789707260.72328,24,rest
1789707260.728565,24,rest
1789707260.733923,24,rest
1789707260.739136,23,rest
1789707260.744274,24,rest
1789707260.749517,24,rest
1789707260.754833,24,rest
1789707260.759902,25,rest
1789707260.765131,25,rest
1789707260.7703831,23,rest
1789707260.77586,23,rest
1789707260.780905,23,rest
1789707260.786209,23,rest
1789707260.791511,24,rest
1789707260.796763,24,rest
1789707260.8019478,23,rest
1789707260.807298,22,rest
1789707260.8124611,24,rest
1789707260.8175628,24,rest
1789707260.8228931,24,rest
1789707260.827986,23,rest
1789707260.83351,23,rest
1789707260.8385339,22,rest
1789707260.8438668,24,rest
1789707260.849067,23,rest
1789707260.8543758,24,rest
1789707260.859591,23,rest
1789707260.864746,22,rest
1789707260.870184,22,rest
1789707260.8754601,23,rest
1789707260.880587,25,rest
1789707260.885791,25,rest
1789707260.891275,24,rest
1789707260.896099,25,rest
1789707260.901501,24,rest
1789707260.90709,24,rest
1789707260.912004,25,rest
1789707260.917143,25,rest
1789707260.922364,25,rest
1789707260.927721,25,rest
1789707260.9331021,24,rest
1789707260.938129,24,rest
1789707260.943398,25,rest
1789707260.9487119,25,rest
1789707260.953984,25,rest
1789707260.959127,23,rest
1789707260.964416,23,rest
1789707260.969878,23,rest
1789707260.974736,23,rest
1789707260.980057,24,rest
1789707260.985346,23,rest
1789707260.990858,23,rest
1789707260.995828,22,rest
1789707261.001761,23,rest
1789707261.0065138,22,rest
1789707261.011515,24,rest
1789707261.0167658,23,rest
1789707261.02208,22,rest
1789707261.027313,22,rest
1789707261.032845,22,rest
1789707261.037796,22,rest
1789707261.043104,22,rest
1789707261.048309,22,rest
1789707261.0534348,22,rest
1789707261.0587788,21,rest
1789707261.064084,23,rest
1789707261.0693939,23,rest
1789707261.074523,24,rest
1789707261.079735,24,rest
1789707261.085071,24,rest
1789707261.0903628,23,rest
1789707261.095507,23,rest
1789707261.1007109,23,rest
1789707261.1061702,23,rest
1789707261.111273,23,rest
1789707261.116382,23,rest
1789707261.1215959,22,rest
1789707261.126923,23,rest
1789707261.132216,23,rest
1789707261.137443,24,rest
1789707261.142712,24,rest
1789707261.1479318,23,rest
1789707261.153012,22,rest
1789707261.158441,22,rest
1789707261.163496,23,rest
1789707261.1689348,23,rest
1789707261.1741178,23,rest
1789707261.179297,22,rest
1789707261.1845582,22,rest
1789707261.189915,21,rest
1789707261.195092,22,rest
1789707261.200356,22,rest
1789707261.205607,22,rest
1789707261.2106829,23,rest
1789707261.216022,22,rest
1789707261.221215,22,rest
1789707261.226788,22,rest
1789707261.231746,23,rest
1789707261.237181,27,rest
1789707261.242295,25,rest
1789707261.247493,23,rest
1789707261.2526689,22,rest
1789707261.258013,23,rest
1789707261.263235,24,rest
1789707261.2686331,24,rest
1789707261.273686,24,rest
1789707261.278966,23,rest
1789707261.284153,23,rest
1789707261.2894888,24,rest
1789707261.294505,24,rest
1789707261.30002,24,rest
1789707261.305079,24,rest
1789707261.3103209,23,rest
1789707261.31554,23,rest
1789707261.320881,23,rest
1789707261.326245,24,rest
1789707261.331389,25,rest
1789707261.336703,24,rest
1789707261.34205,24,rest
1789707261.3471382,23,rest
1789707261.352423,23,rest
1789707261.357537,23,rest
1789707261.362862,23,rest
1789707261.368017,23,rest
1789707261.373294,22,rest
1789707261.3784802,22,rest
1789707261.383657,22,rest
1789707261.388911,22,rest
1789707261.394187,22,rest
1789707261.399632,22,rest
1789707261.40491,22,rest
1789707261.409947,23,rest
1789707261.415248,23,rest
1789707261.4264581,214,rest
1789707261.426508,38,rest
1789707261.4415638,153,rest
1789707261.441644,313,rest
1789707261.441698,56,rest
1789707261.4467258,58,rest
1789707261.4520519,58,rest
1789707261.457257,55,rest
1789707261.4624588,51,rest
1789707261.467826,48,rest
1789707261.473078,46,rest
1789707261.478121,43,rest
1789707261.483501,41,rest
1789707261.4886668,38,rest
1789707261.494072,37,rest
1789707261.499212,36,rest
1789707261.504433,35,rest
1789707261.509711,34,rest
1789707261.514789,33,rest
1789707261.520007,31,rest
1789707261.525429,30,rest
1789707261.530717,29,rest
1789707261.5358899,28,rest
1789707261.541117,27,rest
1789707261.546419,27,rest
1789707261.5516229,26,rest
1789707261.556823,25,rest
1789707261.562121,26,rest
1789707261.567408,26,rest
1789707261.5725892,25,rest
1789707261.5777411,25,rest
1789707261.5830112,25,rest
1789707261.5882812,24,rest
1789707261.593463,23,rest
1789707261.598834,24,rest
1789707261.60413,25,rest
1789707261.609408,25,rest
1789707261.614378,24,rest
1789707261.61969,24,rest
1789707261.625155,23,rest
1789707261.630132,23,rest
1789707261.635424,24,rest
1789707261.640685,23,rest
1789707261.6458209,23,rest
1789707261.651243,23,rest
1789707261.6562638,23,rest
1789707261.661838,22,rest
1789707261.667094,24,rest
1789707261.6724448,24,rest
1789707261.6773498,23,rest
1789707261.68265,23,rest
1789707261.6878982,22,rest
1789707261.69308,23,rest
1789707261.6983738,23,rest
1789707261.70401,24,rest
1789707261.708941,23,rest
1789707261.7141619,22,rest
1789707261.719279,22,rest
1789707261.725015,22,rest
1789707261.7298229,22,rest
1789707261.735088,23,rest
1789707261.740421,22,rest
1789707261.745546,23,rest
1789707261.7507432,23,rest
1789707261.755969,23,rest
1789707261.761259,23,rest
1789707261.76657,23,rest
1789707261.771531,23,rest
1789707261.77693,22,rest
1789707261.782219,21,rest
1789707261.7874198,22,rest
1789707261.792616,22,rest
1789707261.797984,23,rest
1789707261.803366,23,rest
1789707261.8084228,23,rest
1789707261.813486,23,rest
1789707261.818958,23,rest
1789707261.824508,23,rest
1789707261.82929,23,rest
1789707261.834667,23,rest
1789707261.839893,22,rest
1789707261.845033,22,rest
1789707261.850276,22,rest
1789707261.855582,22,rest
1789707261.860874,22,rest
1789707261.866318,22,rest
1789707261.871229,22,rest
1789707261.8765671,22,rest
1789707261.881896,22,rest
1789707261.886962,22,rest
1789707261.892191,23,rest
1789707261.8975182,23,rest
1789707269.2070951,55,light_flex
1789707269.207124,56,light_flex
1789707269.2071328,53,light_flex
1789707269.2071419,50,light_flex
1789707269.20715,52,light_flex
1789707269.207159,48,light_flex
1789707269.207167,48,light_flex
1789707269.207175,52,light_flex
1789707269.2071822,53,light_flex
1789707269.20719,50,light_flex
1789707269.207198,51,light_flex
1789707269.207205,50,light_flex
1789707269.2072132,50,light_flex
1789707269.207221,47,light_flex
1789707269.207228,51,light_flex
1789707269.207236,51,light_flex
1789707269.207244,53,light_flex
1789707269.2072508,50,light_flex
1789707269.207259,49,light_flex
1789707269.207266,45,light_flex
1789707269.207274,56,light_flex
1789707269.2072818,64,light_flex
1789707269.207289,65,light_flex
1789707269.207297,61,light_flex
1789707269.207304,56,light_flex
1789707269.2073119,52,light_flex
1789707269.20732,48,light_flex
1789707269.207327,58,light_flex
1789707269.207335,61,light_flex
1789707269.2073421,62,light_flex
1789707269.20735,60,light_flex
1789707269.207358,56,light_flex
1789707269.207368,52,light_flex
1789707269.2073758,49,light_flex
1789707269.207386,48,light_flex
1789707269.207396,48,light_flex
1789707269.2074041,48,light_flex
1789707269.207412,45,light_flex
1789707269.207419,42,light_flex
1789707269.207427,40,light_flex
1789707269.207434,38,light_flex
1789707269.2074418,37,light_flex
1789707269.2074502,35,light_flex
1789707269.207458,33,light_flex
1789707269.207465,31,light_flex
1789707269.2074728,31,light_flex
1789707269.20748,30,light_flex
1789707269.207488,31,light_flex
1789707269.207495,33,light_flex
1789707269.207503,37,light_flex
1789707269.20751,39,light_flex
1789707269.2075179,41,light_flex
1789707269.207526,44,light_flex
1789707269.207534,45,light_flex
1789707269.207541,52,light_flex
1789707269.2075489,61,light_flex
1789707269.207556,63,light_flex
1789707269.207564,59,light_flex
1789707269.207571,58,light_flex
1789707269.207579,54,light_flex
1789707269.207587,50,light_flex
1789707269.207594,49,light_flex
1789707269.207602,47,light_flex
1789707269.2076092,45,light_flex
1789707269.207617,45,light_flex
1789707269.2076259,44,light_flex
1789707269.2076328,42,light_flex
1789707269.2076428,40,light_flex
1789707269.2076511,39,light_flex
1789707269.20766,44,light_flex
1789707269.207672,46,light_flex
1789707269.207679,45,light_flex
1789707269.207687,41,light_flex
1789707269.207694,38,light_flex
1789707269.207702,38,light_flex
1789707269.20771,37,light_flex
1789707269.2077172,35,light_flex
1789707269.2077272,35,light_flex
1789707269.207734,34,light_flex
1789707269.207742,38,light_flex
1789707269.2077491,38,light_flex
1789707269.207757,37,light_flex
1789707269.207765,39,light_flex
1789707269.207772,39,light_flex
1789707269.2077801,38,light_flex
1789707269.207787,37,light_flex
1789707269.207795,35,light_flex
1789707269.2078028,34,light_flex
1789707269.2078102,33,light_flex
1789707269.207818,32,light_flex
1789707269.207825,33,light_flex
1789707269.207833,32,light_flex
1789707269.20784,31,light_flex
1789707269.2078478,32,light_flex
1789707269.2078562,34,light_flex
1789707269.207863,40,light_flex
1789707269.207871,40,light_flex
1789707269.2078779,38,light_flex
1789707269.207886,36,light_flex
1789707269.207893,35,light_flex
1789707269.207901,35,light_flex
1789707269.2079082,34,light_flex
1789707269.2079182,32,light_flex
1789707269.207926,32,light_flex
1789707269.207938,30,light_flex
1789707269.207946,29,light_flex
1789707269.207953,28,light_flex
1789707269.207961,28,light_flex
1789707269.207968,27,light_flex
1789707269.2079759,27,light_flex
1789707269.2079842,26,light_flex
1789707269.2079911,25,light_flex
1789707269.207999,26,light_flex
1789707269.208006,26,light_flex
1789707269.208014,26,light_flex
1789707269.208021,25,light_flex
1789707269.208029,25,light_flex
1789707269.2080371,25,light_flex
1789707269.208044,27,light_flex
1789707269.208052,27,light_flex
1789707269.2080588,29,light_flex
1789707269.2080672,28,light_flex
1789707269.208074,29,light_flex
1789707269.208082,30,light_flex
1789707269.208089,27,light_flex
1789707269.208097,27,light_flex
1789707269.208104,28,light_flex
1789707269.2081122,27,light_flex
1789707269.20812,26,light_flex
1789707269.208128,27,light_flex
1789707269.2081358,28,light_flex
1789707269.208143,29,light_flex
1789707269.208151,28,light_flex
1789707269.208158,26,light_flex
1789707269.208166,25,light_flex
1789707269.208173,25,light_flex
1789707269.208183,25,light_flex
1789707269.208191,27,light_flex
1789707269.208203,28,light_flex
1789707269.20821,28,light_flex
1789707269.208218,27,light_flex
1789707269.208225,27,light_flex
1789707269.2082329,28,light_flex
1789707269.20824,26,light_flex
1789707269.2082481,26,light_flex
1789707269.208256,25,light_flex
1789707269.208263,25,light_flex
1789707269.208271,25,light_flex
1789707269.208278,24,light_flex
1789707269.208286,24,light_flex
1789707269.208294,25,light_flex
1789707269.208301,25,light_flex
1789707269.208309,24,light_flex
1789707269.2083158,23,light_flex
1789707269.2083242,23,light_flex
1789707269.208331,24,light_flex
1789707269.208339,24,light_flex
1789707269.2083461,24,light_flex
1789707269.208354,23,light_flex
1789707269.208362,22,light_flex
1789707269.2083688,22,light_flex
1789707269.2083771,23,light_flex
1789707269.208384,23,light_flex
1789707269.208392,25,light_flex
1789707269.208399,25,light_flex
1789707269.208407,24,light_flex
1789707269.208415,24,light_flex
1789707269.208422,23,light_flex
1789707269.20843,24,light_flex
1789707269.208437,24,light_flex
1789707269.208447,23,light_flex
1789707269.2084548,24,light_flex
1789707269.2084649,24,light_flex
1789707269.2084742,25,light_flex
1789707269.208482,26,light_flex
1789707269.208489,25,light_flex
1789707269.2084968,24,light_flex
1789707269.208504,24,light_flex
1789707269.208512,24,light_flex
1789707269.208519,25,light_flex
1789707269.208527,24,light_flex
1789707269.208534,24,light_flex
1789707269.2085419,25,light_flex
1789707269.20855,25,light_flex
1789707269.2085571,24,light_flex
1789707269.208564,25,light_flex
1789707269.208572,26,light_flex
1789707269.20858,25,light_flex
1789707269.208587,25,light_flex
1789707269.208595,24,light_flex
1789707269.2086022,25,light_flex
1789707269.20861,25,light_flex
1789707269.208617,27,light_flex
1789707269.2086248,27,light_flex
1789707269.208632,26,light_flex
1789707269.20864,25,light_flex
1789707269.208647,24,light_flex
1789707269.208655,24,light_flex
1789707269.208662,24,light_flex
1789707269.20867,24,light_flex
1789707269.208677,24,light_flex
1789707269.2086852,24,light_flex
1789707269.208693,23,light_flex
1789707269.2087,24,light_flex
1789707269.20871,23,light_flex
1789707269.208718,23,light_flex
1789707269.208729,23,light_flex
1789707269.208736,23,light_flex
1789707269.208744,23,light_flex
1789707269.2087512,23,light_flex
1789707269.208759,23,light_flex
1789707269.208767,23,light_flex
1789707269.2087739,24,light_flex
1789707269.2087822,23,light_flex
1789707269.208789,23,light_flex
1789707269.208797,24,light_flex
1789707269.2088041,24,light_flex
1789707269.208812,24,light_flex
1789707269.208819,23,light_flex
1789707269.2088268,24,light_flex
1789707269.208834,23,light_flex
1789707269.208842,23,light_flex
1789707269.208849,25,light_flex
1789707269.208857,26,light_flex
1789707269.208864,25,light_flex
1789707269.2088718,25,light_flex
1789707269.208879,24,light_flex
1789707269.208887,24,light_flex
1789707269.208894,28,light_flex
1789707269.208902,29,light_flex
1789707269.208909,28,light_flex
1789707269.208917,29,light_flex
1789707269.2089238,29,light_flex
1789707269.208933,28,light_flex
1789707269.20894,29,light_flex
1789707269.208947,30,light_flex
1789707269.2089548,28,light_flex
1789707269.208962,27,light_flex
1789707269.208972,27,light_flex
1789707269.208983,26,light_flex
1789707269.208991,26,light_flex
1789707269.208998,26,light_flex
1789707269.209006,26,light_flex
1789707269.209013,25,light_flex
1789707269.2090209,25,light_flex
1789707269.2090292,25,light_flex
1789707269.209036,26,light_flex
1789707269.209097,26,light_flex
1789707269.209105,25,light_flex
1789707269.2091131,24,light_flex
1789707269.20912,25,light_flex
1789707269.209128,25,light_flex
1789707269.209135,25,light_flex
1789707269.209143,25,light_flex
1789707269.2091498,26,light_flex
1789707269.209158,25,light_flex
1789707269.2091699,24,light_flex
1789707269.2091782,25,light_flex
1789707269.209186,26,light_flex
1789707269.209193,26,light_flex
1789707269.2092009,26,light_flex
1789707269.209208,25,light_flex
1789707269.209216,25,light_flex
1789707269.2092228,24,light_flex
1789707269.2092311,24,light_flex
1789707269.209238,25,light_flex
1789707269.209246,25,light_flex
1789707269.209253,24,light_flex
1789707269.209261,23,light_flex
1789707269.2092679,23,light_flex
1789707269.209276,23,light_flex
1789707269.209283,24,light_flex
1789707269.2092931,24,light_flex
1789707269.209305,24,light_flex
1789707269.209312,24,light_flex
1789707269.2093198,23,light_flex
1789707269.2093272,23,light_flex
1789707269.209335,24,light_flex
1789707269.209342,24,light_flex
1789707269.2093499,24,light_flex
1789707269.209357,23,light_flex
1789707269.209364,23,light_flex
1789707269.2093718,23,light_flex
1789707269.2093801,23,light_flex
1789707269.209387,24,light_flex
1789707269.209394,24,light_flex
1789707269.209402,22,light_flex
1789707269.20941,22,light_flex
1789707269.2094169,23,light_flex
1789707269.209425,22,light_flex
1789707269.2094321,22,light_flex
1789707269.20944,22,light_flex
1789707269.209447,21,light_flex
1789707269.209455,21,light_flex
1789707269.209462,21,light_flex
1789707269.20947,22,light_flex
1789707269.2094772,22,light_flex
1789707269.209485,22,light_flex
1789707269.209493,22,light_flex
1789707269.2094998,22,light_flex
1789707269.2095082,22,light_flex
1789707269.209515,22,light_flex
1789707269.209523,22,light_flex
1789707269.20953,23,light_flex
1789707269.209538,23,light_flex
1789707269.209547,23,light_flex
1789707269.2095559,23,light_flex
1789707269.209564,23,light_flex
1789707269.2095711,24,light_flex
1789707269.209579,24,light_flex
1789707269.209586,23,light_flex
1789707269.209594,23,light_flex
1789707269.209601,24,light_flex
1789707269.209609,23,light_flex
1789707269.209616,23,light_flex
1789707269.209624,24,light_flex
1789707269.209631,23,light_flex
1789707269.2096388,22,light_flex
1789707269.209646,23,light_flex
1789707269.209654,22,light_flex
1789707269.209661,23,light_flex
1789707269.209669,23,light_flex
1789707269.209676,23,light_flex
1789707269.209684,23,light_flex
1789707269.2096908,22,light_flex
1789707269.2096992,23,light_flex
1789707269.209706,23,light_flex
1789707269.209714,23,light_flex
1789707269.209721,23,light_flex
1789707269.209729,22,light_flex
1789707269.2097359,22,light_flex
1789707269.209744,23,light_flex
1789707269.2097511,23,light_flex
1789707269.209759,23,light_flex
1789707269.209766,22,light_flex
1789707269.209774,22,light_flex
1789707269.209781,23,light_flex
1789707269.209789,23,light_flex
1789707269.2097962,24,light_flex
1789707269.209811,24,light_flex
1789707269.2098188,23,light_flex
1789707269.2098272,22,light_flex
1789707269.209835,22,light_flex
1789707269.209842,22,light_flex
1789707269.20985,24,light_flex
1789707269.209857,23,light_flex
1789707269.2098649,24,light_flex
1789707269.2098718,23,light_flex
1789707269.20988,22,light_flex
1789707269.209887,23,light_flex
1789707269.209895,23,light_flex
1789707269.209902,24,light_flex
1789707269.20991,24,light_flex
1789707269.2099168,23,light_flex
1789707269.2099252,22,light_flex
1789707269.209932,22,light_flex
1789707269.20994,23,light_flex
1789707269.2099469,23,light_flex
1789707269.209955,23,light_flex
1789707269.209962,23,light_flex
1789707269.20997,23,light_flex
1789707269.2099771,23,light_flex
1789707269.209985,23,light_flex
1789707269.209992,24,light_flex
1789707269.2099998,23,light_flex
1789707269.210007,23,light_flex
1789707269.210015,23,light_flex
1789707269.210022,25,light_flex
1789707269.21003,24,light_flex
1789707269.210037,25,light_flex
1789707269.2100449,24,light_flex
1789707269.210052,23,light_flex
1789707269.2100658,22,light_flex
1789707269.2100742,23,light_flex
1789707269.210083,23,light_flex
1789707269.21009,23,light_flex
1789707269.210098,22,light_flex
1789707269.2101052,22,light_flex
1789707269.210113,22,light_flex
1789707269.21012,23,light_flex
1789707269.2101278,23,light_flex
1789707269.210135,24,light_flex
1789707269.210143,24,light_flex
1789707269.21015,22,light_flex
1789707269.210158,22,light_flex
1789707269.210165,22,light_flex
1789707269.210173,23,light_flex
1789707269.21018,23,light_flex
1789707269.2101882,23,light_flex
1789707269.2101948,23,light_flex
1789707269.210203,22,light_flex
1789707269.21021,22,light_flex
1789707269.210218,22,light_flex
1789707269.2102249,23,light_flex
1789707269.210233,23,light_flex
1789707269.21024,22,light_flex
1789707269.210248,22,light_flex
1789707269.2102551,22,light_flex
1789707269.210263,22,light_flex
1789707269.21027,23,light_flex
1789707269.2102778,23,light_flex
1789707269.210285,23,light_flex
1789707269.210293,23,light_flex
1789707269.2103,23,light_flex
1789707269.210308,23,light_flex
1789707269.210315,24,light_flex
1789707269.210329,25,light_flex
1789707269.210336,24,light_flex
1789707269.210347,25,light_flex
1789707269.2103539,25,light_flex
1789707269.2103622,25,light_flex
1789707269.210369,25,light_flex
1789707269.210377,25,light_flex
1789707269.210384,24,light_flex
1789707269.210392,23,light_flex
1789707269.2104,24,light_flex
1789707269.210407,24,light_flex
1789707269.2104151,24,light_flex
1789707269.210422,24,light_flex
1789707269.21043,24,light_flex
1789707269.210437,23,light_flex
1789707269.2104452,22,light_flex
1789707269.210452,23,light_flex
1789707269.21046,24,light_flex
1789707269.210467,23,light_flex
1789707269.210474,25,light_flex
1789707269.210482,24,light_flex
1789707269.210489,24,light_flex
1789707269.2104971,24,light_flex
1789707269.210504,25,light_flex
1789707269.210512,25,light_flex
1789707269.210519,25,light_flex
1789707269.210527,24,light_flex
1789707269.2105339,23,light_flex
1789707269.210542,23,light_flex
1789707269.2105489,23,light_flex
1789707269.210557,24,light_flex
1789707269.2105641,24,light_flex
1789707269.210571,23,light_flex
1789707269.210579,23,light_flex
1789707269.210593,22,light_flex
1789707269.2106,24,light_flex
1789707269.21061,24,light_flex
1789707269.210618,24,light_flex
1789707269.210625,23,light_flex
1789707269.210633,23,light_flex
1789707269.21064,23,light_flex
1789707269.210648,24,light_flex
1789707269.210656,24,light_flex
1789707269.2106628,24,light_flex
1789707269.2106712,24,light_flex
1789707269.210678,23,light_flex
1789707269.210685,23,light_flex
1789707269.2106931,24,light_flex
1789707269.210701,25,light_flex
1789707269.210708,24,light_flex
1789707269.210716,23,light_flex
1789707269.2107232,23,light_flex
1789707269.210731,23,light_flex
1789707269.210738,23,light_flex
1789707269.210746,24,light_flex
1789707269.210753,24,light_flex
1789707269.210761,23,light_flex
1789707269.210768,23,light_flex
1789707269.210776,24,light_flex
1789707269.210783,23,light_flex
1789707269.2107909,24,light_flex
1789707269.210798,24,light_flex
1789707269.2108061,23,light_flex
1789707269.210813,23,light_flex
1789707269.2108212,23,light_flex
1789707269.210828,23,light_flex
1789707269.210836,23,light_flex
1789707269.2108428,23,light_flex
1789707269.210857,23,light_flex
1789707269.2108648,23,light_flex
1789707269.2108748,22,light_flex
1789707269.2108831,23,light_flex
1789707269.21089,24,light_flex
1789707269.210898,25,light_flex
1789707269.210905,24,light_flex
1789707269.210913,24,light_flex
1789707269.2109199,23,light_flex
1789707269.2109282,23,light_flex
1789707269.210935,24,light_flex
1789707269.210943,24,light_flex
1789707269.21095,24,light_flex
1789707269.210958,23,light_flex
1789707269.210965,23,light_flex
1789707269.210973,23,light_flex
1789707269.2109802,24,light_flex
1789707269.210988,24,light_flex
1789707269.210995,24,light_flex
1789707269.211004,23,light_flex
1789707269.21102,22,light_flex
1789707269.2110279,24,light_flex
1789707269.2110348,24,light_flex
1789707269.2110431,24,light_flex
1789707269.21105,24,light_flex
1789707269.211058,23,light_flex
1789707269.211066,23,light_flex
1789707269.211073,24,light_flex
1789707269.211088,24,light_flex
1789707269.211095,24,light_flex
1789707269.211103,24,light_flex
1789707269.2111099,23,light_flex
1789707269.211118,23,light_flex
1789707269.211125,23,light_flex
1789707269.211135,23,light_flex
1789707269.211143,23,light_flex
1789707269.2111518,23,light_flex
1789707269.2111602,23,light_flex
1789707269.2111669,22,light_flex
1789707269.211175,23,light_flex
1789707269.211182,24,light_flex
1789707269.21119,24,light_flex
1789707269.211197,24,light_flex
1789707269.211205,24,light_flex
1789707269.211212,23,light_flex
1789707269.21122,23,light_flex
1789707269.211227,24,light_flex
1789707269.211235,24,light_flex
1789707269.211242,23,light_flex
1789707269.2112498,22,light_flex
1789707269.211257,23,light_flex
1789707269.211265,22,light_flex
1789707269.211272,23,light_flex
1789707269.2112799,23,light_flex
1789707269.211287,23,light_flex
1789707269.211295,22,light_flex
1789707269.2113018,23,light_flex
1789707269.2113101,22,light_flex
1789707269.211317,23,light_flex
1789707269.211325,25,light_flex
1789707269.211332,24,light_flex
1789707269.21134,24,light_flex
1789707269.2113469,23,light_flex
1789707269.211355,22,light_flex
1789707269.2113621,22,light_flex
1789707269.21137,23,light_flex
1789707269.211377,23,light_flex
1789707269.211385,23,light_flex
1789707269.2113988,22,light_flex
1789707269.211406,22,light_flex
1789707269.211415,22,light_flex
1789707269.211422,23,light_flex
1789707269.2114298,23,light_flex
1789707269.211437,23,light_flex
1789707269.211445,22,light_flex
1789707269.211452,22,light_flex
1789707269.21146,22,light_flex
1789707269.211467,23,light_flex
1789707269.211475,23,light_flex
1789707269.211482,23,light_flex
1789707269.2114902,22,light_flex
1789707269.211497,23,light_flex
1789707269.211505,22,light_flex
1789707269.211512,23,light_flex
1789707269.21152,24,light_flex
1789707269.2115269,24,light_flex
1789707269.2115352,23,light_flex
1789707269.2115421,23,light_flex
1789707269.21155,23,light_flex
1789707269.2115571,24,light_flex
1789707269.211565,24,light_flex
1789707269.211572,23,light_flex
1789707269.2115798,23,light_flex
1789707269.2115872,23,light_flex
1789707269.211595,23,light_flex
1789707269.211602,23,light_flex
1789707269.21161,23,light_flex
1789707269.211617,23,light_flex
1789707269.2116249,23,light_flex
1789707269.211632,22,light_flex
1789707269.2116401,23,light_flex
1789707269.211647,24,light_flex
1789707269.211657,24,light_flex
1789707269.211665,25,light_flex
1789707269.2116742,25,light_flex
1789707269.2116811,24,light_flex
1789707269.211689,24,light_flex
1789707269.2116961,25,light_flex
1789707269.211704,24,light_flex
1789707269.211711,24,light_flex
1789707269.2117178,24,light_flex
1789707269.2117262,23,light_flex
1789707269.211734,22,light_flex
1789707269.211741,23,light_flex
1789707269.211749,24,light_flex
1789707269.211756,24,light_flex
1789707269.2117639,23,light_flex
1789707269.2117708,22,light_flex
1789707269.211779,23,light_flex
1789707269.211786,23,light_flex
1789707269.211794,24,light_flex
1789707269.211801,25,light_flex
1789707269.211809,24,light_flex
1789707269.2118158,24,light_flex
1789707269.2118242,24,light_flex
1789707269.211831,24,light_flex
1789707269.211839,24,light_flex
1789707269.2118459,24,light_flex
1789707269.211854,24,light_flex
1789707269.211862,24,light_flex
1789707269.211869,23,light_flex
1789707269.211877,24,light_flex
1789707269.211884,25,light_flex
1789707269.211892,25,light_flex
1789707269.2118988,24,light_flex
1789707269.2119071,24,light_flex
1789707269.211921,24,light_flex
1789707269.21193,24,light_flex
1789707269.2119381,24,light_flex
1789707269.211945,24,light_flex
1789707269.211953,24,light_flex
1789707269.21196,23,light_flex
1789707269.211968,23,light_flex
1789707269.2119749,23,light_flex
1789707269.2119832,23,light_flex
1789707269.21199,23,light_flex
1789707269.211998,23,light_flex
1789707269.2120051,23,light_flex
1789707269.212013,22,light_flex
1789707269.2120209,22,light_flex
1789707269.2120278,22,light_flex
1789707269.2120361,23,light_flex
1789707269.212043,23,light_flex
1789707269.212051,22,light_flex
1789707269.212058,22,light_flex
1789707269.212066,22,light_flex
1789707269.2120728,22,light_flex
1789707269.212081,23,light_flex
1789707269.212088,24,light_flex
1789707269.212095,23,light_flex
1789707269.212103,22,light_flex
1789707269.21211,23,light_flex
1789707269.212118,23,light_flex
1789707269.2121248,24,light_flex
1789707269.2121332,23,light_flex
1789707269.21214,22,light_flex
1789707269.212151,23,light_flex
1789707269.212158,23,light_flex
1789707269.2121658,23,light_flex
1789707269.212173,24,light_flex
1789707269.212184,24,light_flex
1789707269.212193,23,light_flex
1789707269.2122009,22,light_flex
1789707269.212208,22,light_flex
1789707269.2122161,24,light_flex
1789707269.212223,24,light_flex
1789707269.212231,23,light_flex
1789707269.212238,24,light_flex
1789707269.212246,23,light_flex
1789707269.2122529,23,light_flex
1789707269.2122612,24,light_flex
1789707269.212268,24,light_flex
1789707269.212276,24,light_flex
1789707269.212283,24,light_flex
1789707269.212291,23,light_flex
1789707269.212298,23,light_flex
1789707269.212306,24,light_flex
1789707269.2123132,24,light_flex
1789707269.212321,24,light_flex
1789707269.212328,24,light_flex
1789707269.212336,23,light_flex
1789707269.212343,22,light_flex
1789707269.212351,23,light_flex
1789707269.212358,23,light_flex
1789707269.212366,23,light_flex
1789707269.212373,23,light_flex
1789707269.212381,23,light_flex
1789707269.2123892,23,light_flex
1789707269.2123961,23,light_flex
1789707269.212404,23,light_flex
1789707269.212411,23,light_flex
1789707269.212419,24,light_flex
1789707269.212426,23,light_flex
1789707269.212436,23,light_flex
1789707269.2124438,24,light_flex
1789707269.2124548,26,light_flex
1789707269.2124631,28,light_flex
1789707269.21247,27,light_flex
1789707269.212478,26,light_flex
1789707269.212485,27,light_flex
1789707269.212493,26,light_flex
1789707269.2124999,27,light_flex
1789707269.212508,29,light_flex
1789707269.212515,28,light_flex
1789707269.212523,27,light_flex
1789707269.21253,26,light_flex
1789707269.212538,27,light_flex
1789707269.212545,28,light_flex
1789707269.212553,27,light_flex
1789707269.21256,26,light_flex
1789707269.212568,25,light_flex
1789707269.212575,25,light_flex
1789707269.2125828,25,light_flex
1789707269.21259,25,light_flex
1789707269.212598,24,light_flex
1789707269.212605,24,light_flex
1789707269.212613,24,light_flex
1789707269.21262,24,light_flex
1789707269.212628,24,light_flex
1789707269.2126348,25,light_flex
1789707269.2126431,25,light_flex
1789707269.21265,24,light_flex
1789707269.212658,24,light_flex
1789707269.212665,24,light_flex
1789707269.212673,24,light_flex
1789707269.2126799,25,light_flex
1789707269.212687,26,light_flex
1789707269.212697,26,light_flex
1789707269.2127051,25,light_flex
1789707269.212715,25,light_flex
1789707269.2127218,24,light_flex
1789707269.2127302,25,light_flex
1789707269.212737,25,light_flex
1789707269.212745,24,light_flex
1789707269.2127519,24,light_flex
1789707269.21276,24,light_flex
1789707269.212767,24,light_flex
1789707269.212775,24,light_flex
1789707269.2127821,24,light_flex
1789707269.21279,24,light_flex
1789707269.212797,23,light_flex
1789707269.212805,23,light_flex
1789707269.212812,24,light_flex
1789707269.21282,24,light_flex
1789707269.212827,24,light_flex
1789707269.212835,24,light_flex
1789707269.212842,23,light_flex
1789707269.2128499,23,light_flex
1789707269.212857,23,light_flex
1789707269.212865,24,light_flex
1789707269.212872,24,light_flex
1789707269.21288,23,light_flex
1789707269.212887,23,light_flex
1789707269.212895,24,light_flex
1789707269.2129018,24,light_flex
1789707269.212909,24,light_flex
1789707269.212926,24,light_flex
1789707269.2129338,24,light_flex
1789707269.2129412,23,light_flex
1789707269.212949,23,light_flex
1789707269.212956,23,light_flex
1789707269.212966,24,light_flex
1789707269.212974,24,light_flex
1789707269.212982,23,light_flex
1789707269.21299,23,light_flex
1789707269.212998,22,light_flex
1789707269.213005,23,light_flex
1789707269.213013,23,light_flex
1789707269.2130198,23,light_flex
1789707269.2130282,23,light_flex
1789707269.213035,22,light_flex
1789707269.213043,22,light_flex
1789707269.2130501,23,light_flex
1789707269.213058,24,light_flex
1789707269.213065,23,light_flex
1789707269.2130728,23,light_flex
1789707269.2130802,23,light_flex
1789707269.213088,22,light_flex
1789707269.213095,22,light_flex
1789707269.213103,23,light_flex
1789707269.21311,23,light_flex
1789707269.2131178,23,light_flex
1789707269.213127,22,light_flex
1789707269.213135,22,light_flex
1789707269.213143,22,light_flex
1789707269.21315,23,light_flex
1789707269.213158,23,light_flex
1789707269.213165,23,light_flex
1789707269.213173,22,light_flex
1789707269.213183,22,light_flex
1789707269.213192,23,light_flex
1789707269.213202,23,light_flex
1789707269.213212,24,light_flex
1789707269.213221,24,light_flex
1789707269.213231,23,light_flex
1789707269.213239,22,light_flex
1789707269.213249,23,light_flex
1789707269.213257,24,light_flex
1789707269.2132668,24,light_flex
1789707269.2132769,24,light_flex
1789707269.213286,23,light_flex
1789707269.2132952,23,light_flex
1789707269.213411,23,light_flex
1789707269.213423,23,light_flex
1789707269.213432,24,light_flex
1789707269.2134411,24,light_flex
1789707269.213449,23,light_flex
1789707269.2134578,23,light_flex
1789707269.2134662,23,light_flex
1789707269.213475,24,light_flex
1789707269.213483,24,light_flex
1789707269.213491,23,light_flex
1789707269.2135,22,light_flex
1789707269.2135081,22,light_flex
1789707269.213516,22,light_flex
1789707269.213525,23,light_flex
1789707269.213533,24,light_flex
1789707269.21354,23,light_flex
1789707269.213548,23,light_flex
1789707269.213556,23,light_flex
1789707269.213564,23,light_flex
1789707269.213571,24,light_flex
1789707269.213579,24,light_flex
1789707269.2135859,23,light_flex
1789707269.2135942,23,light_flex
1789707269.213602,22,light_flex
1789707269.213612,22,light_flex
1789707269.213621,23,light_flex
1789707269.213631,24,light_flex
1789707269.213639,24,light_flex
1789707269.213653,23,light_flex
1789707269.213662,23,light_flex
1789707269.213671,24,light_flex
1789707269.213679,24,light_flex
1789707269.213693,24,light_flex
1789707269.2137039,24,light_flex
1789707269.213713,23,light_flex
1789707269.2137222,23,light_flex
1789707269.21373,24,light_flex
1789707269.213738,24,light_flex
1789707269.213747,24,light_flex
1789707269.213755,23,light_flex
1789707269.2137642,24,light_flex
1789707269.213772,23,light_flex
1789707269.21378,23,light_flex
1789707269.2137878,23,light_flex
1789707269.2137961,23,light_flex
1789707269.213804,24,light_flex
1789707269.2138119,22,light_flex
1789707269.21382,22,light_flex
1789707269.213828,23,light_flex
1789707269.213835,23,light_flex
1789707269.2138429,23,light_flex
1789707269.213851,23,light_flex
1789707269.2138581,22,light_flex
1789707269.213866,22,light_flex
1789707269.2138739,23,light_flex
1789707269.213881,23,light_flex
1789707269.2138891,24,light_flex
1789707269.213897,24,light_flex
1789707269.2139049,24,light_flex
1789707269.213912,24,light_flex
1789707269.213922,25,light_flex
1789707269.213931,25,light_flex
1789707269.213939,25,light_flex
1789707269.2139468,24,light_flex
1789707269.213954,24,light_flex
1789707269.213962,22,light_flex
1789707269.21397,23,light_flex
1789707269.213977,23,light_flex
1789707269.213985,25,light_flex
1789707269.213993,25,light_flex
1789707269.214001,25,light_flex
1789707269.214008,25,light_flex
1789707269.214016,24,light_flex
1789707269.2140238,24,light_flex
1789707269.2140312,25,light_flex
1789707269.214039,25,light_flex
1789707269.214047,24,light_flex
1789707269.2140539,23,light_flex
1789707269.214062,23,light_flex
1789707269.21407,24,light_flex
1789707269.214078,24,light_flex
1789707269.214085,25,light_flex
1789707269.214093,24,light_flex
1789707269.214101,23,light_flex
1789707269.214109,23,light_flex
1789707269.214116,24,light_flex
1789707269.214124,24,light_flex
1789707269.214132,24,light_flex
1789707269.21414,23,light_flex
1789707269.21415,22,light_flex
1789707269.21416,23,light_flex
1789707269.214169,24,light_flex
1789707269.214179,24,light_flex
1789707269.2141912,23,light_flex
1789707269.2142,22,light_flex
1789707269.214208,23,light_flex
1789707269.2142148,23,light_flex
1789707269.2142231,23,light_flex
1789707269.214231,24,light_flex
1789707269.214239,23,light_flex
1789707269.2142458,23,light_flex
1789707269.2142541,22,light_flex
1789707269.214262,22,light_flex
1789707269.2142699,23,light_flex
1789707269.214283,23,light_flex
1789707269.2142909,23,light_flex
1789707269.2143,22,light_flex
1789707269.21431,22,light_flex
1789707269.214319,22,light_flex
1789707269.214328,22,light_flex
1789707269.214338,23,light_flex
1789707269.214348,24,light_flex
1789707269.214357,23,light_flex
1789707269.214365,22,light_flex
1789707269.2143722,23,light_flex
1789707269.21438,23,light_flex
1789707269.214388,24,light_flex
1789707269.214396,24,light_flex
1789707269.2144058,23,light_flex
1789707269.214418,23,light_flex
1789707269.214427,22,light_flex
1789707269.214435,23,light_flex
1789707269.214443,24,light_flex
1789707269.214452,24,light_flex
1789707269.21446,23,light_flex
1789707269.214468,22,light_flex
1789707269.2144792,23,light_flex
1789707269.214488,23,light_flex
1789707269.214499,24,light_flex
1789707269.214507,24,light_flex
1789707269.214515,24,light_flex
1789707269.2145338,23,light_flex
1789707269.214566,24,light_flex
1789707269.214574,24,light_flex
1789707269.2145832,24,light_flex
1789707269.214593,24,light_flex
1789707269.214603,23,light_flex
1789707269.214612,23,light_flex
1789707269.214622,24,light_flex
1789707269.2146308,24,light_flex
1789707269.2146409,24,light_flex
1789707269.2146492,24,light_flex
1789707269.214658,23,light_flex
1789707269.214666,22,light_flex
1789707269.214703,22,light_flex
1789707269.2147148,23,light_flex
1789707269.214724,23,light_flex
1789707269.2147331,23,light_flex
1789707269.214742,23,light_flex
1789707269.214751,22,light_flex
1789707269.2147589,22,light_flex
1789707269.2147682,23,light_flex
1789707269.214776,23,light_flex
1789707269.214817,24,light_flex
1789707269.214827,24,light_flex
1789707269.214835,22,light_flex
1789707269.214844,22,light_flex
1789707269.214852,23,light_flex
1789707269.2148612,23,light_flex
1789707269.214869,24,light_flex
1789707269.214876,24,light_flex
1789707269.214884,24,light_flex
1789707269.2148921,23,light_flex
1789707269.2149,23,light_flex
1789707269.214907,25,light_flex
1789707269.214915,24,light_flex
1789707269.214923,24,light_flex
1789707269.214931,24,light_flex
1789707269.2149382,24,light_flex
1789707269.214946,24,light_flex
1789707269.214954,25,light_flex
1789707269.2149608,25,light_flex
1789707269.2149692,24,light_flex
1789707269.214977,24,light_flex
1789707269.214985,24,light_flex
1789707269.2149918,23,light_flex
1789707269.2150002,24,light_flex
1789707269.215008,24,light_flex
1789707269.215015,24,light_flex
1789707269.215023,23,light_flex
1789707269.2150311,22,light_flex
1789707269.215039,22,light_flex
1789707269.215046,23,light_flex
1789707269.215054,23,light_flex
1789707269.215062,23,light_flex
1789707269.2150688,22,light_flex
1789707269.2150779,22,light_flex
1789707269.215085,22,light_flex
1789707269.215093,23,light_flex
1789707269.215101,23,light_flex
1789707269.2151082,23,light_flex
1789707269.215116,22,light_flex
1789707269.215124,23,light_flex
1789707269.2151308,23,light_flex
1789707269.2151392,24,light_flex
1789707269.215147,24,light_flex
1789707269.215154,24,light_flex
1789707269.215162,24,light_flex
1789707269.2151701,23,light_flex
1789707269.215178,23,light_flex
1789707269.215209,24,light_flex
1789707269.2152162,24,light_flex
1789707269.215224,24,light_flex
1789707269.215232,23,light_flex
1789707269.21524,23,light_flex
1789707269.2152472,23,light_flex
1789707269.215255,24,light_flex
1789707269.215263,25,light_flex
1789707269.2152698,25,light_flex
1789707269.2152781,24,light_flex
1789707269.215286,24,light_flex
1789707269.215293,24,light_flex
1789707269.215301,25,light_flex
1789707269.2153091,25,light_flex
1789707269.215316,25,light_flex
1789707269.215324,24,light_flex
1789707269.215332,24,light_flex
1789707269.2153401,24,light_flex
1789707269.215347,24,light_flex
1789707269.215355,24,light_flex
1789707269.215363,24,light_flex
1789707269.21537,23,light_flex
1789707269.2153778,23,light_flex
1789707269.2153862,23,light_flex
1789707269.2153971,24,light_flex
1789707269.215404,24,light_flex
1789707269.215412,24,light_flex
1789707269.21542,24,light_flex
1789707269.215428,23,light_flex
1789707269.215435,23,light_flex
1789707269.215443,24,light_flex
1789707269.2154508,24,light_flex
1789707269.2154582,24,light_flex
1789707269.215466,23,light_flex
1789707269.215474,23,light_flex
1789707269.215481,24,light_flex
1789707269.215489,24,light_flex
1789707269.215497,25,light_flex
1789707269.215504,25,light_flex
1789707269.215512,24,light_flex
1789707269.21552,25,light_flex
1789707269.215528,25,light_flex
1789707269.2155352,25,light_flex
1789707269.215543,25,light_flex
1789707269.215551,24,light_flex
1789707269.2155578,23,light_flex
1789707269.2155662,24,light_flex
1789707269.215574,23,light_flex
1789707269.215581,24,light_flex
1789707269.215589,24,light_flex
1789707269.2155972,24,light_flex
1789707269.215604,23,light_flex
1789707269.215612,23,light_flex
1789707269.21562,23,light_flex
1789707269.2156281,24,light_flex
1789707269.215635,23,light_flex
1789707269.215643,24,light_flex
1789707269.215651,24,light_flex
1789707269.215658,23,light_flex
1789707269.2156658,23,light_flex
1789707269.215673,24,light_flex
1789707269.215681,24,light_flex
1789707269.215689,24,light_flex
1789707269.2156959,23,light_flex
1789707269.215704,23,light_flex
1789707269.215712,23,light_flex
1789707269.215719,23,light_flex
1789707269.215727,23,light_flex
1789707269.215735,23,light_flex
1789707269.2157419,23,light_flex
1789707269.21575,22,light_flex
1789707269.215758,22,light_flex
1789707269.215765,22,light_flex
1789707269.2157729,23,light_flex
1789707269.2157812,23,light_flex
1789707269.2157881,22,light_flex
1789707269.215796,21,light_flex
1789707269.2158039,21,light_flex
1789707269.2158122,22,light_flex
1789707269.2158191,23,light_flex
1789707269.215827,23,light_flex
1789707269.2158349,23,light_flex
1789707269.215843,23,light_flex
1789707269.2158499,23,light_flex
1789707269.215858,24,light_flex
1789707269.215866,24,light_flex
1789707269.215873,24,light_flex
1789707269.2158809,24,light_flex
1789707269.215889,23,light_flex
1789707269.2158961,24,light_flex
1789707269.215904,24,light_flex
1789707269.2159119,25,light_flex
1789707269.2159202,24,light_flex
1789707269.215928,23,light_flex
1789707269.215936,23,light_flex
1789707269.2159429,23,light_flex
1789707269.2159512,25,light_flex
1789707269.215959,25,light_flex
1789707269.215966,25,light_flex
1789707269.2159739,24,light_flex
1789707269.2159822,24,light_flex
1789707269.2159889,24,light_flex
1789707269.215997,24,light_flex
1789707269.216005,24,light_flex
1789707269.216012,24,light_flex
1789707269.2160199,23,light_flex
1789707269.216028,23,light_flex
1789707269.2160351,23,light_flex
1789707269.216043,24,light_flex
1789707269.2160509,24,light_flex
1789707269.216059,24,light_flex
1789707269.2160661,23,light_flex
1789707269.216074,23,light_flex
1789707269.2160819,23,light_flex
1789707269.216089,23,light_flex
1789707269.216097,23,light_flex
1789707269.216105,24,light_flex
1789707269.2161121,23,light_flex
1789707269.21612,22,light_flex
1789707269.216128,22,light_flex
1789707269.216135,22,light_flex
1789707269.2161431,23,light_flex
1789707269.21615,23,light_flex
1789707269.216158,23,light_flex
1789707269.2161658,23,light_flex
1789707269.2161732,23,light_flex
1789707269.216181,23,light_flex
1789707269.216189,24,light_flex
1789707269.216196,23,light_flex
1789707269.216204,23,light_flex
1789707269.216212,23,light_flex
1789707269.216219,24,light_flex
1789707269.216227,25,light_flex
1789707269.216235,25,light_flex
1789707269.2162418,24,light_flex
1789707269.2162502,25,light_flex
1789707269.216257,24,light_flex
1789707269.216265,24,light_flex
1789707269.2162728,25,light_flex
1789707269.21628,25,light_flex
1789707269.216288,25,light_flex
1789707269.216296,24,light_flex
1789707269.216303,24,light_flex
1789707269.216311,24,light_flex
1789707269.216319,25,light_flex
1789707269.216326,25,light_flex
1789707269.216334,25,light_flex
1789707269.216341,24,light_flex
1789707269.216349,24,light_flex
1789707269.2163572,24,light_flex
1789707269.216365,26,light_flex
1789707269.216372,26,light_flex
1789707269.21638,26,light_flex
1789707269.216387,24,light_flex
1789707269.216395,24,light_flex
1789707269.2197802,23,light_flex
1789707269.2251709,24,light_flex
1789707269.230245,25,light_flex
1789707269.235553,24,light_flex
1789707269.24075,24,light_flex
1789707269.246088,23,light_flex
1789707269.251172,24,light_flex
1789707269.2564359,24,light_flex
1789707269.261879,24,light_flex
1789707269.267115,24,light_flex
1789707269.2722151,23,light_flex
1789707269.2775218,23,light_flex
1789707269.282779,23,light_flex
1789707269.2880309,24,light_flex
1789707269.293188,24,light_flex
1789707269.2985091,24,light_flex
1789707269.303761,23,light_flex
1789707269.308901,23,light_flex
1789707269.314131,24,light_flex
1789707269.319486,24,light_flex
1789707269.324779,24,light_flex
1789707269.3298612,24,light_flex
1789707269.335192,24,light_flex
1789707269.340539,23,light_flex
1789707269.3457541,24,light_flex
1789707269.350865,24,light_flex
1789707269.356104,25,light_flex
1789707269.3614678,26,light_flex
1789707269.3666098,25,light_flex
1789707269.371906,26,light_flex
1789707269.377225,26,light_flex
1789707269.382442,26,light_flex
1789707269.3876421,27,light_flex
1789707269.393107,26,light_flex
1789707269.39836,26,light_flex
1789707269.404006,25,light_flex
1789707269.4086862,25,light_flex
1789707269.4139252,25,light_flex
1789707269.419177,26,light_flex
1789707269.42463,25,light_flex
1789707269.429665,24,light_flex
1789707269.435004,24,light_flex
1789707269.440371,24,light_flex
1789707269.4453068,25,light_flex
1789707269.4505868,25,light_flex
1789707269.4559202,24,light_flex
1789707269.461279,24,light_flex
1789707269.466486,23,light_flex
1789707269.4716039,24,light_flex
1789707269.4768891,24,light_flex
1789707269.4821272,25,light_flex
1789707269.487166,24,light_flex
1789707269.492668,23,light_flex
1789707269.497921,23,light_flex
1789707269.503239,23,light_flex
1789707269.5082612,23,light_flex
1789707269.51355,23,light_flex
1789707269.5187578,24,light_flex
1789707269.526442,23,light_flex
1789707269.529089,22,light_flex
1789707269.5346408,23,light_flex
1789707269.5398889,24,light_flex
1789707269.544919,24,light_flex
1789707269.550153,24,light_flex
1789707269.555475,26,light_flex
1789707269.5606542,25,light_flex
1789707269.56604,27,light_flex
1789707269.5711098,29,light_flex
1789707269.57656,31,light_flex
1789707269.5817611,35,light_flex
1789707269.586962,46,light_flex
1789707269.592174,47,light_flex
1789707269.597454,45,light_flex
1789707269.602654,42,light_flex
1789707269.607935,41,light_flex
1789707269.613081,39,light_flex
1789707269.618438,37,light_flex
1789707269.6236072,37,light_flex
1789707269.628969,36,light_flex
1789707269.634219,35,light_flex
1789707269.639484,35,light_flex
1789707269.644523,33,light_flex
1789707269.649753,32,light_flex
1789707269.655075,30,light_flex
1789707269.66082,29,light_flex
1789707269.6656268,29,light_flex
1789707269.671075,29,light_flex
1789707269.6760268,30,light_flex
1789707269.681149,29,light_flex
1789707269.686453,27,light_flex
1789707269.6918762,28,light_flex
1789707269.697064,28,light_flex
1789707269.702336,28,light_flex
1789707269.7075222,28,light_flex
1789707269.7126899,28,light_flex
1789707269.7181141,29,light_flex
1789707269.7231061,29,light_flex
1789707269.7284532,28,light_flex
1789707269.733829,28,light_flex
1789707269.739199,28,light_flex
1789707269.744117,28,light_flex
1789707269.749426,30,light_flex
1789707269.754688,29,light_flex
1789707269.7599308,30,light_flex
1789707269.765196,31,light_flex
1789707269.7705731,31,light_flex
1789707269.775543,32,light_flex
1789707269.781196,36,light_flex
1789707269.7859142,34,light_flex
1789707269.791213,34,light_flex
1789707269.79653,33,light_flex
1789707269.801728,34,light_flex
1789707269.806931,33,light_flex
1789707269.812257,30,light_flex
1789707269.817232,31,light_flex
1789707269.8225868,34,light_flex
1789707269.828033,37,light_flex
1789707269.8333929,42,light_flex
1789707269.8383942,43,light_flex
1789707269.8437161,46,light_flex
1789707269.8489861,45,light_flex
1789707269.8542762,47,light_flex
1789707269.859573,51,light_flex
1789707269.864715,54,light_flex
1789707269.870114,53,light_flex
1789707269.875093,50,light_flex
1789707269.880331,52,light_flex
1789707269.885826,55,light_flex
1789707269.890972,54,light_flex
1789707269.8960378,50,light_flex
1789707269.901428,49,light_flex
1789707269.906791,53,light_flex
1789707269.912002,52,light_flex
1789707269.9170508,55,light_flex
1789707269.92226,54,light_flex
1789707269.9279768,52,light_flex
1789707269.9329011,48,light_flex
1789707269.938132,45,light_flex
1789707269.943342,43,light_flex
1789707269.948719,42,light_flex
1789707269.9537458,40,light_flex
1789707269.95906,39,light_flex
1789707269.964299,37,light_flex
1789707269.969734,35,light_flex
1789707269.9749,35,light_flex
1789707269.979831,39,light_flex
1789707269.985344,41,light_flex
1789707269.990408,42,light_flex
1789707269.995695,45,light_flex
1789707270.001125,48,light_flex
1789707270.006331,47,light_flex
1789707270.0113869,49,light_flex
1789707270.016664,55,light_flex
1789707270.0219488,57,light_flex
1789707270.027221,54,light_flex
1789707270.0324328,50,light_flex
1789707270.038026,47,light_flex
1789707270.042932,49,light_flex
1789707270.048246,53,light_flex
1789707270.053314,53,light_flex
1789707270.058644,53,light_flex
1789707270.063927,52,light_flex
1789707270.0691898,49,light_flex
1789707270.0743349,50,light_flex
1789707270.079574,48,light_flex
1789707270.0848231,48,light_flex
1789707270.09008,48,light_flex
1789707270.0952902,49,light_flex
1789707270.100838,45,light_flex
1789707270.105821,44,light_flex
1789707270.111047,45,light_flex
1789707270.116382,45,light_flex
1789707270.121585,50,light_flex
1789707270.12687,54,light_flex
1789707270.132082,64,light_flex
1789707270.137595,59,light_flex
1789707270.142596,57,light_flex
1789707270.147604,53,light_flex
1789707270.1529799,49,light_flex
1789707270.158279,47,light_flex
1789707270.163614,44,light_flex
1789707270.168761,42,light_flex
1789707270.1740758,41,light_flex
1789707270.179185,39,light_flex
1789707270.184577,36,light_flex
1789707270.190073,39,light_flex
1789707270.194751,41,light_flex
1789707270.200258,47,light_flex
1789707270.205534,45,light_flex
1789707270.210623,44,light_flex
1789707270.2159061,43,light_flex
1789707270.221109,43,light_flex
1789707270.226353,40,light_flex
1789707270.231542,38,light_flex
1789707270.236918,37,light_flex
1789707270.242121,38,light_flex
1789707270.247382,38,light_flex
1789707270.25256,36,light_flex
1789707270.258466,36,light_flex
1789707270.263137,36,light_flex
1789707270.26838,39,light_flex
1789707270.273789,42,light_flex
1789707270.278616,39,light_flex
1789707270.284074,36,light_flex
1789707270.289006,36,light_flex
1789707270.294434,36,light_flex
1789707270.2997298,37,light_flex
1789707270.3049622,35,light_flex
1789707270.310189,33,light_flex
1789707270.315541,31,light_flex
1789707270.3207629,35,light_flex
1789707270.325801,37,light_flex
1789707270.331193,36,light_flex
1789707270.336534,38,light_flex
1789707270.341704,36,light_flex
1789707270.3468559,37,light_flex
1789707270.352103,38,light_flex
1789707270.357621,39,light_flex
1789707270.362678,38,light_flex
1789707270.367912,38,light_flex
1789707270.373516,39,light_flex
1789707270.3784,37,light_flex
1789707270.383492,37,light_flex
1789707270.388771,38,light_flex
1789707270.394136,41,light_flex
1789707270.399433,39,light_flex
1789707270.404613,41,light_flex
1789707270.409808,42,light_flex
1789707270.415078,40,light_flex
1789707270.420564,40,light_flex
1789707270.425641,48,light_flex
1789707270.430836,45,light_flex
1789707270.436117,43,light_flex
1789707270.4412422,45,light_flex
1789707270.4465091,47,light_flex
1789707270.45183,55,light_flex
1789707270.458926,60,light_flex
1789707270.463743,58,light_flex
1789707270.4676821,54,light_flex
1789707270.472708,49,light_flex
1789707270.478007,48,light_flex
1789707270.483256,47,light_flex
1789707270.4884639,49,light_flex
1789707270.49378,48,light_flex
1789707270.499178,53,light_flex
1789707270.5046442,61,light_flex
1789707270.5094411,56,light_flex
1789707270.514712,56,light_flex
1789707270.519946,57,light_flex
1789707270.5261812,55,light_flex
1789707270.530278,60,light_flex
1789707270.536098,66,light_flex
1789707270.540813,64,light_flex
1789707270.546195,59,light_flex
1789707270.551393,56,light_flex
1789707270.557055,53,light_flex
1789707270.561853,49,light_flex
1789707270.5672781,46,light_flex
1789707270.5724,45,light_flex
1789707270.577826,14,light_flex
1789707270.582901,47,light_flex
1789707270.588029,46,light_flex
1789707270.593222,44,light_flex
1789707270.598495,48,light_flex
1789707270.6038342,51,light_flex
1789707270.609084,55,light_flex
1789707270.614235,56,light_flex
1789707270.6193469,54,light_flex
1789707270.624769,53,light_flex
1789707270.630069,51,light_flex
1789707270.635394,48,light_flex
1789707270.640985,47,light_flex
1789707270.6456199,48,light_flex
1789707270.651003,55,light_flex
1789707270.6561458,55,light_flex
1789707270.6614451,53,light_flex
1789707270.666702,50,light_flex
1789707270.6718779,48,light_flex
1789707270.677129,48,light_flex
1789707270.682344,48,light_flex
1789707270.6876612,49,light_flex
1789707270.693002,54,light_flex
1789707270.698098,56,light_flex
1789707270.70351,53,light_flex
1789707270.7086122,53,light_flex
1789707270.714004,51,light_flex
1789707270.718982,54,light_flex
1789707270.726685,53,light_flex
1789707270.72947,58,light_flex
1789707270.7350059,62,light_flex
1789707270.740671,62,light_flex
1789707270.7453141,59,light_flex
1789707270.750643,55,light_flex
1789707270.755657,52,light_flex
1789707270.7609951,49,light_flex
1789707270.7663622,48,light_flex
1789707270.77137,45,light_flex
1789707270.776761,46,light_flex
1789707270.7819982,43,light_flex
1789707270.787269,42,light_flex
1789707270.792553,48,light_flex
1789707270.797597,51,light_flex
1789707270.8031669,51,light_flex
1789707270.808255,48,light_flex
1789707270.81332,49,light_flex
1789707270.818542,53,light_flex
1789707270.824278,52,light_flex
1789707270.829273,51,light_flex
1789707270.834424,49,light_flex
1789707270.8396292,47,light_flex
1789707270.844776,44,light_flex
1789707270.8500228,44,light_flex
1789707270.8553789,43,light_flex
1789707270.860493,44,light_flex
1789707270.867075,41,light_flex
1789707270.8709629,40,light_flex
1789707270.8763258,42,light_flex
1789707270.881568,44,light_flex
1789707270.8868322,43,light_flex
1789707270.892152,44,light_flex
1789707270.897237,42,light_flex
1789707270.902667,43,light_flex
1789707270.907996,43,light_flex
1789707270.913107,45,light_flex
1789707270.91818,42,light_flex
1789707270.924205,40,light_flex
1789707270.9286542,44,light_flex
1789707270.934724,56,light_flex
1789707270.939235,56,light_flex
1789707270.944455,53,light_flex
1789707270.949603,53,light_flex
1789707270.954933,52,light_flex
1789707270.9602802,52,light_flex
1789707270.965523,50,light_flex
1789707270.9708202,49,light_flex
1789707270.975923,49,light_flex
1789707270.981185,55,light_flex
1789707270.986461,52,light_flex
1789707270.991916,54,light_flex
1789707270.996829,54,light_flex
1789707271.002374,52,light_flex
1789707271.007195,48,light_flex
1789707271.012464,48,light_flex
1789707271.017853,56,light_flex
1789707271.023447,62,light_flex
1789707271.028203,67,light_flex
1789707271.033536,72,light_flex
1789707271.0386848,68,light_flex
1789707271.044074,63,light_flex
1789707271.049195,58,light_flex
1789707271.0545259,56,light_flex
1789707271.061703,54,light_flex
1789707271.064947,54,light_flex
1789707271.0703669,53,light_flex
1789707271.075456,50,light_flex
1789707271.080817,48,light_flex
1789707271.085883,47,light_flex
1789707271.092126,46,light_flex
1789707271.096412,43,light_flex
1789707271.101954,42,light_flex
1789707271.107005,42,light_flex
1789707271.112303,41,light_flex
1789707271.117481,40,light_flex
1789707271.1250181,39,light_flex
1789707271.1277661,39,light_flex
1789707271.133208,48,light_flex
1789707271.138325,48,light_flex
1789707271.143602,52,light_flex
1789707271.14869,51,light_flex
1789707271.154026,51,light_flex
1789707271.159436,53,light_flex
1789707271.1647072,60,light_flex
1789707271.169935,56,light_flex
1789707271.175829,54,light_flex
1789707271.1802938,53,light_flex
1789707271.185544,51,light_flex
1789707271.190934,50,light_flex
1789707271.195997,48,light_flex
1789707271.201427,46,light_flex
1789707271.206757,48,light_flex
1789707271.211785,48,light_flex
1789707271.217013,62,light_flex
1789707271.222309,64,light_flex
1789707271.227482,63,light_flex
1789707271.232861,59,light_flex
1789707271.2380888,55,light_flex
1789707271.243177,52,light_flex
1789707271.248404,49,light_flex
1789707271.253864,48,light_flex
1789707271.260105,49,light_flex
1789707271.264395,51,light_flex
1789707271.26969,47,light_flex
1789707271.274716,44,light_flex
1789707271.279972,42,light_flex
1789707271.285171,40,light_flex
1789707271.2904792,38,light_flex
1789707271.295742,36,light_flex
1789707271.3009439,36,light_flex
1789707271.305978,37,light_flex
1789707271.311271,38,light_flex
1789707271.316843,39,light_flex
1789707271.3218071,39,light_flex
1789707271.3271239,37,light_flex
1789707271.332474,44,light_flex
1789707271.337617,49,light_flex
1789707271.342794,47,light_flex
1789707271.348021,45,light_flex
1789707271.353409,42,light_flex
1789707271.358588,42,light_flex
1789707271.3637161,39,light_flex
1789707271.3692281,40,light_flex
1789707271.374353,44,light_flex
1789707271.379523,50,light_flex
1789707271.384714,47,light_flex
1789707271.390243,46,light_flex
1789707271.395466,45,light_flex
1789707271.4004018,43,light_flex
1789707271.40561,43,light_flex
1789707271.4110231,42,light_flex
1789707271.416237,40,light_flex
1789707271.4214342,42,light_flex
1789707271.426673,41,light_flex
1789707271.432071,40,light_flex
1789707271.437571,38,light_flex
1789707271.4424691,41,light_flex
1789707271.447613,43,light_flex
1789707271.452975,45,light_flex
1789707271.458123,45,light_flex
1789707271.4633632,43,light_flex
1789707271.4687328,41,light_flex
1789707271.473963,40,light_flex
1789707271.4790301,43,light_flex
1789707271.484284,48,light_flex
1789707271.4898078,49,light_flex
1789707271.494884,47,light_flex
1789707271.5000808,44,light_flex
1789707271.5054138,44,light_flex
1789707271.5104582,43,light_flex
1789707271.515578,41,light_flex
1789707271.5209112,39,light_flex
1789707271.526174,39,light_flex
1789707271.531444,38,light_flex
1789707271.5366058,40,light_flex
1789707271.541891,41,light_flex
1789707271.547103,42,light_flex
1789707271.552402,39,light_flex
1789707271.557523,37,light_flex
1789707271.5628319,36,light_flex
1789707271.56821,36,light_flex
1789707271.5737119,36,light_flex
1789707271.578603,42,light_flex
1789707271.58391,43,light_flex
1789707271.589184,42,light_flex
1789707271.594383,43,light_flex
1789707271.5997062,41,light_flex
1789707271.6048992,39,light_flex
1789707271.61022,43,light_flex
1789707271.6152582,51,light_flex
1789707271.6206138,53,light_flex
1789707271.6258838,50,light_flex
1789707271.631166,48,light_flex
1789707271.636696,46,light_flex
1789707271.6415842,46,light_flex
1789707271.646857,46,light_flex
1789707271.652027,47,light_flex
1789707271.658741,48,light_flex
1789707271.662787,47,light_flex
1789707271.667904,45,light_flex
1789707271.673003,44,light_flex
1789707271.678269,41,light_flex
1789707271.6834948,39,light_flex
1789707271.688843,40,light_flex
1789707271.694036,39,light_flex
1789707271.699435,38,light_flex
1789707271.704611,44,light_flex
1789707271.7098482,42,light_flex
1789707271.714991,47,light_flex
1789707271.720246,52,light_flex
1789707271.725493,52,light_flex
1789707271.730804,56,light_flex
1789707271.735989,56,light_flex
1789707271.741261,59,light_flex
1789707271.746419,58,light_flex
1789707271.751607,59,light_flex
1789707271.756887,59,light_flex
1789707271.762214,66,light_flex
1789707271.767553,65,light_flex
1789707271.773033,60,light_flex
1789707271.777855,57,light_flex
1789707271.7830348,60,light_flex
1789707271.7884119,57,light_flex
1789707271.794871,62,light_flex
1789707271.79894,63,light_flex
1789707271.8041458,58,light_flex
1789707271.809278,54,light_flex
1789707271.8144698,54,light_flex
1789707271.819793,51,light_flex
1789707271.82512,48,light_flex
1789707271.830237,48,light_flex
1789707271.835537,46,light_flex
1789707271.840823,45,light_flex
1789707271.846097,50,light_flex
1789707271.851182,51,light_flex
1789707271.856483,51,light_flex
1789707271.861857,52,light_flex
1789707271.866978,56,light_flex
1789707271.872096,54,light_flex
1789707271.877429,50,light_flex
1789707271.882713,49,light_flex
1789707271.887798,48,light_flex
1789707271.893261,50,light_flex
1789707271.898491,47,light_flex
1789707271.904052,47,light_flex
1789707271.908878,46,light_flex
1789707271.9141388,46,light_flex
1789707271.919316,49,light_flex
1789707271.925009,48,light_flex
1789707271.929678,47,light_flex
1789707271.935243,44,light_flex
1789707271.94032,41,light_flex
1789707271.9455118,39,light_flex
1789707271.950825,38,light_flex
1789707271.956151,37,light_flex
1789707271.9613838,36,light_flex
1789707271.9665658,34,light_flex
1789707271.971794,36,light_flex
1789707271.9770749,36,light_flex
1789707271.982293,42,light_flex
1789707271.9874182,41,light_flex
1789707271.992748,41,light_flex
1789707271.998092,41,light_flex
1789707272.0034502,39,light_flex
1789707272.0085812,37,light_flex
1789707272.013682,37,light_flex
1789707272.0190232,36,light_flex
1789707272.024171,38,light_flex
1789707272.029473,41,light_flex
1789707272.034739,40,light_flex
1789707272.04015,38,light_flex
1789707272.0450401,36,light_flex
1789707272.050356,35,light_flex
1789707272.05558,34,light_flex
1789707272.0611148,30,light_flex
1789707272.066218,32,light_flex
1789707272.071809,32,light_flex
1789707272.076652,31,light_flex
1789707272.081811,33,light_flex
1789707272.087029,34,light_flex
1789707272.0924191,35,light_flex
1789707272.097594,38,light_flex
1789707272.102785,36,light_flex
1789707272.108059,36,light_flex
1789707272.113268,34,light_flex
1789707272.1185899,34,light_flex
1789707272.123762,37,light_flex
1789707272.128893,42,light_flex
1789707272.134388,43,light_flex
1789707272.139683,45,light_flex
1789707272.14466,47,light_flex
1789707272.149935,45,light_flex
1789707272.1551979,42,light_flex
1789707272.1603892,43,light_flex
1789707272.1657321,46,light_flex
1789707272.171005,46,light_flex
1789707272.176275,44,light_flex
1789707272.181344,41,light_flex
1789707272.186597,39,light_flex
1789707272.192065,38,light_flex
1789707272.197122,39,light_flex
1789707272.2025468,43,light_flex
1789707272.207642,36,light_flex
1789707272.212998,18,light_flex
1789707272.218179,42,light_flex
1789707272.2234628,37,light_flex
1789707272.2286541,36,light_flex
1789707272.234057,34,light_flex
1789707272.2390149,33,light_flex
1789707272.244329,33,light_flex
1789707272.2496462,39,light_flex
1789707272.2548962,42,light_flex
1789707272.259985,45,light_flex
1789707272.265475,56,light_flex
1789707272.270537,53,light_flex
1789707272.2758982,50,light_flex
1789707272.2809029,47,light_flex
1789707272.28628,44,light_flex
1789707272.291583,43,light_flex
1789707272.2968938,44,light_flex
1789707272.302057,47,light_flex
1789707272.307296,48,light_flex
1789707272.312535,46,light_flex
1789707272.3176498,46,light_flex
1789707272.3229089,44,light_flex
1789707272.329273,42,light_flex
1789707272.333608,41,light_flex
1789707272.338589,40,light_flex
1789707272.343925,38,light_flex
1789707272.349281,37,light_flex
1789707272.354453,44,light_flex
1789707272.3596532,51,light_flex
1789707272.3650272,51,light_flex
1789707272.370392,48,light_flex
1789707272.375502,46,light_flex
1789707272.380707,44,light_flex
1789707272.3858418,44,light_flex
1789707272.391482,41,light_flex
1789707272.396209,40,light_flex
1789707272.40152,40,light_flex
1789707272.4069052,42,light_flex
1789707272.4121249,50,light_flex
1789707272.417203,47,light_flex
1789707272.422643,44,light_flex
1789707272.42787,42,light_flex
1789707272.433017,41,light_flex
1789707272.438283,41,light_flex
1789707272.443531,42,light_flex
1789707272.44878,42,light_flex
1789707272.4539058,40,light_flex
1789707272.4593852,38,light_flex
1789707272.4644969,39,light_flex
1789707272.469905,39,light_flex
1789707272.474953,39,light_flex
1789707272.480126,40,light_flex
1789707272.485417,41,light_flex
1789707272.490649,39,light_flex
1789707272.495841,37,light_flex
1789707272.501291,37,light_flex
1789707272.506473,41,light_flex
1789707272.51172,46,light_flex
1789707272.516831,45,light_flex
1789707272.5222862,44,light_flex
1789707272.527463,42,light_flex
1789707272.53264,40,light_flex
1789707272.5378492,40,light_flex
1789707272.5431411,38,light_flex
1789707272.548364,39,light_flex
1789707272.55347,36,light_flex
1789707272.5588312,34,light_flex
1789707272.564086,33,light_flex
1789707272.569532,34,light_flex
1789707272.574621,41,light_flex
1789707272.579853,57,light_flex
1789707272.585207,55,light_flex
1789707272.590403,53,light_flex
1789707272.595407,50,light_flex
1789707272.600974,48,light_flex
1789707272.6060202,48,light_flex
1789707272.6112351,48,light_flex
1789707272.6165419,45,light_flex
1789707272.621708,46,light_flex
1789707272.627153,44,light_flex
1789707272.6322198,42,light_flex
1789707272.637794,40,light_flex
1789707272.6428108,38,light_flex
1789707272.647966,37,light_flex
1789707272.65312,35,light_flex
1789707272.6585128,34,light_flex
1789707272.664062,35,light_flex
1789707272.6689448,34,light_flex
1789707272.674119,33,light_flex
1789707272.679411,34,light_flex
1789707272.6846368,40,light_flex
1789707272.6899462,39,light_flex
1789707272.695176,38,light_flex
1789707272.700643,37,light_flex
1789707272.705687,38,light_flex
1789707272.7108622,37,light_flex
1789707272.716043,37,light_flex
1789707272.7213252,40,light_flex
1789707272.726516,45,light_flex
1789707272.73187,43,light_flex
1789707272.737199,40,light_flex
1789707272.742402,40,light_flex
1789707272.747454,39,light_flex
1789707272.752703,36,light_flex
1789707272.758068,35,light_flex
1789707272.76327,34,light_flex
1789707272.76853,34,light_flex
1789707272.773751,33,light_flex
1789707272.779121,34,light_flex
1789707272.7840152,32,light_flex
1789707272.7893682,31,light_flex
1789707272.794601,31,light_flex
1789707272.8001,31,light_flex
1789707272.8050802,30,light_flex
1789707272.810393,28,light_flex
1789707272.8156118,26,light_flex
1789707272.820964,32,light_flex
1789707272.826068,37,light_flex
1789707272.831378,47,light_flex
1789707272.836738,47,light_flex
1789707272.842054,46,light_flex
1789707272.847052,43,light_flex
1789707272.852318,50,light_flex
1789707272.8583128,50,light_flex
1789707272.862839,49,light_flex
1789707272.868165,47,light_flex
1789707272.873396,48,light_flex
1789707272.8786051,46,light_flex
1789707272.883754,45,light_flex
1789707272.889005,48,light_flex
1789707272.8943732,47,light_flex
1789707272.899673,48,light_flex
1789707272.9056268,47,light_flex
1789707272.910083,52,light_flex
1789707272.9153512,64,light_flex
1789707272.920568,70,light_flex
1789707272.925664,73,light_flex
1789707272.930944,72,light_flex
1789707272.936262,68,light_flex
1789707272.941349,75,light_flex
1789707272.946534,70,light_flex
1789707272.951765,66,light_flex
1789707272.957057,66,light_flex
1789707272.962143,73,light_flex
1789707272.967523,73,light_flex
1789707272.9728482,77,light_flex
1789707272.978035,78,light_flex
1789707272.983166,74,light_flex
1789707272.9884531,73,light_flex
1789707272.9938061,72,light_flex
1789707272.99914,70,light_flex
1789707273.00432,67,light_flex
1789707273.009503,63,light_flex
1789707273.014822,59,light_flex
1789707273.019856,55,light_flex
1789707273.025218,52,light_flex
1789707273.03047,49,light_flex
1789707273.0358012,46,light_flex
1789707273.040936,44,light_flex
1789707273.04616,50,light_flex
1789707273.051456,59,light_flex
1789707273.056813,55,light_flex
1789707273.0619001,52,light_flex
1789707273.0672152,53,light_flex
1789707273.0725482,52,light_flex
1789707273.0777779,52,light_flex
1789707273.083285,52,light_flex
1789707273.088156,54,light_flex
1789707273.09351,54,light_flex
1789707273.113916,55,light_flex
1789707273.113952,52,light_flex
1789707273.113972,62,light_flex
1789707273.115228,67,light_flex
1789707273.1195352,69,light_flex
1789707273.124932,65,light_flex
1789707273.130103,61,light_flex
1789707273.135265,56,light_flex
1789707273.140384,53,light_flex
1789707273.145684,50,light_flex
1789707273.150971,47,light_flex
1789707273.156288,44,light_flex
1789707273.161438,46,light_flex
1789707273.166732,59,light_flex
1789707273.172054,63,light_flex
1789707273.177098,65,light_flex
1789707273.182393,65,light_flex
1789707273.187646,63,light_flex
1789707273.192941,61,light_flex
1789707273.198047,57,light_flex
1789707273.203477,54,light_flex
1789707273.208698,51,light_flex
1789707273.213921,53,light_flex
1789707273.219027,52,light_flex
1789707273.224362,50,light_flex
1789707273.2296681,47,light_flex
1789707273.2349901,51,light_flex
1789707273.240105,65,light_flex
1789707273.245337,65,light_flex
1789707273.250574,62,light_flex
1789707273.25582,61,light_flex
1789707273.2611809,57,light_flex
1789707273.266356,53,light_flex
1789707273.2717361,49,light_flex
1789707273.2767391,47,light_flex
1789707273.282103,49,light_flex
1789707273.2873778,47,light_flex
1789707273.292706,44,light_flex
1789707273.297864,42,light_flex
1789707273.30328,40,light_flex
1789707273.308634,47,light_flex
1789707273.313615,46,light_flex
1789707273.318872,43,light_flex
1789707273.324212,41,light_flex
1789707273.329386,42,light_flex
1789707273.3346329,40,light_flex
1789707273.3398871,40,light_flex
1789707273.3451462,38,light_flex
1789707273.350187,36,light_flex
1789707273.355551,34,light_flex
1789707273.360812,34,light_flex
1789707273.3662322,39,light_flex
1789707273.371328,46,light_flex
1789707273.3765209,52,light_flex
1789707273.3817348,49,light_flex
1789707273.38707,48,light_flex
1789707273.392292,47,light_flex
1789707273.397624,47,light_flex
1789707273.402901,48,light_flex
1789707273.4081202,48,light_flex
1789707273.4131389,51,light_flex
1789707273.418565,60,light_flex
1789707273.424705,59,light_flex
1789707273.428919,57,light_flex
1789707273.434276,55,light_flex
1789707273.439487,54,light_flex
1789707273.44475,51,light_flex
1789707273.449823,48,light_flex
1789707273.45505,53,light_flex
1789707273.460476,60,light_flex
1789707273.465835,58,light_flex
1789707273.470848,58,light_flex
1789707273.47614,55,light_flex
1789707273.483947,59,light_flex
1789707273.486688,56,light_flex
1789707273.491888,61,light_flex
1789707273.4967911,71,light_flex
1789707273.5023181,71,light_flex
1789707273.5074282,67,light_flex
1789707273.512616,62,light_flex
1789707273.5178611,60,light_flex
1789707273.523149,56,light_flex
1789707273.5282528,55,light_flex
1789707273.5335329,51,light_flex
1789707273.538923,53,light_flex
1789707273.544173,54,light_flex
1789707273.549404,57,light_flex
1789707273.554655,53,light_flex
1789707273.559853,49,light_flex
1789707273.564964,46,light_flex
1789707273.570372,46,light_flex
1789707273.5755231,47,light_flex
1789707273.580808,48,light_flex
1789707273.585902,49,light_flex
1789707273.591109,47,light_flex
1789707273.596552,46,light_flex
1789707273.601894,47,light_flex
1789707273.606975,47,light_flex
1789707273.612195,50,light_flex
1789707273.617481,49,light_flex
1789707273.6227672,52,light_flex
1789707273.627879,51,light_flex
1789707273.633207,48,light_flex
1789707273.638504,48,light_flex
1789707273.643606,47,light_flex
1789707273.64885,49,light_flex
1789707273.654158,51,light_flex
1789707273.6594691,56,light_flex
1789707273.664567,57,light_flex
1789707273.6699011,59,light_flex
1789707273.675216,64,light_flex
1789707273.680452,74,light_flex
1789707273.6855261,73,light_flex
1789707273.69077,70,light_flex
1789707273.69613,66,light_flex
1789707273.7015371,61,light_flex
1789707273.706561,61,light_flex
1789707273.711916,64,light_flex
1789707273.717242,74,light_flex
1789707273.722307,74,light_flex
1789707273.7277162,97,light_flex
1789707273.769372,122,light_flex
1789707273.769558,124,light_flex
1789707273.769589,121,light_flex
1789707273.769634,115,light_flex
1789707273.769661,107,light_flex
1789707273.769684,127,light_flex
1789707273.794358,135,light_flex
1789707273.794438,155,light_flex
1789707273.794507,142,light_flex
1789707273.7945678,143,light_flex
1789707273.7946281,137,light_flex
1789707273.794689,133,light_flex
1789707273.8122182,123,light_flex
1789707273.8123252,112,light_flex
1789707273.8123891,104,light_flex
1789707273.812439,99,light_flex
1789707273.817255,91,light_flex
1789707273.822521,86,light_flex
1789707273.8277602,80,light_flex
1789707273.8329222,78,light_flex
1789707273.866127,100,light_flex
1789707273.8662138,131,light_flex
1789707273.866283,146,light_flex
1789707273.866347,147,light_flex
1789707273.866409,154,light_flex
1789707273.8664708,161,light_flex
1789707273.899882,166,light_flex
1789707273.899963,157,light_flex
1789707273.900028,144,light_flex
1789707273.9000902,134,light_flex
1789707273.90015,126,light_flex
1789707273.90021,118,light_flex
1789707273.9338171,127,light_flex
1789707273.933944,136,light_flex
1789707273.934016,135,light_flex
1789707273.934083,127,light_flex
1789707273.9341462,119,light_flex
1789707273.934208,116,light_flex
1789707273.934272,107,light_flex
1789707273.967833,111,light_flex
1789707273.9679291,115,light_flex
1789707273.9680011,118,light_flex
1789707273.968069,138,light_flex
1789707273.9681349,155,light_flex
1789707273.968213,177,light_flex
1789707274.001683,166,light_flex
1789707274.001821,163,light_flex
1789707274.001908,167,light_flex
1789707274.0019898,154,light_flex
1789707274.002066,143,light_flex
1789707274.002134,140,light_flex
1789707274.002199,138,light_flex
1789707274.035409,138,light_flex
1789707274.035512,140,light_flex
1789707274.035582,146,light_flex
1789707274.035646,159,light_flex
1789707274.035709,145,light_flex
1789707274.0357718,133,light_flex
1789707274.069247,145,light_flex
1789707274.069361,157,light_flex
1789707274.069448,162,light_flex
1789707274.069518,154,light_flex
1789707274.069584,141,light_flex
1789707274.06965,136,light_flex
1789707274.1029708,131,light_flex
1789707274.103106,149,light_flex
1789707274.10318,149,light_flex
1789707274.103248,152,light_flex
1789707274.103313,143,light_flex
1789707274.103376,142,light_flex
1789707274.103439,131,light_flex
1789707274.1368241,121,light_flex
1789707274.136941,115,light_flex
1789707274.13709,133,light_flex
1789707274.137185,135,light_flex
1789707274.1372511,149,light_flex
1789707274.1373298,163,light_flex
1789707274.170499,168,light_flex
1789707274.1706188,156,light_flex
1789707274.170769,146,light_flex
1789707274.170872,134,light_flex
1789707274.170939,123,light_flex
1789707274.171011,118,light_flex
1789707274.171071,116,light_flex
1789707274.1930602,107,light_flex
1789707274.193227,108,light_flex
1789707274.193275,105,light_flex
1789707274.1933088,98,light_flex
1789707274.197593,91,light_flex
1789707274.2030458,92,light_flex
1789707274.213366,101,light_flex
1789707274.2134411,99,light_flex
1789707274.218577,92,light_flex
1789707274.229179,102,light_flex
1789707274.229246,98,light_flex
1789707274.2343931,95,light_flex
1789707274.267509,107,light_flex
1789707274.267614,117,light_flex
1789707274.267686,117,light_flex
1789707274.267751,107,light_flex
1789707274.2678149,105,light_flex
1789707274.267877,105,light_flex
1789707274.297845,112,light_flex
1789707274.297929,125,light_flex
1789707274.297985,114,light_flex
1789707274.298035,110,light_flex
1789707274.298083,106,light_flex
1789707274.2981231,97,light_flex
1789707274.3034098,96,light_flex
1789707274.308228,96,light_flex
1789707274.31357,96,light_flex
1789707274.318742,96,light_flex
1789707274.3504179,105,light_flex
1789707274.350513,102,light_flex
1789707274.35058,113,light_flex
1789707274.3506508,110,light_flex
1789707274.3507352,106,light_flex
1789707274.3507898,96,light_flex
1789707274.355586,93,light_flex
1789707274.360864,86,light_flex
1789707274.3662488,81,light_flex
1789707274.3713121,75,light_flex
1789707274.3766668,78,light_flex
1789707274.381779,77,light_flex
1789707274.38707,77,light_flex
1789707274.392242,73,light_flex
1789707274.397773,69,light_flex
1789707274.4029708,82,light_flex
1789707274.407923,85,light_flex
1789707274.4291189,102,light_flex
1789707274.4292018,104,light_flex
1789707274.429269,101,light_flex
1789707274.429323,93,light_flex
1789707274.43443,90,light_flex
1789707274.440533,90,light_flex
1789707274.444721,92,light_flex
1789707274.4553542,103,light_flex
1789707274.45542,98,light_flex
1789707274.461846,92,light_flex
1789707274.4658408,85,light_flex
1789707274.471005,80,light_flex
1789707274.476265,73,light_flex
1789707274.481528,67,light_flex
1789707274.486687,63,light_flex
1789707274.491969,65,light_flex
1789707274.497191,66,light_flex
1789707274.502635,79,light_flex
1789707274.507721,88,light_flex
1789707274.5287402,106,light_flex
1789707274.528787,103,light_flex
1789707274.5288231,101,light_flex
1789707274.5288541,99,light_flex
1789707274.534268,93,light_flex
1789707274.539285,87,light_flex
1789707274.5444648,91,light_flex
1789707274.5657978,107,light_flex
1789707274.565881,106,light_flex
1789707274.565948,100,light_flex
1789707274.566002,93,light_flex
1789707274.5712,89,light_flex
1789707274.576098,97,light_flex
1789707274.5971358,120,light_flex
1789707274.597186,111,light_flex
1789707274.5972328,101,light_flex
1789707274.5972621,92,light_flex
1789707274.6025789,84,light_flex
1789707274.60759,79,light_flex
1789707274.6129038,79,light_flex
1789707274.618146,78,light_flex
1789707274.623476,71,light_flex
1789707274.6286569,67,light_flex
1789707274.63407,64,light_flex
1789707274.63917,61,light_flex
1789707274.644267,63,light_flex
1789707274.6494899,66,light_flex
1789707274.6548438,73,light_flex
1789707274.660151,81,light_flex
1789707274.665319,85,light_flex
1789707274.67057,82,light_flex
1789707274.675833,79,light_flex
1789707274.681016,80,light_flex
1789707274.686133,76,light_flex
1789707274.691486,73,light_flex
1789707274.6968598,78,light_flex
1789707274.702097,82,light_flex
1789707274.707276,78,light_flex
1789707274.712499,74,light_flex
1789707274.717762,74,light_flex
1789707274.722781,77,light_flex
1789707274.728775,90,light_flex
1789707274.733577,87,light_flex
1789707274.7390132,87,light_flex
1789707274.7438772,83,light_flex
1789707274.7491908,87,light_flex
1789707274.754426,86,light_flex
1789707274.759917,83,light_flex
1789707274.764822,86,light_flex
1789707274.7702558,91,light_flex
1789707274.775435,87,light_flex
1789707274.781281,83,light_flex
1789707274.7856839,76,light_flex
1789707274.792473,70,light_flex
1789707274.796254,66,light_flex
1789707274.801564,70,light_flex
1789707274.806937,69,light_flex
1789707274.812062,71,light_flex
1789707274.817215,81,light_flex
1789707274.822446,88,light_flex
1789707274.827753,95,light_flex
1789707274.8330922,87,light_flex
1789707274.838345,85,light_flex
1789707274.843536,80,light_flex
1789707274.8487868,77,light_flex
1789707274.85407,74,light_flex
1789707274.859294,68,light_flex
1789707274.864704,67,light_flex
1789707274.86988,64,light_flex
1789707274.875128,68,light_flex
1789707274.880181,74,light_flex
1789707274.8854232,76,light_flex
1789707274.892107,80,light_flex
1789707274.8959758,75,light_flex
1789707274.901247,69,light_flex
1789707274.9065769,90,light_flex
1789707274.933126,105,light_flex
1789707274.933221,123,light_flex
1789707274.9332821,113,light_flex
1789707274.933343,107,light_flex
1789707274.9333918,98,light_flex
1789707274.9380732,92,light_flex
1789707274.943291,90,light_flex
1789707274.9484742,94,light_flex
1789707274.953598,88,light_flex
1789707274.958955,83,light_flex
1789707274.964052,76,light_flex
1789707274.969423,76,light_flex
1789707274.974711,76,light_flex
1789707274.9797518,71,light_flex
1789707274.985136,66,light_flex
1789707274.990755,68,light_flex
1789707274.9955142,75,light_flex
1789707275.0009642,72,light_flex
1789707275.006124,70,light_flex
1789707275.011302,67,light_flex
1789707275.016659,64,light_flex
1789707275.0218399,68,light_flex
1789707275.0272021,64,light_flex
1789707275.032355,62,light_flex
1789707275.03796,62,light_flex
1789707275.042915,60,light_flex
1789707275.048244,56,light_flex
1789707275.053256,63,light_flex
1789707275.058601,66,light_flex
1789707275.063915,68,light_flex
1789707275.0693278,67,light_flex
1789707275.074324,64,light_flex
1789707275.079624,63,light_flex
1789707275.0847821,62,light_flex
1789707275.090111,60,light_flex
1789707275.095212,58,light_flex
1789707275.101067,59,light_flex
1789707275.105995,54,light_flex
1789707275.1109278,53,light_flex
1789707275.116283,49,light_flex
1789707275.12154,47,light_flex
1789707275.126739,46,light_flex
1789707275.133069,47,light_flex
1789707275.137181,50,light_flex
1789707275.142515,47,light_flex
1789707275.147694,47,light_flex
1789707275.1527271,47,light_flex
1789707275.158207,52,light_flex
1789707275.1634119,59,light_flex
1789707275.1686459,56,light_flex
1789707275.173883,53,light_flex
1789707275.179477,50,light_flex
1789707275.1844711,50,light_flex
1789707275.189512,56,light_flex
1789707275.1948001,53,light_flex
1789707275.200246,54,light_flex
1789707275.2054248,52,light_flex
1789707275.2106261,48,light_flex
1789707275.215748,46,light_flex
1789707275.2210162,44,light_flex
1789707275.226364,41,light_flex
1789707275.231508,44,light_flex
1789707275.237003,51,light_flex
1789707275.2421372,53,light_flex
1789707275.247147,51,light_flex
1789707275.252526,49,light_flex
1789707275.257977,51,light_flex
1789707275.263038,56,light_flex
1789707275.268376,55,light_flex
1789707275.274128,52,light_flex
1789707275.278754,54,light_flex
1789707275.284032,58,light_flex
1789707275.289172,59,light_flex
1789707275.294501,56,light_flex
1789707275.299833,53,light_flex
1789707275.3049521,49,light_flex
1789707275.31019,46,light_flex
1789707275.315545,48,light_flex
1789707275.320728,51,light_flex
1789707275.32586,53,light_flex
1789707275.331126,51,light_flex
1789707275.336583,50,light_flex
1789707275.3417,48,light_flex
1789707275.346816,48,light_flex
1789707275.35204,50,light_flex
1789707275.3579168,51,light_flex
1789707275.36271,53,light_flex
1789707275.367944,53,light_flex
1789707275.373104,49,light_flex
1789707275.378379,49,light_flex
1789707275.383598,51,light_flex
1789707275.388751,47,light_flex
1789707275.394051,46,light_flex
1789707275.399647,44,light_flex
1789707275.4044201,44,light_flex
1789707275.4097788,47,light_flex
1789707275.414989,56,light_flex
1789707275.420916,54,light_flex
1789707275.425399,58,light_flex
1789707275.430666,55,light_flex
1789707275.436127,52,light_flex
1789707275.4413629,49,light_flex
1789707275.4463282,46,light_flex
1789707275.4517398,43,light_flex
1789707275.4571478,46,light_flex
1789707275.462286,50,light_flex
1789707275.467577,55,light_flex
1789707275.472664,55,light_flex
1789707275.477969,55,light_flex
1789707275.483039,61,light_flex
1789707275.488367,63,light_flex
1789707275.4936671,67,light_flex
1789707275.4990551,65,light_flex
1789707275.504051,64,light_flex
1789707275.509444,59,light_flex
1789707275.514708,56,light_flex
1789707275.519776,53,light_flex
1789707275.5249941,50,light_flex
1789707275.530358,49,light_flex
1789707275.5357199,51,light_flex
1789707275.5407329,52,light_flex
1789707275.545964,52,light_flex
1789707275.551311,53,light_flex
1789707275.5565991,60,light_flex
1789707275.561682,71,light_flex
1789707275.56702,66,light_flex
1789707275.572246,64,light_flex
1789707275.577408,67,light_flex
1789707275.5827808,75,light_flex
1789707275.587934,73,light_flex
1789707275.593312,71,light_flex
1789707275.5985868,70,light_flex
1789707275.603636,65,light_flex
1789707275.6089668,63,light_flex
1789707275.6142201,60,light_flex
1789707275.6192808,55,light_flex
1789707275.6246688,52,light_flex
1789707275.629924,50,light_flex
1789707275.635314,46,light_flex
1789707275.640383,44,light_flex
1789707275.645586,41,light_flex
1789707275.650979,41,light_flex
1789707275.656297,39,light_flex
1789707275.661115,45,light_flex
1789707275.666674,65,light_flex
1789707275.671895,63,light_flex
1789707275.6770182,62,light_flex
1789707275.682239,60,light_flex
1789707275.687594,65,light_flex
1789707275.692852,62,light_flex
1789707275.698205,62,light_flex
1789707275.703312,60,light_flex
1789707275.708562,60,light_flex
1789707275.7139058,56,light_flex
1789707275.7190862,54,light_flex
1789707275.724298,51,light_flex
1789707275.72962,48,light_flex
1789707275.7347488,51,light_flex
1789707275.7400231,58,light_flex
1789707275.7452412,62,light_flex
1789707275.750559,60,light_flex
1789707275.7557719,61,light_flex
1789707275.760968,59,light_flex
1789707275.766253,58,light_flex
1789707275.771426,54,light_flex
1789707275.7765539,50,light_flex
1789707275.78197,51,light_flex
1789707275.787068,51,light_flex
1789707275.7924778,50,light_flex
1789707275.797635,48,light_flex
1789707275.8029492,48,light_flex
1789707275.808176,45,light_flex
1789707275.813416,46,light_flex
1789707275.818572,45,light_flex
1789707275.824311,44,light_flex
1789707275.8291268,42,light_flex
1789707275.834336,45,light_flex
1789707275.839515,54,light_flex
1789707275.844844,52,light_flex
1789707275.8501701,62,light_flex
1789707275.85519,61,light_flex
1789707275.8604858,57,light_flex
1789707275.8658402,53,light_flex
1789707275.8711522,53,light_flex
1789707275.876223,49,light_flex
1789707275.8814662,49,light_flex
1789707275.886703,48,light_flex
1789707275.8919308,45,light_flex
1789707275.897124,46,light_flex
1789707275.902527,46,light_flex
1789707275.907805,45,light_flex
1789707275.9129028,49,light_flex
1789707275.9182029,45,light_flex
1789707275.92453,43,light_flex
1789707275.928603,42,light_flex
1789707275.9338582,45,light_flex
1789707275.939151,51,light_flex
1789707275.9444852,55,light_flex
1789707275.949497,64,light_flex
1789707275.9548612,62,light_flex
1789707275.960154,60,light_flex
1789707275.9655051,55,light_flex
1789707275.970767,54,light_flex
1789707275.976021,52,light_flex
1789707275.9809651,52,light_flex
1789707275.986421,50,light_flex
1789707275.991543,48,light_flex
1789707275.9968169,46,light_flex
1789707276.002211,45,light_flex
1789707276.007521,43,light_flex
1789707276.01244,43,light_flex
1789707276.017836,41,light_flex
1789707276.023027,39,light_flex
1789707276.0281658,39,light_flex
1789707276.033526,38,light_flex
1789707276.038762,39,light_flex
1789707276.043985,44,light_flex
1789707276.049241,53,light_flex
1789707276.054414,50,light_flex
1789707276.059654,49,light_flex
1789707276.0651,47,light_flex
1789707276.070518,44,light_flex
1789707276.075383,44,light_flex
1789707276.080728,41,light_flex
1789707276.086051,39,light_flex
1789707276.091247,38,light_flex
1789707276.0963771,37,light_flex
1789707276.101737,36,light_flex
1789707276.1069992,36,light_flex
1789707276.112066,35,light_flex
1789707276.117385,34,light_flex
1789707276.122647,37,light_flex
1789707276.127798,40,light_flex
1789707276.1331031,39,light_flex
1789707276.138301,50,light_flex
1789707276.143636,63,light_flex
1789707276.148719,62,light_flex
1789707276.154015,61,light_flex
1789707276.159355,57,light_flex
1789707276.164629,55,light_flex
1789707276.170032,55,light_flex
1789707276.1750798,54,light_flex
1789707276.180146,53,light_flex
1789707276.185468,52,light_flex
1789707276.190741,49,light_flex
1789707276.195872,49,light_flex
1789707276.201378,47,light_flex
1789707276.2064261,45,light_flex
1789707276.2117078,44,light_flex
1789707276.217015,43,light_flex
1789707276.222259,45,light_flex
1789707276.227416,43,light_flex
1789707276.23281,42,light_flex
1789707276.238245,42,light_flex
1789707276.243165,42,light_flex
1789707276.248389,54,light_flex
1789707276.253709,52,light_flex
1789707276.2589262,52,light_flex
1789707276.264079,52,light_flex
1789707276.269412,55,light_flex
1789707276.2746959,54,light_flex
1789707276.279926,51,light_flex
1789707276.285043,49,light_flex
1789707276.290484,46,light_flex
1789707276.2956722,44,light_flex
1789707276.3010051,41,light_flex
1789707276.3061938,41,light_flex
1789707276.311251,39,light_flex
1789707276.316685,38,light_flex
1789707276.321644,39,light_flex
1789707276.3269088,38,light_flex
1789707276.332387,43,light_flex
1789707276.3376782,57,light_flex
1789707276.342718,70,light_flex
1789707276.347994,69,light_flex
1789707276.3532522,64,light_flex
1789707276.358463,59,light_flex
1789707276.36364,55,light_flex
1789707276.369047,54,light_flex
1789707276.374295,61,light_flex
1789707276.379426,61,light_flex
1789707276.384681,57,light_flex
1789707276.3898938,56,light_flex
1789707276.395172,54,light_flex
1789707276.400438,51,light_flex
1789707276.405782,50,light_flex
1789707276.4109209,47,light_flex
1789707276.4161458,45,light_flex
1789707276.4214,44,light_flex
1789707276.427865,44,light_flex
1789707276.431923,47,light_flex
1789707276.437176,59,light_flex
1789707276.4422479,61,light_flex
1789707276.447457,56,light_flex
1789707276.452694,55,light_flex
1789707276.458077,53,light_flex
1789707276.463097,50,light_flex
1789707276.468545,48,light_flex
1789707276.473781,46,light_flex
1789707276.478899,44,light_flex
1789707276.4842172,42,light_flex
1789707276.491298,44,light_flex
1789707276.4948192,53,light_flex
1789707276.500038,53,light_flex
1789707276.505218,53,light_flex
1789707276.5105002,51,light_flex
1789707276.5159192,48,light_flex
1789707276.520969,45,light_flex
1789707276.526143,43,light_flex
1789707276.531542,42,light_flex
1789707276.5367758,45,light_flex
1789707276.542016,56,light_flex
1789707276.547186,53,light_flex
1789707276.552563,50,light_flex
1789707276.557688,48,light_flex
1789707276.562915,48,light_flex
1789707276.568303,45,light_flex
1789707276.5736299,45,light_flex
1789707276.5784068,42,light_flex
1789707276.583955,40,light_flex
1789707276.5891352,38,light_flex
1789707276.594359,41,light_flex
1789707276.599696,46,light_flex
1789707276.60496,44,light_flex
1789707276.6101608,43,light_flex
1789707276.615787,43,light_flex
1789707276.6204941,42,light_flex
1789707276.625782,40,light_flex
1789707276.63103,42,light_flex
1789707276.636323,41,light_flex
1789707276.641572,47,light_flex
1789707276.6467981,47,light_flex
1789707276.651946,52,light_flex
1789707276.657392,52,light_flex
1789707276.662503,51,light_flex
1789707276.667844,50,light_flex
1789707276.6730082,52,light_flex
1789707276.678176,51,light_flex
1789707276.683545,48,light_flex
1789707276.688842,45,light_flex
1789707276.693884,43,light_flex
1789707276.699232,45,light_flex
1789707276.704449,50,light_flex
1789707276.70981,55,light_flex
1789707276.71497,57,light_flex
1789707276.720184,61,light_flex
1789707276.725439,61,light_flex
1789707276.730593,67,light_flex
1789707276.735928,68,light_flex
1789707276.7411451,66,light_flex
1789707276.7465181,66,light_flex
1789707276.751576,63,light_flex
1789707276.756887,64,light_flex
1789707276.7621162,67,light_flex
1789707276.7674692,73,light_flex
1789707276.7725089,69,light_flex
1789707276.777642,67,light_flex
1789707276.7831738,63,light_flex
1789707276.788233,64,light_flex
1789707276.793495,60,light_flex
1789707276.798835,55,light_flex
1789707276.804016,52,light_flex
1789707276.809263,53,light_flex
1789707276.81442,52,light_flex
1789707276.819689,59,light_flex
1789707276.825026,61,light_flex
1789707276.8301451,56,light_flex
1789707276.835509,52,light_flex
1789707276.841978,50,light_flex
1789707276.845842,49,light_flex
1789707276.851079,50,light_flex
1789707276.858138,52,light_flex
1789707276.861656,58,light_flex
1789707276.867091,56,light_flex
1789707276.872201,52,light_flex
1789707276.8773298,51,light_flex
1789707276.882795,52,light_flex
1789707276.887817,52,light_flex
1789707276.8931231,49,light_flex
1789707276.898465,47,light_flex
1789707276.9040902,44,light_flex
1789707276.9088798,42,light_flex
1789707276.914269,42,light_flex
1789707276.919351,50,light_flex
1789707276.924691,59,light_flex
1789707276.929687,56,light_flex
1789707276.9356182,55,light_flex
1789707276.940345,52,light_flex
1789707276.945632,50,light_flex
1789707276.950728,47,light_flex
1789707276.955938,54,light_flex
1789707276.961308,58,light_flex
1789707276.966468,56,light_flex
1789707276.971633,55,light_flex
1789707276.976921,52,light_flex
1789707276.982306,51,light_flex
1789707276.9873621,48,light_flex
1789707276.9926069,45,light_flex
1789707276.998029,45,light_flex
1789707277.003359,44,light_flex
1789707277.008388,43,light_flex
1789707277.013607,44,light_flex
1789707277.018904,45,light_flex
1789707277.024244,44,light_flex
1789707277.0293179,44,light_flex
1789707277.0346618,43,light_flex
1789707277.03998,44,light_flex
1789707277.045044,44,light_flex
1789707277.0503712,44,light_flex
1789707277.055577,47,light_flex
1789707277.0609229,44,light_flex
1789707277.0662558,42,light_flex
1789707277.0712252,46,light_flex
1789707277.076617,43,light_flex
1789707277.081931,44,light_flex
1789707277.086963,44,light_flex
1789707277.0922408,45,light_flex
1789707277.097495,54,light_flex
1789707277.102779,51,light_flex
1789707277.108045,48,light_flex
1789707277.1132421,48,light_flex
1789707277.118582,46,light_flex
1789707277.123927,47,light_flex
1789707277.128938,44,light_flex
1789707277.1343842,46,light_flex
1789707277.139443,46,light_flex
1789707277.144662,45,light_flex
1789707277.150329,42,light_flex
1789707277.155197,41,light_flex
1789707277.160542,39,light_flex
1789707277.165674,37,light_flex
1789707277.170985,39,light_flex
1789707277.1761951,42,light_flex
1789707277.18132,39,light_flex
1789707277.186635,40,light_flex
1789707277.192089,39,light_flex
1789707277.197172,37,light_flex
1789707277.202373,35,light_flex
1789707277.207627,35,light_flex
1789707277.212953,46,light_flex
1789707277.218121,47,light_flex
1789707277.22344,54,light_flex
1789707277.228585,64,light_flex
1789707277.2340322,61,light_flex
1789707277.239051,58,light_flex
1789707277.24433,57,light_flex
1789707277.2497,53,light_flex
1789707277.2549062,51,light_flex
1789707277.25986,49,light_flex
1789707277.265343,49,light_flex
1789707277.270731,49,light_flex
1789707277.275867,48,light_flex
1789707277.2809448,48,light_flex
1789707277.286216,52,light_flex
1789707277.2915359,56,light_flex
1789707277.2967439,63,light_flex
1789707277.301985,64,light_flex
1789707277.307251,64,light_flex
1789707277.312413,59,light_flex
1789707277.317816,56,light_flex
1789707277.323064,57,light_flex
1789707277.328136,54,light_flex
1789707277.3335109,51,light_flex
1789707277.3385432,48,light_flex
1789707277.343861,47,light_flex
1789707277.349202,45,light_flex
1789707277.354342,44,light_flex
1789707277.359522,41,light_flex
1789707277.3649,42,light_flex
1789707277.3704672,40,light_flex
1789707277.3757179,38,light_flex
1789707277.380618,40,light_flex
1789707277.385885,41,light_flex
1789707277.391159,43,light_flex
1789707277.396319,48,light_flex
1789707277.401872,46,light_flex
1789707277.406694,46,light_flex
1789707277.41203,44,light_flex
1789707277.417185,42,light_flex
1789707277.422556,46,light_flex
1789707277.427824,46,light_flex
1789707277.4331899,50,light_flex
1789707277.438546,48,light_flex
1789707277.4435651,46,light_flex
1789707277.448936,43,light_flex
1789707277.454072,43,light_flex
1789707277.459247,43,light_flex
1789707277.464442,42,light_flex
1789707277.469911,47,light_flex
1789707277.475072,49,light_flex
1789707277.4801369,47,light_flex
1789707277.485395,49,light_flex
1789707277.4909508,48,light_flex
1789707277.495821,47,light_flex
1789707277.501197,44,light_flex
1789707277.50646,42,light_flex
1789707277.5116951,42,light_flex
1789707277.5167701,41,light_flex
1789707277.5221171,41,light_flex
1789707277.5273159,47,light_flex
1789707277.532759,67,light_flex
1789707277.537761,66,light_flex
1789707277.543127,64,light_flex
1789707277.548369,63,light_flex
1789707277.5534668,66,light_flex
1789707277.558805,66,light_flex
1789707277.564001,74,light_flex
1789707277.5694861,70,light_flex
1789707277.5745568,65,light_flex
1789707277.579794,61,light_flex
1789707277.585084,59,light_flex
1789707277.590427,56,light_flex
1789707277.5954409,52,light_flex
1789707277.600804,48,light_flex
1789707277.605976,46,light_flex
1789707277.611142,46,light_flex
1789707277.616389,51,light_flex
1789707277.621679,49,light_flex
1789707277.627011,46,light_flex
1789707277.6321778,47,light_flex
1789707277.637533,48,light_flex
1789707277.6428318,46,light_flex
1789707277.6479092,45,light_flex
1789707277.653107,44,light_flex
1789707277.658481,46,light_flex
1789707277.663702,46,light_flex
1789707277.668907,49,light_flex
1789707277.674078,49,light_flex
1789707277.679293,48,light_flex
1789707277.6846561,45,light_flex
1789707277.689873,42,light_flex
1789707277.695085,45,light_flex
1789707277.700406,46,light_flex
1789707277.705646,53,light_flex
1789707277.7107341,65,light_flex
1789707277.716083,62,light_flex
1789707277.721302,59,light_flex
1789707277.726491,58,light_flex
1789707277.731767,58,light_flex
1789707277.737493,58,light_flex
1789707277.7423182,55,light_flex
1789707277.7474072,52,light_flex
1789707277.752699,58,light_flex
1789707277.7580428,57,light_flex
1789707277.7632158,55,light_flex
1789707277.768553,55,light_flex
1789707277.773726,53,light_flex
1789707277.7789729,54,light_flex
1789707277.784299,66,light_flex
1789707277.7892852,67,light_flex
1789707277.794546,63,light_flex
1789707277.8001332,59,light_flex
1789707277.805047,57,light_flex
1789707277.810412,54,light_flex
1789707277.815588,54,light_flex
1789707277.820946,51,light_flex
1789707277.826081,50,light_flex
1789707277.831743,47,light_flex
1789707277.836662,51,light_flex
1789707277.8420749,53,light_flex
1789707277.847143,60,light_flex
1789707277.852422,61,light_flex
1789707277.85752,59,light_flex
1789707277.862893,62,light_flex
1789707277.8680398,64,light_flex
1789707277.873324,62,light_flex
1789707277.8785589,58,light_flex
1789707277.883594,54,light_flex
1789707277.8889542,50,light_flex
1789707277.894262,51,light_flex
1789707277.8997262,55,light_flex
1789707277.904595,52,light_flex
1789707277.909972,50,light_flex
1789707277.915259,46,light_flex
1789707277.9205198,52,light_flex
1789707277.9255838,59,light_flex
1789707277.9309042,76,light_flex
1789707277.9363241,78,light_flex
1789707277.9415271,74,light_flex
1789707277.946568,71,light_flex
1789707277.951915,66,light_flex
1789707277.957365,64,light_flex
1789707277.9623291,64,light_flex
1789707277.96767,65,light_flex
1789707277.972959,65,light_flex
1789707277.9781818,60,light_flex
1789707277.9833531,55,light_flex
1789707277.988523,53,light_flex
1789707277.9938612,50,light_flex
1789707277.999199,50,light_flex
1789707278.0041862,53,light_flex
1789707278.009592,54,light_flex
1789707278.014879,61,light_flex
1789707278.020086,58,light_flex
1789707278.0252569,56,light_flex
1789707278.030519,58,light_flex
1789707278.035892,56,light_flex
1789707278.041019,55,light_flex
1789707278.0464709,51,light_flex
1789707278.0514739,48,light_flex
1789707278.057128,47,light_flex
1789707278.0617962,50,light_flex
1789707278.0673122,56,light_flex
1789707278.072505,57,light_flex
1789707278.0778701,57,light_flex
1789707278.0828931,54,light_flex
1789707278.088141,51,light_flex
1789707278.0934389,49,light_flex
1789707278.0988429,57,light_flex
1789707278.103992,54,light_flex
1789707278.109214,51,light_flex
1789707278.11435,48,light_flex
1789707278.119626,47,light_flex
1789707278.1248362,44,light_flex
1789707278.1301498,42,light_flex
1789707278.1355488,40,light_flex
1789707278.140882,38,light_flex
1789707278.145825,36,light_flex
1789707278.151202,37,light_flex
1789707278.156487,41,light_flex
1789707278.161498,44,light_flex
1789707278.1668348,46,light_flex
1789707278.172121,49,light_flex
1789707278.177204,46,light_flex
1789707278.1825778,43,light_flex
1789707278.187804,40,light_flex
1789707278.193142,39,light_flex
1789707278.198258,40,light_flex
1789707278.203786,46,light_flex
1789707278.2088408,45,light_flex
1789707278.2140212,44,light_flex
1789707278.219143,49,light_flex
1789707278.2245219,46,light_flex
1789707278.229719,44,light_flex
1789707278.235042,46,light_flex
1789707278.240191,53,light_flex
1789707278.245396,50,light_flex
1789707278.2507079,48,light_flex
1789707278.256075,49,light_flex
1789707278.2611468,46,light_flex
1789707278.266434,44,light_flex
1789707278.271948,46,light_flex
1789707278.276837,52,light_flex
1789707278.2820659,55,light_flex
1789707278.287274,58,light_flex
1789707278.292647,56,light_flex
1789707278.297738,54,light_flex
1789707278.303278,52,light_flex
1789707278.308404,55,light_flex
1789707278.31383,66,light_flex
1789707278.318814,73,light_flex
1789707278.324713,69,light_flex
1789707278.329207,64,light_flex
1789707278.334691,68,light_flex
1789707278.339585,65,light_flex
1789707278.3450382,61,light_flex
1789707278.3502688,63,light_flex
1789707278.355374,70,light_flex
1789707278.36079,65,light_flex
1789707278.366118,61,light_flex
1789707278.371279,59,light_flex
1789707278.376545,56,light_flex
1789707278.3817248,55,light_flex
1789707278.38706,63,light_flex
1789707278.392112,62,light_flex
1789707278.3974621,66,light_flex
1789707278.4027572,64,light_flex
1789707278.4080188,61,light_flex
1789707278.4130392,57,light_flex
1789707278.418338,53,light_flex
1789707278.424267,52,light_flex
1789707278.4289842,61,light_flex
1789707278.434168,69,light_flex
1789707278.4393651,68,light_flex
1789707278.444597,65,light_flex
1789707278.4501069,67,light_flex
1789707278.455041,70,light_flex
1789707278.4601998,69,light_flex
1789707278.465674,66,light_flex
1789707278.4710941,68,light_flex
1789707278.476046,65,light_flex
1789707278.481298,62,light_flex
1789707278.486596,64,light_flex
1789707278.491766,73,light_flex
1789707278.497005,71,light_flex
1789707278.5023942,70,light_flex
1789707278.507435,66,light_flex
1789707278.5126941,64,light_flex
1789707278.5179882,67,light_flex
1789707278.523264,66,light_flex
1789707278.5284832,64,light_flex
1789707278.5337632,61,light_flex
1789707278.53895,59,light_flex
1789707278.544229,62,light_flex
1789707278.549311,78,light_flex
1789707278.554601,80,light_flex
1789707278.5598772,76,light_flex
1789707278.565234,73,light_flex
1789707278.5706382,72,light_flex
1789707278.57566,68,light_flex
1789707278.5808058,65,light_flex
1789707278.5860622,63,light_flex
1789707278.591562,63,light_flex
1789707278.5964632,64,light_flex
1789707278.60202,64,light_flex
1789707278.607039,61,light_flex
1789707278.612305,60,light_flex
1789707278.617599,56,light_flex
1789707278.622921,53,light_flex
1789707278.6279922,53,light_flex
1789707278.633369,52,light_flex
1789707278.638638,53,light_flex
1789707278.6438751,59,light_flex
1789707278.649014,61,light_flex
1789707278.6543481,61,light_flex
1789707278.6595452,57,light_flex
1789707278.664663,53,light_flex
1789707278.670209,51,light_flex
1789707278.675253,60,light_flex
1789707278.680501,69,light_flex
1789707278.685614,70,light_flex
1789707278.69099,68,light_flex
1789707278.696246,67,light_flex
1789707278.7015302,74,light_flex
1789707278.706802,75,light_flex
1789707278.711871,72,light_flex
1789707278.7172449,69,light_flex
1789707278.722639,69,light_flex
1789707278.727743,68,light_flex
1789707278.733069,66,light_flex
1789707278.7381508,66,light_flex
1789707278.7433221,61,light_flex
1789707278.7485921,57,light_flex
1789707278.7539341,53,light_flex
1789707278.759213,50,light_flex
1789707278.764268,49,light_flex
1789707278.769848,49,light_flex
1789707278.77492,48,light_flex
1789707278.780294,48,light_flex
1789707278.785249,46,light_flex
1789707278.7912471,44,light_flex
1789707278.79581,43,light_flex
1789707278.801152,45,light_flex
1789707278.80629,56,light_flex
1789707278.811521,62,light_flex
1789707278.816787,60,light_flex
1789707278.821876,59,light_flex
1789707278.827234,55,light_flex
1789707278.83253,53,light_flex
1789707278.837734,51,light_flex
1789707278.8430011,49,light_flex
1789707278.848093,50,light_flex
1789707278.8534698,60,light_flex
1789707278.8587751,57,light_flex
1789707278.863945,58,light_flex
1789707278.869309,58,light_flex
1789707278.874557,54,light_flex
1789707278.87979,51,light_flex
1789707278.884866,53,light_flex
1789707278.8902972,56,light_flex
1789707278.895423,52,light_flex
1789707278.900617,52,light_flex
1789707278.905764,51,light_flex
1789707278.911221,51,light_flex
1789707278.916342,49,light_flex
1789707278.921485,47,light_flex
1789707278.926796,45,light_flex
1789707278.932137,46,light_flex
1789707278.9374568,44,light_flex
1789707278.9425652,50,light_flex
1789707278.947763,57,light_flex
1789707278.953092,60,light_flex
1789707278.958385,56,light_flex
1789707278.9639082,55,light_flex
1789707278.969358,73,light_flex
1789707278.974249,78,light_flex
1789707278.9791539,82,light_flex
1789707278.98451,78,light_flex
1789707278.989706,77,light_flex
1789707278.994949,74,light_flex
1789707279.0002549,75,light_flex
1789707279.005406,72,light_flex
1789707279.0107572,70,light_flex
1789707279.0160651,66,light_flex
1789707279.021111,68,light_flex
1789707279.0264409,64,light_flex
1789707279.031727,66,light_flex
1789707279.037295,63,light_flex
1789707279.042208,60,light_flex
1789707279.047356,56,light_flex
1789707279.052717,53,light_flex
1789707279.0578802,54,light_flex
1789707279.063048,54,light_flex
1789707279.0686479,53,light_flex
1789707279.073715,51,light_flex
1789707279.078766,49,light_flex
1789707279.0840452,46,light_flex
1789707279.089372,46,light_flex
1789707279.094676,47,light_flex
1789707279.099885,47,light_flex
1789707279.105128,47,light_flex
1789707279.1102982,49,light_flex
1789707279.1154828,48,light_flex
1789707279.1207411,55,light_flex
1789707279.126078,67,light_flex
1789707279.131267,83,light_flex
1789707279.136818,76,light_flex
1789707279.141817,71,light_flex
1789707279.14703,66,light_flex
1789707279.1522748,63,light_flex
1789707279.157509,59,light_flex
1789707279.162709,59,light_flex
1789707279.171307,57,light_flex
1789707279.1746829,53,light_flex
1789707279.178943,53,light_flex
1789707279.183754,52,light_flex
1789707279.188967,48,light_flex
1789707279.1939259,47,light_flex
1789707279.199239,46,light_flex
1789707279.204562,51,light_flex
1789707279.2097468,50,light_flex
1789707286.517826,37,hard_flex
1789707286.517844,36,hard_flex
1789707286.5178518,35,hard_flex
1789707286.5178602,36,hard_flex
1789707286.517867,35,hard_flex
1789707286.517875,33,hard_flex
1789707286.517882,32,hard_flex
1789707286.51789,32,hard_flex
1789707286.517897,30,hard_flex
1789707286.517905,33,hard_flex
1789707286.5179121,32,hard_flex
1789707286.51792,31,hard_flex
1789707286.517927,30,hard_flex
1789707286.517935,29,hard_flex
1789707286.517942,30,hard_flex
1789707286.51795,33,hard_flex
1789707286.5179572,34,hard_flex
1789707286.517965,32,hard_flex
1789707286.517973,32,hard_flex
1789707286.5179799,31,hard_flex
1789707286.517987,32,hard_flex
1789707286.517995,31,hard_flex
1789707286.518002,30,hard_flex
1789707286.5180092,30,hard_flex
1789707286.518017,29,hard_flex
1789707286.518024,30,hard_flex
1789707286.5180311,30,hard_flex
1789707286.518039,29,hard_flex
1789707286.518046,31,hard_flex
1789707286.518053,31,hard_flex
1789707286.5180612,32,hard_flex
1789707286.51807,32,hard_flex
1789707286.5180779,30,hard_flex
1789707286.5180879,31,hard_flex
1789707286.518096,30,hard_flex
1789707286.5181031,31,hard_flex
1789707286.51811,30,hard_flex
1789707286.518118,30,hard_flex
1789707286.518125,31,hard_flex
1789707286.518132,30,hard_flex
1789707286.5181398,29,hard_flex
1789707286.518147,29,hard_flex
1789707286.518155,29,hard_flex
1789707286.518162,29,hard_flex
1789707286.5181692,29,hard_flex
1789707286.518177,29,hard_flex
1789707286.518184,28,hard_flex
1789707286.518191,28,hard_flex
1789707286.518199,27,hard_flex
1789707286.518206,28,hard_flex
1789707286.518213,28,hard_flex
1789707286.5182211,27,hard_flex
1789707286.518228,27,hard_flex
1789707286.518236,26,hard_flex
1789707286.518243,27,hard_flex
1789707286.51825,27,hard_flex
1789707286.5182579,27,hard_flex
1789707286.518265,27,hard_flex
1789707286.518272,27,hard_flex
1789707286.51828,27,hard_flex
1789707286.5182872,28,hard_flex
1789707286.518294,28,hard_flex
1789707286.518302,30,hard_flex
1789707286.518309,29,hard_flex
1789707286.518316,29,hard_flex
1789707286.5183308,29,hard_flex
1789707286.5183392,28,hard_flex
1789707286.518348,27,hard_flex
1789707286.518356,27,hard_flex
1789707286.518363,28,hard_flex
1789707286.5183702,28,hard_flex
1789707286.518378,28,hard_flex
1789707286.518385,27,hard_flex
1789707286.518392,28,hard_flex
1789707286.5184,28,hard_flex
1789707286.5184069,27,hard_flex
1789707286.518414,27,hard_flex
1789707286.518424,27,hard_flex
1789707286.518431,26,hard_flex
1789707286.5184388,27,hard_flex
1789707286.518446,27,hard_flex
1789707286.518453,26,hard_flex
1789707286.518461,27,hard_flex
1789707286.5184681,28,hard_flex
1789707286.518475,30,hard_flex
1789707286.518483,29,hard_flex
1789707286.51849,28,hard_flex
1789707286.518497,28,hard_flex
1789707286.5185049,29,hard_flex
1789707286.518512,32,hard_flex
1789707286.518519,30,hard_flex
1789707286.518527,30,hard_flex
1789707286.518534,31,hard_flex
1789707286.518542,31,hard_flex
1789707286.518549,30,hard_flex
1789707286.5185568,31,hard_flex
1789707286.518564,31,hard_flex
1789707286.518571,30,hard_flex
1789707286.518579,30,hard_flex
1789707286.518592,30,hard_flex
1789707286.5186,30,hard_flex
1789707286.5186088,31,hard_flex
1789707286.5186172,30,hard_flex
1789707286.518624,30,hard_flex
1789707286.518631,31,hard_flex
1789707286.518639,30,hard_flex
1789707286.518646,30,hard_flex
1789707286.5186539,29,hard_flex
1789707286.518661,31,hard_flex
1789707286.5186691,30,hard_flex
1789707286.518676,30,hard_flex
1789707286.518684,32,hard_flex
1789707286.518691,31,hard_flex
1789707286.518698,30,hard_flex
1789707286.5187058,30,hard_flex
1789707286.518713,30,hard_flex
1789707286.51872,29,hard_flex
1789707286.518728,32,hard_flex
1789707286.5187352,31,hard_flex
1789707286.518742,30,hard_flex
1789707286.51875,31,hard_flex
1789707286.518757,30,hard_flex
1789707286.518764,29,hard_flex
1789707286.518772,29,hard_flex
1789707286.5187788,31,hard_flex
1789707286.518786,29,hard_flex
1789707286.518794,29,hard_flex
1789707286.518804,30,hard_flex
1789707286.518811,31,hard_flex
1789707286.518819,30,hard_flex
1789707286.518827,30,hard_flex
1789707286.5188339,29,hard_flex
1789707286.518841,29,hard_flex
1789707286.518851,29,hard_flex
1789707286.518859,28,hard_flex
1789707286.518868,28,hard_flex
1789707286.518875,28,hard_flex
1789707286.518882,27,hard_flex
1789707286.51889,28,hard_flex
1789707286.5188968,29,hard_flex
1789707286.518904,27,hard_flex
1789707286.518912,28,hard_flex
1789707286.518919,28,hard_flex
1789707286.5189261,28,hard_flex
1789707286.518934,28,hard_flex
1789707286.518941,28,hard_flex
1789707286.518948,28,hard_flex
1789707286.518956,28,hard_flex
1789707286.5189629,27,hard_flex
1789707286.518971,29,hard_flex
1789707286.518979,28,hard_flex
1789707286.518986,28,hard_flex
1789707286.518993,29,hard_flex
1789707286.519001,29,hard_flex
1789707286.519008,29,hard_flex
1789707286.5190148,29,hard_flex
1789707286.5190232,28,hard_flex
1789707286.51903,28,hard_flex
1789707286.519039,29,hard_flex
1789707286.5190458,29,hard_flex
1789707286.5190542,30,hard_flex
1789707286.519061,30,hard_flex
1789707286.519069,29,hard_flex
1789707286.519076,29,hard_flex
1789707286.519084,29,hard_flex
1789707286.519091,29,hard_flex
1789707286.519099,30,hard_flex
1789707286.519108,29,hard_flex
1789707286.519117,28,hard_flex
1789707286.519124,28,hard_flex
1789707286.519132,29,hard_flex
1789707286.519139,28,hard_flex
1789707286.519146,28,hard_flex
1789707286.5191538,27,hard_flex
1789707286.5191622,29,hard_flex
1789707286.519169,30,hard_flex
1789707286.519176,29,hard_flex
1789707286.5191839,29,hard_flex
1789707286.519191,28,hard_flex
1789707286.519198,28,hard_flex
1789707286.5192058,28,hard_flex
1789707286.519213,27,hard_flex
1789707286.5192199,27,hard_flex
1789707286.519228,27,hard_flex
1789707286.5192351,28,hard_flex
1789707286.519242,28,hard_flex
1789707286.51925,27,hard_flex
1789707286.519257,28,hard_flex
1789707286.519264,28,hard_flex
1789707286.5192719,28,hard_flex
1789707286.519279,27,hard_flex
1789707286.519286,27,hard_flex
1789707286.519294,28,hard_flex
1789707286.5193012,28,hard_flex
1789707286.519308,28,hard_flex
1789707286.519316,28,hard_flex
1789707286.5193229,28,hard_flex
1789707286.519331,30,hard_flex
1789707286.519338,29,hard_flex
1789707286.5193448,29,hard_flex
1789707286.519352,28,hard_flex
1789707286.519367,28,hard_flex
1789707286.5193741,27,hard_flex
1789707286.519383,27,hard_flex
1789707286.5193899,28,hard_flex
1789707286.519398,27,hard_flex
1789707286.5194051,28,hard_flex
1789707286.519412,28,hard_flex
1789707286.51942,28,hard_flex
1789707286.519427,28,hard_flex
1789707286.519434,28,hard_flex
1789707286.5194418,28,hard_flex
1789707286.519449,28,hard_flex
1789707286.519456,27,hard_flex
1789707286.5194628,27,hard_flex
1789707286.5194712,27,hard_flex
1789707286.519478,27,hard_flex
1789707286.519485,28,hard_flex
1789707286.519493,28,hard_flex
1789707286.5195,29,hard_flex
1789707286.519507,28,hard_flex
1789707286.5195148,27,hard_flex
1789707286.519522,29,hard_flex
1789707286.51953,29,hard_flex
1789707286.519537,28,hard_flex
1789707286.5195441,28,hard_flex
1789707286.519552,28,hard_flex
1789707286.519559,27,hard_flex
1789707286.519566,28,hard_flex
1789707286.519574,29,hard_flex
1789707286.5195808,28,hard_flex
1789707286.519588,28,hard_flex
1789707286.519595,28,hard_flex
1789707286.519603,29,hard_flex
1789707286.519611,28,hard_flex
1789707286.519624,28,hard_flex
1789707286.5196319,30,hard_flex
1789707286.5196412,30,hard_flex
1789707286.519648,30,hard_flex
1789707286.519655,31,hard_flex
1789707286.5196621,30,hard_flex
1789707286.51967,31,hard_flex
1789707286.519677,30,hard_flex
1789707286.519684,29,hard_flex
1789707286.519692,30,hard_flex
1789707286.5196989,30,hard_flex
1789707286.519706,30,hard_flex
1789707286.519714,29,hard_flex
1789707286.519721,29,hard_flex
1789707286.5197282,29,hard_flex
1789707286.519736,28,hard_flex
1789707286.519743,28,hard_flex
1789707286.5197499,28,hard_flex
1789707286.519758,28,hard_flex
1789707286.519765,27,hard_flex
1789707286.519808,28,hard_flex
1789707286.519816,28,hard_flex
1789707286.519823,29,hard_flex
1789707286.519831,29,hard_flex
1789707286.5198379,29,hard_flex
1789707286.519845,29,hard_flex
1789707286.519853,29,hard_flex
1789707286.51986,29,hard_flex
1789707286.519867,29,hard_flex
1789707286.519875,28,hard_flex
1789707286.519882,30,hard_flex
1789707286.5198889,29,hard_flex
1789707286.5198982,29,hard_flex
1789707286.519905,28,hard_flex
1789707286.519915,28,hard_flex
1789707286.519924,30,hard_flex
1789707286.5199318,29,hard_flex
1789707286.5199401,28,hard_flex
1789707286.519947,28,hard_flex
1789707286.519954,29,hard_flex
1789707286.519962,29,hard_flex
1789707286.519969,28,hard_flex
1789707286.519976,28,hard_flex
1789707286.519983,28,hard_flex
1789707286.519991,28,hard_flex
1789707286.5199978,27,hard_flex
1789707286.5200052,28,hard_flex
1789707286.520013,29,hard_flex
1789707286.52002,29,hard_flex
1789707286.520027,28,hard_flex
1789707286.520035,28,hard_flex
1789707286.520042,30,hard_flex
1789707286.5200498,31,hard_flex
1789707286.5200572,30,hard_flex
1789707286.520064,29,hard_flex
1789707286.520072,30,hard_flex
1789707286.5200791,30,hard_flex
1789707286.520086,29,hard_flex
1789707286.520093,29,hard_flex
1789707286.520101,29,hard_flex
1789707286.520108,29,hard_flex
1789707286.520115,28,hard_flex
1789707286.5201228,27,hard_flex
1789707286.5201302,28,hard_flex
1789707286.520137,27,hard_flex
1789707286.520145,27,hard_flex
1789707286.520152,28,hard_flex
1789707286.520159,29,hard_flex
1789707286.520173,28,hard_flex
1789707286.520181,28,hard_flex
1789707286.520189,29,hard_flex
1789707286.5201972,29,hard_flex
1789707286.520204,28,hard_flex
1789707286.520211,29,hard_flex
1789707286.5202188,29,hard_flex
1789707286.520226,28,hard_flex
1789707286.520233,28,hard_flex
1789707286.5202408,28,hard_flex
1789707286.5202482,29,hard_flex
1789707286.520255,29,hard_flex
1789707286.520263,30,hard_flex
1789707286.52027,29,hard_flex
1789707286.520277,30,hard_flex
1789707286.520285,31,hard_flex
1789707286.520292,30,hard_flex
1789707286.520299,29,hard_flex
1789707286.5203068,28,hard_flex
1789707286.5203142,30,hard_flex
1789707286.5203211,30,hard_flex
1789707286.520329,30,hard_flex
1789707286.520336,31,hard_flex
1789707286.520343,30,hard_flex
1789707286.520351,30,hard_flex
1789707286.5203578,30,hard_flex
1789707286.520365,30,hard_flex
1789707286.520373,30,hard_flex
1789707286.52038,29,hard_flex
1789707286.5203872,28,hard_flex
1789707286.520395,29,hard_flex
1789707286.520402,28,hard_flex
1789707286.520409,28,hard_flex
1789707286.520417,28,hard_flex
1789707286.52043,27,hard_flex
1789707286.520438,28,hard_flex
1789707286.520446,27,hard_flex
1789707286.520454,28,hard_flex
1789707286.520461,29,hard_flex
1789707286.520468,28,hard_flex
1789707286.5204759,28,hard_flex
1789707286.520483,27,hard_flex
1789707286.52049,26,hard_flex
1789707286.520498,28,hard_flex
1789707286.5205052,29,hard_flex
1789707286.520513,29,hard_flex
1789707286.52052,28,hard_flex
1789707286.5205271,27,hard_flex
1789707286.520535,27,hard_flex
1789707286.520542,28,hard_flex
1789707286.520549,27,hard_flex
1789707286.5205572,27,hard_flex
1789707286.520564,28,hard_flex
1789707286.520571,28,hard_flex
1789707286.520579,28,hard_flex
1789707286.520586,27,hard_flex
1789707286.520594,28,hard_flex
1789707286.520601,27,hard_flex
1789707286.520608,27,hard_flex
1789707286.520616,27,hard_flex
1789707286.5206232,28,hard_flex
1789707286.520631,28,hard_flex
1789707286.520638,28,hard_flex
1789707286.5206451,28,hard_flex
1789707286.520653,37,hard_flex
1789707286.5206609,80,hard_flex
1789707286.520669,65,hard_flex
1789707286.5206761,79,hard_flex
1789707286.52069,64,hard_flex
1789707286.520697,30,hard_flex
1789707286.520706,31,hard_flex
1789707286.5207129,30,hard_flex
1789707286.520721,30,hard_flex
1789707286.520728,31,hard_flex
1789707286.520735,30,hard_flex
1789707286.520743,31,hard_flex
1789707286.52075,31,hard_flex
1789707286.520757,30,hard_flex
1789707286.5207648,29,hard_flex
1789707286.520772,30,hard_flex
1789707286.52078,30,hard_flex
1789707286.520787,31,hard_flex
1789707286.5207942,30,hard_flex
1789707286.520802,30,hard_flex
1789707286.520809,32,hard_flex
1789707286.5208168,32,hard_flex
1789707286.520824,31,hard_flex
1789707286.5208309,30,hard_flex
1789707286.520839,29,hard_flex
1789707286.5208461,30,hard_flex
1789707286.520853,29,hard_flex
1789707286.520861,30,hard_flex
1789707286.520868,36,hard_flex
1789707286.520875,41,hard_flex
1789707286.520882,40,hard_flex
1789707286.52089,62,hard_flex
1789707286.520897,31,hard_flex
1789707286.5209038,31,hard_flex
1789707286.520912,31,hard_flex
1789707286.520919,31,hard_flex
1789707286.520926,31,hard_flex
1789707286.5209339,30,hard_flex
1789707286.520948,29,hard_flex
1789707286.5209548,30,hard_flex
1789707286.5209641,29,hard_flex
1789707286.520971,30,hard_flex
1789707286.520978,30,hard_flex
1789707286.5209851,29,hard_flex
1789707286.520993,29,hard_flex
1789707286.521,29,hard_flex
1789707286.521007,46,hard_flex
1789707286.521015,33,hard_flex
1789707286.5210218,30,hard_flex
1789707286.5210292,31,hard_flex
1789707286.521037,29,hard_flex
1789707286.521044,29,hard_flex
1789707286.521051,31,hard_flex
1789707286.521058,31,hard_flex
1789707286.521066,31,hard_flex
1789707286.5210729,31,hard_flex
1789707286.52108,30,hard_flex
1789707286.521088,31,hard_flex
1789707286.5210948,31,hard_flex
1789707286.5211022,30,hard_flex
1789707286.52111,30,hard_flex
1789707286.521117,30,hard_flex
1789707286.5211241,30,hard_flex
1789707286.521132,30,hard_flex
1789707286.521139,30,hard_flex
1789707286.521146,37,hard_flex
1789707286.5211542,30,hard_flex
1789707286.5211608,37,hard_flex
1789707286.5211678,31,hard_flex
1789707286.521176,29,hard_flex
1789707286.521183,30,hard_flex
1789707286.52119,29,hard_flex
1789707286.521204,31,hard_flex
1789707286.5212119,87,hard_flex
1789707286.5212202,50,hard_flex
1789707286.521228,35,hard_flex
1789707286.521235,34,hard_flex
1789707286.5212421,31,hard_flex
1789707286.52125,34,hard_flex
1789707286.521257,32,hard_flex
1789707286.521264,32,hard_flex
1789707286.5212722,29,hard_flex
1789707286.5212789,28,hard_flex
1789707286.5212858,28,hard_flex
1789707286.521294,30,hard_flex
1789707286.521301,29,hard_flex
1789707286.521308,28,hard_flex
1789707286.521316,28,hard_flex
1789707286.521323,28,hard_flex
1789707286.5213299,29,hard_flex
1789707286.5213382,30,hard_flex
1789707286.5213451,30,hard_flex
1789707286.521352,29,hard_flex
1789707286.52136,29,hard_flex
1789707286.521367,29,hard_flex
1789707286.521374,29,hard_flex
1789707286.5213819,30,hard_flex
1789707286.521389,32,hard_flex
1789707286.521396,32,hard_flex
1789707286.5214038,32,hard_flex
1789707286.5214112,32,hard_flex
1789707286.521418,31,hard_flex
1789707286.521425,31,hard_flex
1789707286.521433,29,hard_flex
1789707286.52144,29,hard_flex
1789707286.521447,29,hard_flex
1789707286.521461,29,hard_flex
1789707286.5214689,28,hard_flex
1789707286.5214772,29,hard_flex
1789707286.5214841,29,hard_flex
1789707286.521492,28,hard_flex
1789707286.521499,29,hard_flex
1789707286.521507,30,hard_flex
1789707286.521514,30,hard_flex
1789707286.5215209,29,hard_flex
1789707286.5215292,29,hard_flex
1789707286.521536,28,hard_flex
1789707286.521543,29,hard_flex
1789707286.5215511,28,hard_flex
1789707286.521558,30,hard_flex
1789707286.521565,30,hard_flex
1789707286.521573,29,hard_flex
1789707286.52158,29,hard_flex
1789707286.521587,29,hard_flex
1789707286.5215948,28,hard_flex
1789707286.5216022,29,hard_flex
1789707286.521609,29,hard_flex
1789707286.521617,29,hard_flex
1789707286.521624,30,hard_flex
1789707286.521631,30,hard_flex
1789707286.5216389,29,hard_flex
1789707286.521646,30,hard_flex
1789707286.521653,30,hard_flex
1789707286.521661,29,hard_flex
1789707286.5216682,28,hard_flex
1789707286.521675,29,hard_flex
1789707286.521683,28,hard_flex
1789707286.5216901,28,hard_flex
1789707286.521697,28,hard_flex
1789707286.521704,28,hard_flex
1789707286.521718,28,hard_flex
1789707286.521726,28,hard_flex
1789707286.5217438,28,hard_flex
1789707286.521752,27,hard_flex
1789707286.521759,29,hard_flex
1789707286.521766,29,hard_flex
1789707286.521774,29,hard_flex
1789707286.521781,29,hard_flex
1789707286.521788,30,hard_flex
1789707286.521796,29,hard_flex
1789707286.521803,30,hard_flex
1789707286.5218098,31,hard_flex
1789707286.5218182,30,hard_flex
1789707286.521825,29,hard_flex
1789707286.521832,30,hard_flex
1789707286.52184,31,hard_flex
1789707286.521847,30,hard_flex
1789707286.5218549,30,hard_flex
1789707286.5218618,29,hard_flex
1789707286.521869,28,hard_flex
1789707286.521877,28,hard_flex
1789707286.521884,28,hard_flex
1789707286.521891,28,hard_flex
1789707286.521899,29,hard_flex
1789707286.521906,28,hard_flex
1789707286.521913,28,hard_flex
1789707286.521921,29,hard_flex
1789707286.5219278,30,hard_flex
1789707286.521935,30,hard_flex
1789707286.521943,29,hard_flex
1789707286.52195,29,hard_flex
1789707286.5219579,29,hard_flex
1789707286.521965,28,hard_flex
1789707286.521972,30,hard_flex
1789707286.521983,29,hard_flex
1789707286.5219939,29,hard_flex
1789707286.522002,30,hard_flex
1789707286.5220091,31,hard_flex
1789707286.522016,29,hard_flex
1789707286.522024,30,hard_flex
1789707286.522031,30,hard_flex
1789707286.522039,30,hard_flex
1789707286.5220459,33,hard_flex
1789707286.522053,31,hard_flex
1789707286.522061,30,hard_flex
1789707286.522068,30,hard_flex
1789707286.522075,32,hard_flex
1789707286.522083,36,hard_flex
1789707286.52209,32,hard_flex
1789707286.5220969,34,hard_flex
1789707286.522105,33,hard_flex
1789707286.522112,32,hard_flex
1789707286.5221188,33,hard_flex
1789707286.5221272,32,hard_flex
1789707286.522134,32,hard_flex
1789707286.522141,33,hard_flex
1789707286.522149,32,hard_flex
1789707286.522156,30,hard_flex
1789707286.522163,31,hard_flex
1789707286.5221708,31,hard_flex
1789707286.522178,30,hard_flex
1789707286.5221848,31,hard_flex
1789707286.522193,31,hard_flex
1789707286.5222,30,hard_flex
1789707286.522207,30,hard_flex
1789707286.522214,29,hard_flex
1789707286.522222,30,hard_flex
1789707286.522232,29,hard_flex
1789707286.522239,29,hard_flex
1789707286.52225,28,hard_flex
1789707286.5222569,28,hard_flex
1789707286.5222652,29,hard_flex
1789707286.522272,28,hard_flex
1789707286.522279,28,hard_flex
1789707286.5222871,29,hard_flex
1789707286.522294,28,hard_flex
1789707286.522301,28,hard_flex
1789707286.522309,29,hard_flex
1789707286.522316,28,hard_flex
1789707286.522323,28,hard_flex
1789707286.5223308,28,hard_flex
1789707286.5223382,28,hard_flex
1789707286.522345,30,hard_flex
1789707286.522353,30,hard_flex
1789707286.52236,30,hard_flex
1789707286.522367,30,hard_flex
1789707286.5223749,28,hard_flex
1789707286.522382,28,hard_flex
1789707286.522389,29,hard_flex
1789707286.5223958,28,hard_flex
1789707286.5224042,29,hard_flex
1789707286.522411,29,hard_flex
1789707286.522418,28,hard_flex
1789707286.5224261,29,hard_flex
1789707286.522433,29,hard_flex
1789707286.52244,29,hard_flex
1789707286.5224478,29,hard_flex
1789707286.522455,30,hard_flex
1789707286.522462,29,hard_flex
1789707286.522481,29,hard_flex
1789707286.522488,30,hard_flex
1789707286.5224981,30,hard_flex
1789707286.522506,29,hard_flex
1789707286.522516,30,hard_flex
1789707286.522523,30,hard_flex
1789707286.522531,29,hard_flex
1789707286.522538,29,hard_flex
1789707286.5225458,29,hard_flex
1789707286.5225549,28,hard_flex
1789707286.522562,30,hard_flex
1789707286.52257,29,hard_flex
1789707286.5225768,29,hard_flex
1789707286.5225852,30,hard_flex
1789707286.522592,29,hard_flex
1789707286.522599,29,hard_flex
1789707286.522607,31,hard_flex
1789707286.522614,31,hard_flex
1789707286.522621,30,hard_flex
1789707286.522629,30,hard_flex
1789707286.522636,31,hard_flex
1789707286.522644,30,hard_flex
1789707286.522651,29,hard_flex
1789707286.522658,33,hard_flex
1789707286.522665,33,hard_flex
1789707286.522673,32,hard_flex
1789707286.52268,33,hard_flex
1789707286.522687,33,hard_flex
1789707286.5226948,32,hard_flex
1789707286.522702,31,hard_flex
1789707286.522709,31,hard_flex
1789707286.522717,30,hard_flex
1789707286.5227242,31,hard_flex
1789707286.522732,31,hard_flex
1789707286.522739,30,hard_flex
1789707286.522746,31,hard_flex
1789707286.522754,34,hard_flex
1789707286.5227609,33,hard_flex
1789707286.5227678,33,hard_flex
1789707286.5227761,35,hard_flex
1789707286.522783,34,hard_flex
1789707286.5227919,33,hard_flex
1789707286.5228002,34,hard_flex
1789707286.5228102,35,hard_flex
1789707286.5228171,34,hard_flex
1789707286.522824,33,hard_flex
1789707286.522832,32,hard_flex
1789707286.522839,33,hard_flex
1789707286.522847,32,hard_flex
1789707286.5228539,31,hard_flex
1789707286.522861,31,hard_flex
1789707286.522869,32,hard_flex
1789707286.5228758,32,hard_flex
1789707286.5228832,32,hard_flex
1789707286.522891,32,hard_flex
1789707286.522898,32,hard_flex
1789707286.522905,31,hard_flex
1789707286.522912,30,hard_flex
1789707286.52292,29,hard_flex
1789707286.522927,30,hard_flex
1789707286.5229352,30,hard_flex
1789707286.522942,29,hard_flex
1789707286.5229492,30,hard_flex
1789707286.522957,30,hard_flex
1789707286.522964,29,hard_flex
1789707286.522971,30,hard_flex
1789707286.522978,32,hard_flex
1789707286.522986,32,hard_flex
1789707286.5229928,31,hard_flex
1789707286.523,30,hard_flex
1789707286.523008,31,hard_flex
1789707286.523015,30,hard_flex
1789707286.5230222,32,hard_flex
1789707286.52303,32,hard_flex
1789707286.523037,31,hard_flex
1789707286.523051,33,hard_flex
1789707286.523058,33,hard_flex
1789707286.523068,31,hard_flex
1789707286.523075,34,hard_flex
1789707286.523082,35,hard_flex
1789707286.52309,34,hard_flex
1789707286.523097,34,hard_flex
1789707286.523105,33,hard_flex
1789707286.5231118,32,hard_flex
1789707286.5231192,31,hard_flex
1789707286.523127,31,hard_flex
1789707286.523134,32,hard_flex
1789707286.5231411,33,hard_flex
1789707286.523148,31,hard_flex
1789707286.523156,32,hard_flex
1789707286.5231628,33,hard_flex
1789707286.52317,33,hard_flex
1789707286.523178,32,hard_flex
1789707286.523185,31,hard_flex
1789707286.5231922,31,hard_flex
1789707286.5232,30,hard_flex
1789707286.523207,32,hard_flex
1789707286.523214,33,hard_flex
1789707286.523222,34,hard_flex
1789707286.523229,35,hard_flex
1789707286.523236,34,hard_flex
1789707286.523243,33,hard_flex
1789707286.523251,37,hard_flex
1789707286.5232582,38,hard_flex
1789707286.523266,35,hard_flex
1789707286.523273,36,hard_flex
1789707286.52328,35,hard_flex
1789707286.523287,34,hard_flex
1789707286.523295,34,hard_flex
1789707286.523308,35,hard_flex
1789707286.523316,33,hard_flex
1789707286.523326,32,hard_flex
1789707286.523333,32,hard_flex
1789707286.523341,47,hard_flex
1789707286.5233479,37,hard_flex
1789707286.5233548,34,hard_flex
1789707286.523363,37,hard_flex
1789707286.52337,35,hard_flex
1789707286.523377,32,hard_flex
1789707286.523385,32,hard_flex
1789707286.523392,33,hard_flex
1789707286.5233989,32,hard_flex
1789707286.5234072,31,hard_flex
1789707286.5234141,33,hard_flex
1789707286.5234208,33,hard_flex
1789707286.5234282,32,hard_flex
1789707286.523436,34,hard_flex
1789707286.523443,34,hard_flex
1789707286.5234501,32,hard_flex
1789707286.523458,32,hard_flex
1789707286.523465,30,hard_flex
1789707286.5234718,29,hard_flex
1789707286.5234802,33,hard_flex
1789707286.523487,33,hard_flex
1789707286.523494,32,hard_flex
1789707286.523502,34,hard_flex
1789707286.523509,37,hard_flex
1789707286.523516,35,hard_flex
1789707286.523524,35,hard_flex
1789707286.523531,37,hard_flex
1789707286.5235379,37,hard_flex
1789707286.5235462,36,hard_flex
1789707286.5235531,39,hard_flex
1789707286.5235672,37,hard_flex
1789707286.523574,36,hard_flex
1789707286.523584,36,hard_flex
1789707286.5235908,35,hard_flex
1789707286.5235982,33,hard_flex
1789707286.523606,35,hard_flex
1789707286.523613,34,hard_flex
1789707286.5236201,33,hard_flex
1789707286.523628,32,hard_flex
1789707286.523635,32,hard_flex
1789707286.523642,32,hard_flex
1789707286.52365,31,hard_flex
1789707286.5236568,31,hard_flex
1789707286.5236638,31,hard_flex
1789707286.523686,30,hard_flex
1789707286.523694,30,hard_flex
1789707286.523701,30,hard_flex
1789707286.5237088,29,hard_flex
1789707286.5237172,31,hard_flex
1789707286.523725,30,hard_flex
1789707286.523732,29,hard_flex
1789707286.5237398,28,hard_flex
1789707286.523747,27,hard_flex
1789707286.523755,28,hard_flex
1789707286.523762,28,hard_flex
1789707286.5237691,29,hard_flex
1789707286.523777,28,hard_flex
1789707286.523784,30,hard_flex
1789707286.523791,33,hard_flex
1789707286.523799,32,hard_flex
1789707286.5238059,31,hard_flex
1789707286.523813,30,hard_flex
1789707286.523821,31,hard_flex
1789707286.523828,31,hard_flex
1789707286.5238369,31,hard_flex
1789707286.5238452,30,hard_flex
1789707286.5238552,29,hard_flex
1789707286.5238621,29,hard_flex
1789707286.523869,29,hard_flex
1789707286.5238771,30,hard_flex
1789707286.523884,31,hard_flex
1789707286.523891,30,hard_flex
1789707286.5238981,31,hard_flex
1789707286.523906,29,hard_flex
1789707286.523913,28,hard_flex
1789707286.523921,30,hard_flex
1789707286.523929,30,hard_flex
1789707286.523937,30,hard_flex
1789707286.523944,29,hard_flex
1789707286.5239522,28,hard_flex
1789707286.523959,28,hard_flex
1789707286.523967,29,hard_flex
1789707286.523975,28,hard_flex
1789707286.523984,29,hard_flex
1789707286.5239942,28,hard_flex
1789707286.524003,28,hard_flex
1789707286.524013,29,hard_flex
1789707286.524022,28,hard_flex
1789707286.524032,28,hard_flex
1789707286.524039,28,hard_flex
1789707286.5240471,27,hard_flex
1789707286.524055,27,hard_flex
1789707286.524064,27,hard_flex
1789707286.524073,27,hard_flex
1789707286.524168,27,hard_flex
1789707286.52418,27,hard_flex
1789707286.52419,26,hard_flex
1789707286.524199,28,hard_flex
1789707286.52421,28,hard_flex
1789707286.5242188,28,hard_flex
1789707286.524231,29,hard_flex
1789707286.524239,30,hard_flex
1789707286.5242481,30,hard_flex
1789707286.524256,30,hard_flex
1789707286.524265,30,hard_flex
1789707286.524273,30,hard_flex
1789707286.5242822,29,hard_flex
1789707286.52429,29,hard_flex
1789707286.524299,29,hard_flex
1789707286.524307,28,hard_flex
1789707286.5243149,29,hard_flex
1789707286.524323,29,hard_flex
1789707286.52433,28,hard_flex
1789707286.524338,29,hard_flex
1789707286.524346,29,hard_flex
1789707286.5243561,28,hard_flex
1789707286.524365,30,hard_flex
1789707286.524375,31,hard_flex
1789707286.524419,29,hard_flex
1789707286.5244281,29,hard_flex
1789707286.524437,28,hard_flex
1789707286.5244448,28,hard_flex
1789707286.5244532,28,hard_flex
1789707286.52446,27,hard_flex
1789707286.524468,30,hard_flex
1789707286.5244758,29,hard_flex
1789707286.524483,30,hard_flex
1789707286.524491,29,hard_flex
1789707286.524499,28,hard_flex
1789707286.524506,29,hard_flex
1789707286.524514,29,hard_flex
1789707286.524522,29,hard_flex
1789707286.5245361,30,hard_flex
1789707286.524545,29,hard_flex
1789707286.524553,29,hard_flex
1789707286.524561,28,hard_flex
1789707286.524569,28,hard_flex
1789707286.5245771,27,hard_flex
1789707286.524584,27,hard_flex
1789707286.5245922,29,hard_flex
1789707286.524599,28,hard_flex
1789707286.524607,28,hard_flex
1789707286.5246148,29,hard_flex
1789707286.524622,29,hard_flex
1789707286.52463,29,hard_flex
1789707286.524638,28,hard_flex
1789707286.524645,28,hard_flex
1789707286.524653,28,hard_flex
1789707286.5246599,28,hard_flex
1789707286.524668,28,hard_flex
1789707286.524676,27,hard_flex
1789707286.524683,28,hard_flex
1789707286.5246909,28,hard_flex
1789707286.524699,29,hard_flex
1789707286.524707,29,hard_flex
1789707286.524714,30,hard_flex
1789707286.5247219,30,hard_flex
1789707286.5247302,29,hard_flex
1789707286.5247371,28,hard_flex
1789707286.524745,30,hard_flex
1789707286.5247529,29,hard_flex
1789707286.52476,30,hard_flex
1789707286.524768,30,hard_flex
1789707286.524776,29,hard_flex
1789707286.5247831,28,hard_flex
1789707286.524791,27,hard_flex
1789707286.5248,27,hard_flex
1789707286.524812,28,hard_flex
1789707286.524821,28,hard_flex
1789707286.524831,27,hard_flex
1789707286.5248399,28,hard_flex
1789707286.52485,30,hard_flex
1789707286.52486,30,hard_flex
1789707286.5248692,29,hard_flex
1789707286.524876,31,hard_flex
1789707286.524884,31,hard_flex
1789707286.524891,30,hard_flex
1789707286.524899,31,hard_flex
1789707286.524906,31,hard_flex
1789707286.524914,31,hard_flex
1789707286.5249221,30,hard_flex
1789707286.524931,31,hard_flex
1789707286.52494,30,hard_flex
1789707286.52495,30,hard_flex
1789707286.524958,30,hard_flex
1789707286.524967,30,hard_flex
1789707286.524975,30,hard_flex
1789707286.524983,30,hard_flex
1789707286.5250041,29,hard_flex
1789707286.525026,29,hard_flex
1789707286.5250409,30,hard_flex
1789707286.5250509,30,hard_flex
1789707286.5250611,30,hard_flex
1789707286.525069,29,hard_flex
1789707286.525078,29,hard_flex
1789707286.5250869,28,hard_flex
1789707286.525104,30,hard_flex
1789707286.525148,29,hard_flex
1789707286.525158,28,hard_flex
1789707286.5251698,29,hard_flex
1789707286.5251899,29,hard_flex
1789707286.5251992,29,hard_flex
1789707286.525207,29,hard_flex
1789707286.525216,29,hard_flex
1789707286.525224,28,hard_flex
1789707286.525232,28,hard_flex
1789707286.5252411,28,hard_flex
1789707286.525249,28,hard_flex
1789707286.525258,28,hard_flex
1789707286.525266,28,hard_flex
1789707286.5252821,30,hard_flex
1789707286.525291,29,hard_flex
1789707286.5252988,30,hard_flex
1789707286.525307,29,hard_flex
1789707286.525316,28,hard_flex
1789707286.525325,30,hard_flex
1789707286.525335,30,hard_flex
1789707286.525344,29,hard_flex
1789707286.525353,30,hard_flex
1789707286.525362,30,hard_flex
1789707286.5253701,29,hard_flex
1789707286.525378,29,hard_flex
1789707286.525386,29,hard_flex
1789707286.525394,30,hard_flex
1789707286.525402,29,hard_flex
1789707286.525409,28,hard_flex
1789707286.5254169,28,hard_flex
1789707286.5254269,29,hard_flex
1789707286.525436,30,hard_flex
1789707286.5254452,30,hard_flex
1789707286.525454,30,hard_flex
1789707286.525462,30,hard_flex
1789707286.52547,29,hard_flex
1789707286.525478,29,hard_flex
1789707286.525486,31,hard_flex
1789707286.525494,30,hard_flex
1789707286.525503,32,hard_flex
1789707286.525511,30,hard_flex
1789707286.5255191,30,hard_flex
1789707286.525527,30,hard_flex
1789707286.525536,30,hard_flex
1789707286.525544,29,hard_flex
1789707286.525552,30,hard_flex
1789707286.525559,29,hard_flex
1789707286.525568,31,hard_flex
1789707286.525575,29,hard_flex
1789707286.525582,29,hard_flex
1789707286.52559,33,hard_flex
1789707286.5255969,34,hard_flex
1789707286.5256052,33,hard_flex
1789707286.525612,33,hard_flex
1789707286.52562,32,hard_flex
1789707286.525627,31,hard_flex
1789707286.525635,31,hard_flex
1789707286.525642,30,hard_flex
1789707286.52565,28,hard_flex
1789707286.5256572,31,hard_flex
1789707286.525665,30,hard_flex
1789707286.525672,30,hard_flex
1789707286.52568,30,hard_flex
1789707286.525687,30,hard_flex
1789707286.525695,29,hard_flex
1789707286.525702,29,hard_flex
1789707286.52571,31,hard_flex
1789707286.525717,31,hard_flex
1789707286.525724,30,hard_flex
1789707286.525732,31,hard_flex
1789707286.525739,32,hard_flex
1789707286.525747,31,hard_flex
1789707286.5257542,30,hard_flex
1789707286.5257611,30,hard_flex
1789707286.525769,31,hard_flex
1789707286.525776,29,hard_flex
1789707286.525784,28,hard_flex
1789707286.525791,28,hard_flex
1789707286.5257988,31,hard_flex
1789707286.5258071,32,hard_flex
1789707286.525814,33,hard_flex
1789707286.525821,32,hard_flex
1789707286.525829,31,hard_flex
1789707286.525836,33,hard_flex
1789707286.5258439,32,hard_flex
1789707286.5258508,32,hard_flex
1789707286.525859,33,hard_flex
1789707286.525866,32,hard_flex
1789707286.525874,32,hard_flex
1789707286.525881,31,hard_flex
1789707286.525889,31,hard_flex
1789707286.5258958,32,hard_flex
1789707286.525904,32,hard_flex
1789707286.525911,32,hard_flex
1789707286.525919,32,hard_flex
1789707286.5259259,31,hard_flex
1789707286.525934,31,hard_flex
1789707286.525941,31,hard_flex
1789707286.525949,31,hard_flex
1789707286.5259562,31,hard_flex
1789707286.525964,29,hard_flex
1789707286.525986,30,hard_flex
1789707286.525994,31,hard_flex
1789707286.526001,30,hard_flex
1789707286.526009,30,hard_flex
1789707286.526016,29,hard_flex
1789707286.5260239,28,hard_flex
1789707286.526031,30,hard_flex
1789707286.5260391,30,hard_flex
1789707286.526046,30,hard_flex
1789707286.526054,31,hard_flex
1789707286.526062,31,hard_flex
1789707286.526069,32,hard_flex
1789707286.526077,33,hard_flex
1789707286.5260842,32,hard_flex
1789707286.526092,32,hard_flex
1789707286.526099,32,hard_flex
1789707286.5261068,32,hard_flex
1789707286.526114,31,hard_flex
1789707286.526122,30,hard_flex
1789707286.526129,30,hard_flex
1789707286.526137,30,hard_flex
1789707286.526144,30,hard_flex
1789707286.526152,30,hard_flex
1789707286.526159,31,hard_flex
1789707286.5261672,31,hard_flex
1789707286.526174,32,hard_flex
1789707286.526182,32,hard_flex
1789707286.526189,30,hard_flex
1789707286.526196,30,hard_flex
1789707286.5262039,29,hard_flex
1789707286.526211,29,hard_flex
1789707286.526219,29,hard_flex
1789707286.5262258,29,hard_flex
1789707286.5262341,30,hard_flex
1789707286.526241,28,hard_flex
1789707286.526249,28,hard_flex
1789707286.526256,29,hard_flex
1789707286.526263,29,hard_flex
1789707286.5262709,31,hard_flex
1789707286.5262778,36,hard_flex
1789707286.5262861,32,hard_flex
1789707286.526293,33,hard_flex
1789707286.526301,35,hard_flex
1789707286.526308,41,hard_flex
1789707286.526316,35,hard_flex
1789707286.5263228,37,hard_flex
1789707286.526331,40,hard_flex
1789707286.526339,64,hard_flex
1789707286.526348,235,hard_flex
1789707286.5263581,369,hard_flex
1789707286.526365,53,hard_flex
1789707286.5263731,49,hard_flex
1789707286.52638,46,hard_flex
1789707286.52639,179,hard_flex
1789707286.526399,344,hard_flex
1789707286.526408,463,hard_flex
1789707286.526418,540,hard_flex
1789707286.5264251,79,hard_flex
1789707286.526433,74,hard_flex
1789707286.52644,72,hard_flex
1789707286.526448,73,hard_flex
1789707286.526455,68,hard_flex
1789707286.5264618,63,hard_flex
1789707286.52647,61,hard_flex
1789707286.526477,60,hard_flex
1789707286.526485,55,hard_flex
1789707286.5264919,51,hard_flex
1789707286.5265,48,hard_flex
1789707286.526507,46,hard_flex
1789707286.526515,45,hard_flex
1789707286.5265222,43,hard_flex
1789707286.526529,42,hard_flex
1789707286.526537,40,hard_flex
1789707286.5265439,37,hard_flex
1789707286.526552,40,hard_flex
1789707286.5265589,38,hard_flex
1789707286.526567,37,hard_flex
1789707286.5265741,37,hard_flex
1789707286.526582,36,hard_flex
1789707286.526589,37,hard_flex
1789707286.526597,36,hard_flex
1789707286.526604,35,hard_flex
1789707286.526612,37,hard_flex
1789707286.526619,38,hard_flex
1789707286.526626,37,hard_flex
1789707286.526634,35,hard_flex
1789707286.526641,34,hard_flex
1789707286.526649,36,hard_flex
1789707286.526656,35,hard_flex
1789707286.526664,34,hard_flex
1789707286.5266712,33,hard_flex
1789707286.526679,32,hard_flex
1789707286.526687,31,hard_flex
1789707286.5266938,31,hard_flex
1789707286.526701,31,hard_flex
1789707286.526709,32,hard_flex
1789707286.526716,31,hard_flex
1789707286.526724,30,hard_flex
1789707286.526731,31,hard_flex
1789707286.526739,31,hard_flex
1789707286.526746,31,hard_flex
1789707286.5267541,30,hard_flex
1789707286.526761,29,hard_flex
1789707286.5267682,29,hard_flex
1789707286.526776,31,hard_flex
1789707286.526784,31,hard_flex
1789707286.5267909,31,hard_flex
1789707286.526798,29,hard_flex
1789707286.526806,29,hard_flex
1789707286.526814,29,hard_flex
1789707286.5268211,29,hard_flex
1789707286.526828,29,hard_flex
1789707286.526836,27,hard_flex
1789707286.5268428,26,hard_flex
1789707286.5268512,27,hard_flex
1789707286.526858,27,hard_flex
1789707286.526866,27,hard_flex
1789707286.526873,29,hard_flex
1789707286.526881,28,hard_flex
1789707286.526888,26,hard_flex
1789707286.5268962,34,hard_flex
1789707286.5269032,37,hard_flex
1789707286.526911,36,hard_flex
1789707286.526918,36,hard_flex
1789707286.526926,38,hard_flex
1789707286.526933,36,hard_flex
1789707286.5269408,38,hard_flex
1789707286.527998,43,hard_flex
1789707286.5330791,43,hard_flex
1789707286.538301,41,hard_flex
1789707286.543707,43,hard_flex
1789707286.548722,41,hard_flex
1789707286.554084,40,hard_flex
1789707286.559333,43,hard_flex
1789707286.564654,45,hard_flex
1789707286.569759,44,hard_flex
1789707286.575059,50,hard_flex
1789707286.580342,53,hard_flex
1789707286.5855749,54,hard_flex
1789707286.590731,60,hard_flex
1789707286.596021,67,hard_flex
1789707286.6013708,90,hard_flex
1789707286.606433,72,hard_flex
1789707286.6117492,77,hard_flex
1789707286.6169999,80,hard_flex
1789707286.6223328,78,hard_flex
1789707286.627483,87,hard_flex
1789707286.632857,87,hard_flex
1789707286.638023,87,hard_flex
1789707286.6433449,90,hard_flex
1789707286.648423,87,hard_flex
1789707286.653761,89,hard_flex
1789707286.664342,105,hard_flex
1789707286.6643589,98,hard_flex
1789707286.669652,94,hard_flex
1789707286.6801121,102,hard_flex
1789707286.6801322,95,hard_flex
1789707286.685385,80,hard_flex
1789707286.690699,96,hard_flex
1789707286.695842,76,hard_flex
1789707286.7065501,109,hard_flex
1789707286.706611,65,hard_flex
1789707286.7116659,67,hard_flex
1789707286.71694,63,hard_flex
1789707286.722052,65,hard_flex
1789707286.727329,70,hard_flex
1789707286.732769,69,hard_flex
1789707286.738029,67,hard_flex
1789707286.743066,71,hard_flex
1789707286.7484522,69,hard_flex
1789707286.753671,65,hard_flex
1789707286.758817,65,hard_flex
1789707286.763958,63,hard_flex
1789707286.7711098,58,hard_flex
1789707286.7746491,56,hard_flex
1789707286.779686,53,hard_flex
1789707286.784984,50,hard_flex
1789707286.7903419,46,hard_flex
1789707286.795763,43,hard_flex
1789707286.800691,43,hard_flex
1789707286.8058581,42,hard_flex
1789707286.8112829,41,hard_flex
1789707286.816563,38,hard_flex
1789707286.821583,35,hard_flex
1789707286.8270452,33,hard_flex
1789707286.832269,35,hard_flex
1789707286.837693,35,hard_flex
1789707286.842685,35,hard_flex
1789707286.847892,33,hard_flex
1789707286.853135,32,hard_flex
1789707286.858474,31,hard_flex
1789707286.8635619,31,hard_flex
1789707286.869005,32,hard_flex
1789707286.87425,33,hard_flex
1789707286.879303,31,hard_flex
1789707286.884574,30,hard_flex
1789707286.8922791,30,hard_flex
1789707286.895172,30,hard_flex
1789707286.900343,30,hard_flex
1789707286.905536,30,hard_flex
1789707286.910901,29,hard_flex
1789707286.915903,29,hard_flex
1789707286.9212658,28,hard_flex
1789707286.9265652,27,hard_flex
1789707286.931564,27,hard_flex
1789707286.937164,28,hard_flex
1789707286.942254,27,hard_flex
1789707286.9474828,26,hard_flex
1789707286.952705,27,hard_flex
1789707286.9579892,27,hard_flex
1789707286.963226,27,hard_flex
1789707286.9685981,27,hard_flex
1789707286.9736671,27,hard_flex
1789707286.9789052,27,hard_flex
1789707286.984179,28,hard_flex
1789707286.9895098,28,hard_flex
1789707286.9944909,28,hard_flex
1789707287.000318,29,hard_flex
1789707287.005331,29,hard_flex
1789707287.010299,29,hard_flex
1789707287.015619,27,hard_flex
1789707287.020853,26,hard_flex
1789707287.0264242,26,hard_flex
1789707287.031308,27,hard_flex
1789707287.036714,28,hard_flex
1789707287.041936,28,hard_flex
1789707287.047505,26,hard_flex
1789707287.0522969,26,hard_flex
1789707287.058114,28,hard_flex
1789707287.062853,29,hard_flex
1789707287.068512,30,hard_flex
1789707287.073326,29,hard_flex
1789707287.0785332,28,hard_flex
1789707287.0838609,28,hard_flex
1789707287.08884,28,hard_flex
1789707287.094232,29,hard_flex
1789707287.0995672,31,hard_flex
1789707287.104766,30,hard_flex
1789707287.1098921,29,hard_flex
1789707287.115316,29,hard_flex
1789707287.120496,29,hard_flex
1789707287.125767,29,hard_flex
1789707287.1308138,29,hard_flex
1789707287.136342,29,hard_flex
1789707287.141547,29,hard_flex
1789707287.146893,27,hard_flex
1789707287.151843,28,hard_flex
1789707287.1572711,29,hard_flex
1789707287.162448,30,hard_flex
1789707287.1676621,30,hard_flex
1789707287.172885,29,hard_flex
1789707287.1781619,29,hard_flex
1789707287.183369,31,hard_flex
1789707287.188498,32,hard_flex
1789707287.193938,33,hard_flex
1789707287.19923,32,hard_flex
1789707287.2044768,36,hard_flex
1789707287.209559,34,hard_flex
1789707287.214785,39,hard_flex
1789707287.220067,39,hard_flex
1789707287.2252102,54,hard_flex
1789707287.230464,55,hard_flex
1789707287.235883,59,hard_flex
1789707287.241073,67,hard_flex
1789707287.246165,72,hard_flex
1789707287.251501,83,hard_flex
1789707287.25688,76,hard_flex
1789707287.262,73,hard_flex
1789707287.2672698,74,hard_flex
1789707287.272523,98,hard_flex
1789707287.277741,96,hard_flex
1789707287.310889,110,hard_flex
1789707287.3109791,119,hard_flex
1789707287.3110201,124,hard_flex
1789707287.3110569,125,hard_flex
1789707287.311093,126,hard_flex
1789707287.311178,116,hard_flex
1789707287.344623,125,hard_flex
1789707287.3447301,119,hard_flex
1789707287.3447978,113,hard_flex
1789707287.344863,263,hard_flex
1789707287.3449259,274,hard_flex
1789707287.3449879,306,hard_flex
1789707287.3784802,343,hard_flex
1789707287.3786209,370,hard_flex
1789707287.378695,498,hard_flex
1789707287.3787572,485,hard_flex
1789707287.3788202,453,hard_flex
1789707287.37888,438,hard_flex
1789707287.3789399,518,hard_flex
1789707287.412263,537,hard_flex
1789707287.412363,512,hard_flex
1789707287.412429,546,hard_flex
1789707287.412493,607,hard_flex
1789707287.412555,598,hard_flex
1789707287.4126148,679,hard_flex
1789707287.4461179,729,hard_flex
1789707287.446229,766,hard_flex
1789707287.446302,704,hard_flex
1789707287.4463701,702,hard_flex
1789707287.4464362,779,hard_flex
1789707287.446502,798,hard_flex
1789707287.4465659,745,hard_flex
1789707287.479903,684,hard_flex
1789707287.480001,705,hard_flex
1789707287.4800699,658,hard_flex
1789707287.480133,689,hard_flex
1789707287.480371,700,hard_flex
1789707287.480583,656,hard_flex
1789707287.51371,668,hard_flex
1789707287.513812,887,hard_flex
1789707287.513879,922,hard_flex
1789707287.5139399,933,hard_flex
1789707287.514001,933,hard_flex
1789707287.514059,933,hard_flex
1789707287.547473,918,hard_flex
1789707287.547605,933,hard_flex
1789707287.547678,933,hard_flex
1789707287.54774,934,hard_flex
1789707287.547801,933,hard_flex
1789707287.54786,933,hard_flex
1789707287.547919,933,hard_flex
1789707287.581381,933,hard_flex
1789707287.5814881,933,hard_flex
1789707287.581556,934,hard_flex
1789707287.581621,933,hard_flex
1789707287.5817049,933,hard_flex
1789707287.581774,913,hard_flex
1789707287.6150882,933,hard_flex
1789707287.615205,933,hard_flex
1789707287.615273,933,hard_flex
1789707287.615337,933,hard_flex
1789707287.615399,870,hard_flex
1789707287.615458,847,hard_flex
1789707287.6155179,840,hard_flex
1789707287.648986,776,hard_flex
1789707287.649088,872,hard_flex
1789707287.649152,933,hard_flex
1789707287.649215,933,hard_flex
1789707287.6492748,934,hard_flex
1789707287.649336,934,hard_flex
1789707287.6827168,934,hard_flex
1789707287.6828191,934,hard_flex
1789707287.682888,934,hard_flex
1789707287.682953,934,hard_flex
1789707287.683041,934,hard_flex
1789707287.683108,934,hard_flex
1789707287.716494,934,hard_flex
1789707287.7166002,933,hard_flex
1789707287.716646,934,hard_flex
1789707287.716686,934,hard_flex
1789707287.716726,934,hard_flex
1789707287.716765,934,hard_flex
1789707287.716803,934,hard_flex
1789707287.750496,934,hard_flex
1789707287.750598,934,hard_flex
1789707287.750664,934,hard_flex
1789707287.750728,934,hard_flex
1789707287.750794,934,hard_flex
1789707287.750859,934,hard_flex
1789707287.783983,934,hard_flex
1789707287.7840798,934,hard_flex
1789707287.784147,934,hard_flex
1789707287.7842078,933,hard_flex
1789707287.784269,934,hard_flex
1789707287.784327,934,hard_flex
1789707287.784387,934,hard_flex
1789707287.817877,934,hard_flex
1789707287.817962,934,hard_flex
1789707287.8180249,934,hard_flex
1789707287.818086,934,hard_flex
1789707287.818146,934,hard_flex
1789707287.8182049,934,hard_flex
1789707287.851572,934,hard_flex
1789707287.851653,934,hard_flex
1789707287.851715,934,hard_flex
1789707287.851775,933,hard_flex
1789707287.851834,934,hard_flex
1789707287.851892,934,hard_flex
1789707287.885352,934,hard_flex
1789707287.885453,934,hard_flex
1789707287.885525,934,hard_flex
1789707287.885587,934,hard_flex
1789707287.885647,934,hard_flex
1789707287.885705,934,hard_flex
1789707287.8857632,934,hard_flex
1789707287.91921,934,hard_flex
1789707287.91929,934,hard_flex
1789707287.919353,934,hard_flex
1789707287.919415,934,hard_flex
1789707287.919474,934,hard_flex
1789707287.919533,934,hard_flex
1789707287.952956,934,hard_flex
1789707287.9530501,934,hard_flex
1789707287.953116,933,hard_flex
1789707287.953177,933,hard_flex
1789707287.953238,934,hard_flex
1789707287.9532979,934,hard_flex
1789707287.9533582,934,hard_flex
1789707287.98686,934,hard_flex
1789707287.986939,934,hard_flex
1789707287.987008,933,hard_flex
1789707287.987069,933,hard_flex
1789707287.987127,933,hard_flex
1789707287.987186,934,hard_flex
1789707288.0206132,934,hard_flex
1789707288.020698,934,hard_flex
1789707288.020761,933,hard_flex
1789707288.020822,934,hard_flex
1789707288.020881,933,hard_flex
1789707288.020939,933,hard_flex
1789707288.0544121,933,hard_flex
1789707288.05451,883,hard_flex
1789707288.054573,869,hard_flex
1789707288.054633,807,hard_flex
1789707288.054692,758,hard_flex
1789707288.05475,789,hard_flex
1789707288.0548081,818,hard_flex
1789707288.08828,932,hard_flex
1789707288.088362,933,hard_flex
1789707288.088428,933,hard_flex
1789707288.08849,933,hard_flex
1789707288.0885499,891,hard_flex
1789707288.088609,933,hard_flex
1789707288.1220338,933,hard_flex
1789707288.1221278,933,hard_flex
1789707288.122192,933,hard_flex
1789707288.122251,933,hard_flex
1789707288.1223092,859,hard_flex
1789707288.122366,781,hard_flex
1789707288.122423,766,hard_flex
1789707288.1559381,759,hard_flex
1789707288.156023,757,hard_flex
1789707288.156725,755,hard_flex
1789707288.1568031,815,hard_flex
1789707288.156866,862,hard_flex
1789707288.156929,896,hard_flex
1789707288.1897469,873,hard_flex
1789707288.1898398,853,hard_flex
1789707288.1899672,810,hard_flex
1789707288.1903832,807,hard_flex
1789707288.190472,738,hard_flex
1789707288.1907358,718,hard_flex
1789707288.223571,731,hard_flex
1789707288.223781,686,hard_flex
1789707288.22385,688,hard_flex
1789707288.223996,664,hard_flex
1789707288.224067,686,hard_flex
1789707288.224128,730,hard_flex
1789707288.224187,733,hard_flex
1789707288.257353,735,hard_flex
1789707288.257418,694,hard_flex
1789707288.2574651,657,hard_flex
1789707288.257515,630,hard_flex
1789707288.257558,583,hard_flex
1789707288.257601,548,hard_flex
1789707288.291061,560,hard_flex
1789707288.29116,526,hard_flex
1789707288.291224,508,hard_flex
1789707288.291284,484,hard_flex
1789707288.2913432,485,hard_flex
1789707288.291402,456,hard_flex
1789707288.29146,479,hard_flex
1789707288.32494,464,hard_flex
1789707288.325019,433,hard_flex
1789707288.3250828,416,hard_flex
1789707288.325144,411,hard_flex
1789707288.325203,395,hard_flex
1789707288.325261,416,hard_flex
1789707288.358696,431,hard_flex
1789707288.3600981,510,hard_flex
1789707288.360157,516,hard_flex
1789707288.360203,495,hard_flex
1789707288.3602471,481,hard_flex
1789707288.360289,507,hard_flex
1789707288.392549,530,hard_flex
1789707288.3926451,518,hard_flex
1789707288.39271,504,hard_flex
1789707288.3927732,487,hard_flex
1789707288.392834,483,hard_flex
1789707288.392896,493,hard_flex
1789707288.392956,473,hard_flex
1789707288.426265,423,hard_flex
1789707288.426324,397,hard_flex
1789707288.426367,362,hard_flex
1789707288.426413,390,hard_flex
1789707288.426454,423,hard_flex
1789707288.426495,416,hard_flex
1789707288.460026,431,hard_flex
1789707288.4600918,421,hard_flex
1789707288.460138,427,hard_flex
1789707288.460181,422,hard_flex
1789707288.460222,400,hard_flex
1789707288.460263,413,hard_flex
1789707288.4603038,391,hard_flex
1789707288.493868,412,hard_flex
1789707288.493929,412,hard_flex
1789707288.493974,445,hard_flex
1789707288.4940171,439,hard_flex
1789707288.494059,451,hard_flex
1789707288.4941921,454,hard_flex
1789707288.527654,422,hard_flex
1789707288.5277178,411,hard_flex
1789707288.527766,394,hard_flex
1789707288.527819,392,hard_flex
1789707288.5278778,401,hard_flex
1789707288.5279381,397,hard_flex
1789707288.561621,385,hard_flex
1789707288.5617259,352,hard_flex
1789707288.561792,329,hard_flex
1789707288.561853,329,hard_flex
1789707288.561911,330,hard_flex
1789707288.5619688,361,hard_flex
1789707288.562027,403,hard_flex
1789707288.5953631,515,hard_flex
1789707288.595443,558,hard_flex
1789707288.595507,551,hard_flex
1789707288.595567,535,hard_flex
1789707288.595627,484,hard_flex
1789707288.595687,438,hard_flex
1789707288.6291049,415,hard_flex
1789707288.6292748,412,hard_flex
1789707288.629319,392,hard_flex
1789707288.629355,391,hard_flex
1789707288.629389,393,hard_flex
1789707288.6294222,362,hard_flex
1789707288.62949,332,hard_flex
1789707288.663035,358,hard_flex
1789707288.663119,346,hard_flex
1789707288.663181,352,hard_flex
1789707288.663243,335,hard_flex
1789707288.663303,334,hard_flex
1789707288.663363,319,hard_flex
1789707288.6968231,321,hard_flex
1789707288.696911,302,hard_flex
1789707288.696975,281,hard_flex
1789707288.697036,272,hard_flex
1789707288.6970959,261,hard_flex
1789707288.697155,267,hard_flex
1789707288.7306082,267,hard_flex
1789707288.730693,243,hard_flex
1789707288.730735,251,hard_flex
1789707288.730772,240,hard_flex
1789707288.730806,270,hard_flex
1789707288.7308412,259,hard_flex
1789707288.730904,278,hard_flex
1789707288.7647738,270,hard_flex
1789707288.764885,270,hard_flex
1789707288.764962,285,hard_flex
1789707288.765034,309,hard_flex
1789707288.765101,310,hard_flex
1789707288.765163,310,hard_flex
1789707288.798492,292,hard_flex
1789707288.798607,279,hard_flex
1789707288.79868,281,hard_flex
1789707288.7987468,259,hard_flex
1789707288.7988448,236,hard_flex
1789707288.798923,230,hard_flex
1789707288.7989929,210,hard_flex
1789707288.832365,201,hard_flex
1789707288.832466,212,hard_flex
1789707288.832535,235,hard_flex
1789707288.832601,222,hard_flex
1789707288.8326662,220,hard_flex
1789707288.832739,229,hard_flex
1789707288.866094,220,hard_flex
1789707288.866179,227,hard_flex
1789707288.866226,226,hard_flex
1789707288.866268,211,hard_flex
1789707288.866312,197,hard_flex
1789707288.866375,190,hard_flex
1789707288.899942,180,hard_flex
1789707288.900091,183,hard_flex
1789707288.900175,196,hard_flex
1789707288.900246,185,hard_flex
1789707288.9003148,195,hard_flex
1789707288.900398,219,hard_flex
1789707288.900471,271,hard_flex
1789707288.93382,271,hard_flex
1789707288.9339242,257,hard_flex
1789707288.934,247,hard_flex
1789707288.9340749,230,hard_flex
1789707288.93415,216,hard_flex
1789707288.934221,199,hard_flex
1789707288.967633,239,hard_flex
1789707288.967754,241,hard_flex
1789707288.9678311,238,hard_flex
1789707288.9678988,276,hard_flex
1789707288.967962,271,hard_flex
1789707288.9680278,294,hard_flex
1789707288.968092,303,hard_flex
1789707289.001585,278,hard_flex
1789707289.0016892,249,hard_flex
1789707289.001746,233,hard_flex
1789707289.00179,221,hard_flex
1789707289.0018308,203,hard_flex
1789707289.001871,259,hard_flex
1789707289.035226,286,hard_flex
1789707289.035336,280,hard_flex
1789707289.035409,265,hard_flex
1789707289.035476,277,hard_flex
1789707289.035543,299,hard_flex
1789707289.035607,284,hard_flex
1789707289.068972,275,hard_flex
1789707289.069113,257,hard_flex
1789707289.069188,245,hard_flex
1789707289.0692532,243,hard_flex
1789707289.0693178,226,hard_flex
1789707289.0693939,208,hard_flex
1789707289.0694559,200,hard_flex
1789707289.1028118,207,hard_flex
1789707289.103122,248,hard_flex
1789707289.103264,247,hard_flex
1789707289.1033568,227,hard_flex
1789707289.103425,219,hard_flex
1789707289.103538,202,hard_flex
1789707289.136632,197,hard_flex
1789707289.1367822,188,hard_flex
1789707289.1369119,175,hard_flex
1789707289.137141,170,hard_flex
1789707289.137283,167,hard_flex
1789707289.137352,156,hard_flex
1789707289.137726,151,hard_flex
1789707289.170256,168,hard_flex
1789707289.170526,175,hard_flex
1789707289.170614,189,hard_flex
1789707289.170718,206,hard_flex
1789707289.170964,193,hard_flex
1789707289.171042,195,hard_flex
1789707289.204148,223,hard_flex
1789707289.204256,221,hard_flex
1789707289.2043269,252,hard_flex
1789707289.204399,263,hard_flex
1789707289.2044601,250,hard_flex
1789707289.2045188,226,hard_flex
1789707289.2380328,206,hard_flex
1789707289.238154,207,hard_flex
1789707289.23823,190,hard_flex
1789707289.238407,181,hard_flex
1789707289.2384908,178,hard_flex
1789707289.238545,166,hard_flex
1789707289.238601,152,hard_flex
1789707289.271949,142,hard_flex
1789707289.272026,172,hard_flex
1789707289.272063,173,hard_flex
1789707289.272098,169,hard_flex
1789707289.272131,157,hard_flex
1789707289.2721632,146,hard_flex
1789707289.305405,144,hard_flex
1789707289.305491,166,hard_flex
1789707289.305543,182,hard_flex
1789707289.30559,203,hard_flex
1789707289.3056362,192,hard_flex
1789707289.3056798,176,hard_flex
1789707289.305724,164,hard_flex
1789707289.33952,197,hard_flex
1789707289.3396008,187,hard_flex
1789707289.339652,175,hard_flex
1789707289.3397,172,hard_flex
1789707289.339749,163,hard_flex
1789707289.339793,164,hard_flex
1789707289.3734012,183,hard_flex
1789707289.3735192,188,hard_flex
1789707289.37359,190,hard_flex
1789707289.373655,179,hard_flex
1789707289.373719,177,hard_flex
1789707289.373782,224,hard_flex
1789707289.4071648,251,hard_flex
1789707289.40732,243,hard_flex
1789707289.407406,230,hard_flex
1789707289.40748,206,hard_flex
1789707289.407552,191,hard_flex
1789707289.4076412,177,hard_flex
1789707289.407711,176,hard_flex
1789707289.440911,163,hard_flex
1789707289.44102,178,hard_flex
1789707289.441091,197,hard_flex
1789707289.441153,190,hard_flex
1789707289.441215,185,hard_flex
1789707289.4412742,179,hard_flex
1789707289.4745889,173,hard_flex
1789707289.474695,204,hard_flex
1789707289.474765,200,hard_flex
1789707289.474828,193,hard_flex
1789707289.4748769,192,hard_flex
1789707289.474923,192,hard_flex
1789707289.4749691,184,hard_flex
1789707289.508513,189,hard_flex
1789707289.508616,174,hard_flex
1789707289.508682,174,hard_flex
1789707289.508745,159,hard_flex
1789707289.508807,159,hard_flex
1789707289.508868,148,hard_flex
1789707289.542231,172,hard_flex
1789707289.54233,183,hard_flex
1789707289.5423958,173,hard_flex
1789707289.542457,179,hard_flex
1789707289.542518,179,hard_flex
1789707289.5425768,176,hard_flex
1789707289.576192,187,hard_flex
1789707289.576362,176,hard_flex
1789707289.576443,172,hard_flex
1789707289.576511,164,hard_flex
1789707289.57658,158,hard_flex
1789707289.57665,146,hard_flex
1789707289.576714,151,hard_flex
1789707289.609847,153,hard_flex
1789707289.609903,142,hard_flex
1789707289.609931,146,hard_flex
1789707289.609955,137,hard_flex
1789707289.609979,146,hard_flex
1789707289.6100008,149,hard_flex
1789707289.643664,158,hard_flex
1789707289.643765,154,hard_flex
1789707289.64383,148,hard_flex
1789707289.64389,135,hard_flex
1789707289.643949,125,hard_flex
1789707289.6440089,124,hard_flex
1789707289.644067,120,hard_flex
1789707289.6773372,148,hard_flex
1789707289.677419,163,hard_flex
1789707289.677481,173,hard_flex
1789707289.677542,161,hard_flex
1789707289.677601,175,hard_flex
1789707289.6776588,185,hard_flex
1789707289.71106,195,hard_flex
1789707289.7111402,182,hard_flex
1789707289.711201,177,hard_flex
1789707289.711261,219,hard_flex
1789707289.711319,249,hard_flex
1789707289.711377,237,hard_flex
1789707289.744853,227,hard_flex
1789707289.744954,226,hard_flex
1789707289.745017,211,hard_flex
1789707289.745076,193,hard_flex
1789707289.745134,215,hard_flex
1789707289.745192,206,hard_flex
1789707289.74525,201,hard_flex
1789707289.778712,184,hard_flex
1789707289.7787929,192,hard_flex
1789707289.778856,196,hard_flex
1789707289.7789152,197,hard_flex
1789707289.778976,189,hard_flex
1789707289.7790349,203,hard_flex
1789707289.812501,194,hard_flex
1789707289.812583,200,hard_flex
1789707289.812643,201,hard_flex
1789707289.812785,203,hard_flex
1789707289.812845,194,hard_flex
1789707289.812903,244,hard_flex
1789707289.812961,220,hard_flex
1789707289.846425,210,hard_flex
1789707289.846507,223,hard_flex
1789707289.846569,218,hard_flex
1789707289.8466299,210,hard_flex
1789707289.8466911,208,hard_flex
1789707289.846758,241,hard_flex
1789707289.880207,241,hard_flex
1789707289.880374,239,hard_flex
1789707289.880449,236,hard_flex
1789707289.880512,256,hard_flex
1789707289.880573,259,hard_flex
1789707289.880633,240,hard_flex
1789707289.91403,220,hard_flex
1789707289.914142,200,hard_flex
1789707289.914208,187,hard_flex
1789707289.914269,202,hard_flex
1789707289.914328,223,hard_flex
1789707289.914388,251,hard_flex
1789707289.914446,257,hard_flex
1789707289.947874,248,hard_flex
1789707289.947962,260,hard_flex
1789707289.9480278,247,hard_flex
1789707289.948145,269,hard_flex
1789707289.948315,289,hard_flex
1789707289.9483578,289,hard_flex
1789707289.9817238,325,hard_flex
1789707289.981822,346,hard_flex
1789707289.981885,332,hard_flex
1789707289.981944,310,hard_flex
1789707289.982002,287,hard_flex
1789707289.982059,271,hard_flex
1789707289.982116,285,hard_flex
1789707290.01565,294,hard_flex
1789707290.015732,300,hard_flex
1789707290.015768,302,hard_flex
1789707290.015798,299,hard_flex
1789707290.015827,291,hard_flex
1789707290.015856,300,hard_flex
1789707290.049221,298,hard_flex
1789707290.049279,276,hard_flex
1789707290.049312,249,hard_flex
1789707290.049342,228,hard_flex
1789707290.0493708,212,hard_flex
1789707290.0494,242,hard_flex
1789707290.083211,254,hard_flex
1789707290.0833468,231,hard_flex
1789707290.0834181,217,hard_flex
1789707290.083482,206,hard_flex
1789707290.0835469,204,hard_flex
1789707290.083609,195,hard_flex
1789707290.083671,206,hard_flex
1789707290.117101,215,hard_flex
1789707290.117205,211,hard_flex
1789707290.1172748,193,hard_flex
1789707290.1173398,180,hard_flex
1789707290.1174028,178,hard_flex
1789707290.117464,171,hard_flex
1789707290.150891,157,hard_flex
1789707290.1510122,167,hard_flex
1789707290.151086,170,hard_flex
1789707290.1511989,171,hard_flex
1789707290.151266,172,hard_flex
1789707290.151327,171,hard_flex
1789707290.151387,184,hard_flex
1789707290.184754,197,hard_flex
1789707290.184853,213,hard_flex
1789707290.184918,212,hard_flex
1789707290.18498,210,hard_flex
1789707290.185041,206,hard_flex
1789707290.185101,202,hard_flex
1789707290.2185578,205,hard_flex
1789707290.218661,209,hard_flex
1789707290.2187421,224,hard_flex
1789707290.21882,204,hard_flex
1789707290.218888,194,hard_flex
1789707290.2189598,218,hard_flex
1789707290.252146,208,hard_flex
1789707290.252197,241,hard_flex
1789707290.252219,227,hard_flex
1789707290.25224,215,hard_flex
1789707290.2522612,196,hard_flex
1789707290.2522812,182,hard_flex
1789707290.252301,173,hard_flex
1789707290.285847,175,hard_flex
1789707290.285866,185,hard_flex
1789707290.28588,195,hard_flex
1789707290.2858932,203,hard_flex
1789707290.285907,224,hard_flex
1789707290.285922,231,hard_flex
1789707290.3196402,239,hard_flex
1789707290.319668,219,hard_flex
1789707290.3196852,228,hard_flex
1789707290.319702,221,hard_flex
1789707290.31972,209,hard_flex
1789707290.319736,223,hard_flex
1789707290.319753,239,hard_flex
1789707290.3535638,239,hard_flex
1789707290.353585,256,hard_flex
1789707290.353605,294,hard_flex
1789707290.353625,278,hard_flex
1789707290.3536441,294,hard_flex
1789707290.353664,294,hard_flex
1789707290.387373,307,hard_flex
1789707290.387421,309,hard_flex
1789707290.387458,320,hard_flex
1789707290.387487,291,hard_flex
1789707290.387514,296,hard_flex
1789707290.387541,309,hard_flex
1789707290.4213262,308,hard_flex
1789707290.42145,292,hard_flex
1789707290.421516,275,hard_flex
1789707290.4215791,246,hard_flex
1789707290.42164,264,hard_flex
1789707290.4217012,357,hard_flex
1789707290.4217632,365,hard_flex
1789707290.455185,468,hard_flex
1789707290.4552681,480,hard_flex
1789707290.455321,464,hard_flex
1789707290.455369,474,hard_flex
1789707290.4554172,543,hard_flex
1789707290.455465,666,hard_flex
1789707290.488962,687,hard_flex
1789707290.4890711,697,hard_flex
1789707290.489141,673,hard_flex
1789707290.489218,673,hard_flex
1789707290.48928,681,hard_flex
1789707290.489343,693,hard_flex
1789707290.489436,730,hard_flex
1789707290.5229151,718,hard_flex
1789707290.523028,705,hard_flex
1789707290.5231721,825,hard_flex
1789707290.5233011,885,hard_flex
1789707290.523381,930,hard_flex
1789707290.5234518,868,hard_flex
1789707290.5570612,814,hard_flex
1789707290.557719,735,hard_flex
1789707290.557819,684,hard_flex
1789707290.558068,644,hard_flex
1789707290.558208,633,hard_flex
1789707290.558252,658,hard_flex
1789707290.5908139,681,hard_flex
1789707290.591298,637,hard_flex
1789707290.59139,578,hard_flex
1789707290.59146,539,hard_flex
1789707290.5915341,563,hard_flex
1789707290.591599,555,hard_flex
1789707290.591661,563,hard_flex
1789707290.624299,545,hard_flex
1789707290.624404,523,hard_flex
1789707290.6245859,483,hard_flex
1789707290.624693,521,hard_flex
1789707290.6247659,506,hard_flex
1789707290.62483,535,hard_flex
1789707290.658029,516,hard_flex
1789707290.658112,515,hard_flex
1789707290.658161,534,hard_flex
1789707290.658206,519,hard_flex
1789707290.658251,477,hard_flex
1789707290.658296,433,hard_flex
1789707290.65834,393,hard_flex
1789707290.69201,370,hard_flex
1789707290.692111,338,hard_flex
1789707290.6921852,409,hard_flex
1789707290.6922581,443,hard_flex
1789707290.692328,462,hard_flex
1789707290.692398,428,hard_flex
1789707290.7255402,395,hard_flex
1789707290.72561,362,hard_flex
1789707290.7256598,350,hard_flex
1789707290.725698,320,hard_flex
1789707290.725734,299,hard_flex
1789707290.725769,295,hard_flex
1789707290.760057,282,hard_flex
1789707290.760959,268,hard_flex
1789707290.761017,247,hard_flex
1789707290.761066,300,hard_flex
1789707290.761102,332,hard_flex
1789707290.7611341,319,hard_flex
1789707290.761167,322,hard_flex
1789707290.793278,400,hard_flex
1789707290.793372,485,hard_flex
1789707290.7934358,494,hard_flex
1789707290.793497,500,hard_flex
1789707290.793557,479,hard_flex
1789707290.793615,471,hard_flex
1789707290.8270369,460,hard_flex
1789707290.8271139,472,hard_flex
1789707290.827163,479,hard_flex
1789707290.8272011,459,hard_flex
1789707290.827235,432,hard_flex
1789707290.8272681,396,hard_flex
1789707290.827301,407,hard_flex
1789707290.8609128,398,hard_flex
1789707290.860998,436,hard_flex
1789707290.8610592,427,hard_flex
1789707290.8611178,489,hard_flex
1789707290.861187,517,hard_flex
1789707290.8612459,534,hard_flex
1789707290.894618,498,hard_flex
1789707290.894686,457,hard_flex
1789707290.8947241,468,hard_flex
1789707290.89476,459,hard_flex
1789707290.894797,443,hard_flex
1789707290.8948321,441,hard_flex
1789707290.928502,443,hard_flex
1789707290.928638,414,hard_flex
1789707290.928712,386,hard_flex
1789707290.9287748,376,hard_flex
1789707290.9288378,367,hard_flex
1789707290.9289,363,hard_flex
1789707290.9289632,341,hard_flex
1789707290.9624152,319,hard_flex
1789707290.962471,288,hard_flex
1789707290.962504,282,hard_flex
1789707290.9625359,275,hard_flex
1789707290.962568,278,hard_flex
1789707290.9625988,268,hard_flex
1789707290.9960809,260,hard_flex
1789707290.996178,261,hard_flex
1789707290.9962418,281,hard_flex
1789707290.9963021,283,hard_flex
1789707290.996362,269,hard_flex
1789707290.9964201,260,hard_flex
1789707290.99648,276,hard_flex
1789707291.029809,279,hard_flex
1789707291.029886,293,hard_flex
1789707291.0300539,300,hard_flex
1789707291.030109,307,hard_flex
1789707291.0301728,292,hard_flex
1789707291.03021,297,hard_flex
1789707291.0637271,310,hard_flex
1789707291.063822,341,hard_flex
1789707291.06389,328,hard_flex
1789707291.0639548,362,hard_flex
1789707291.064018,368,hard_flex
1789707291.0640798,338,hard_flex
1789707291.097367,330,hard_flex
1789707291.097482,305,hard_flex
1789707291.0975602,323,hard_flex
1789707291.097625,392,hard_flex
1789707291.09769,406,hard_flex
1789707291.097753,389,hard_flex
1789707291.098006,360,hard_flex
1789707291.131407,404,hard_flex
1789707291.1315079,457,hard_flex
1789707291.1315799,516,hard_flex
1789707291.13165,550,hard_flex
1789707291.1317172,620,hard_flex
1789707291.131783,633,hard_flex
1789707291.165238,658,hard_flex
1789707291.1653278,780,hard_flex
1789707291.1653728,773,hard_flex
1789707291.165416,882,hard_flex
1789707291.1654558,933,hard_flex
1789707291.165494,934,hard_flex
1789707291.165528,933,hard_flex
1789707291.1992059,934,hard_flex
1789707291.199309,933,hard_flex
1789707291.1993868,934,hard_flex
1789707291.199456,934,hard_flex
1789707291.199521,933,hard_flex
1789707291.1995862,933,hard_flex
1789707291.232863,933,hard_flex
1789707291.232957,933,hard_flex
1789707291.233022,933,hard_flex
1789707291.233105,934,hard_flex
1789707291.233172,933,hard_flex
1789707291.233233,934,hard_flex
1789707291.266676,934,hard_flex
1789707291.266816,934,hard_flex
1789707291.266892,934,hard_flex
1789707291.266963,933,hard_flex
1789707291.267029,933,hard_flex
1789707291.267096,887,hard_flex
1789707291.267164,798,hard_flex
1789707291.3004532,748,hard_flex
1789707291.3005261,736,hard_flex
1789707291.300565,791,hard_flex
1789707291.3006022,795,hard_flex
1789707291.300639,809,hard_flex
1789707291.3006778,768,hard_flex
1789707291.334307,845,hard_flex
1789707291.334413,836,hard_flex
1789707291.3344839,792,hard_flex
1789707291.334549,826,hard_flex
1789707291.334616,765,hard_flex
1789707291.33468,728,hard_flex
1789707291.3347452,744,hard_flex
1789707291.3681548,751,hard_flex
1789707291.368259,736,hard_flex
1789707291.368327,672,hard_flex
1789707291.368393,644,hard_flex
1789707291.368456,624,hard_flex
1789707291.3685172,591,hard_flex
1789707291.401978,535,hard_flex
1789707291.40208,498,hard_flex
1789707291.402148,515,hard_flex
1789707291.4022121,576,hard_flex
1789707291.402275,711,hard_flex
1789707291.402337,710,hard_flex
1789707291.43569,690,hard_flex
1789707291.435819,708,hard_flex
1789707291.435881,746,hard_flex
1789707291.43594,768,hard_flex
1789707291.435999,689,hard_flex
1789707291.436057,642,hard_flex
1789707291.436119,634,hard_flex
1789707291.469558,578,hard_flex
1789707291.4696572,585,hard_flex
1789707291.4697201,549,hard_flex
1789707291.46978,502,hard_flex
1789707291.469839,458,hard_flex
1789707291.469898,420,hard_flex
1789707291.503304,405,hard_flex
1789707291.5034711,396,hard_flex
1789707291.5036821,393,hard_flex
1789707291.503768,389,hard_flex
1789707291.503865,374,hard_flex
1789707291.5039349,393,hard_flex
1789707291.504008,377,hard_flex
1789707291.5373518,365,hard_flex
1789707291.5375822,353,hard_flex
1789707291.537668,350,hard_flex
1789707291.537733,326,hard_flex
1789707291.5378199,321,hard_flex
1789707291.5378828,329,hard_flex
1789707291.570755,342,hard_flex
1789707291.570816,361,hard_flex
1789707291.570949,366,hard_flex
1789707291.5711691,366,hard_flex
1789707291.571241,348,hard_flex
1789707291.571302,357,hard_flex
1789707291.604627,349,hard_flex
1789707291.6047518,326,hard_flex
1789707291.604844,339,hard_flex
1789707291.604927,401,hard_flex
1789707291.604982,456,hard_flex
1789707291.605043,430,hard_flex
1789707291.605178,409,hard_flex
1789707291.638528,368,hard_flex
1789707291.638636,347,hard_flex
1789707291.638805,330,hard_flex
1789707291.638891,328,hard_flex
1789707291.638956,330,hard_flex
1789707291.639016,312,hard_flex
1789707291.672341,296,hard_flex
1789707291.6724532,319,hard_flex
1789707291.672524,327,hard_flex
1789707291.67259,333,hard_flex
1789707291.6726542,317,hard_flex
1789707291.672826,320,hard_flex
1789707291.672925,310,hard_flex
1789707291.7062788,286,hard_flex
1789707291.706393,275,hard_flex
1789707291.706469,275,hard_flex
1789707291.706733,269,hard_flex
1789707291.70681,272,hard_flex
1789707291.7068748,272,hard_flex
1789707291.740062,248,hard_flex
1789707291.740196,262,hard_flex
1789707291.740746,269,hard_flex
1789707291.740843,258,hard_flex
1789707291.740923,238,hard_flex
1789707291.740992,216,hard_flex
1789707291.773823,199,hard_flex
1789707291.773957,232,hard_flex
1789707291.774025,267,hard_flex
1789707291.7740889,323,hard_flex
1789707291.77415,319,hard_flex
1789707291.77421,302,hard_flex
1789707291.774282,276,hard_flex
1789707291.807724,251,hard_flex
1789707291.807829,271,hard_flex
1789707291.807889,281,hard_flex
1789707291.807945,293,hard_flex
1789707291.807997,289,hard_flex
1789707291.8080451,306,hard_flex
1789707291.841509,324,hard_flex
1789707291.84164,317,hard_flex
1789707291.84172,319,hard_flex
1789707291.841789,327,hard_flex
1789707291.841857,309,hard_flex
1789707291.841922,277,hard_flex
1789707291.841985,252,hard_flex
1789707291.8752909,236,hard_flex
1789707291.8753972,227,hard_flex
1789707291.875465,211,hard_flex
1789707291.8755279,224,hard_flex
1789707291.8755908,224,hard_flex
1789707291.875654,217,hard_flex
1789707291.909069,199,hard_flex
1789707291.9091709,207,hard_flex
1789707291.90924,210,hard_flex
1789707291.909305,213,hard_flex
1789707291.909369,201,hard_flex
1789707291.9094322,193,hard_flex
1789707291.9428558,194,hard_flex
1789707291.943,206,hard_flex
1789707291.943077,212,hard_flex
1789707291.94315,228,hard_flex
1789707291.943218,223,hard_flex
1789707291.943279,217,hard_flex
1789707291.94334,209,hard_flex
1789707291.9766989,196,hard_flex
1789707291.976783,180,hard_flex
1789707291.9768362,170,hard_flex
1789707291.9768791,170,hard_flex
1789707291.976916,178,hard_flex
1789707291.9769542,197,hard_flex
1789707292.0104582,195,hard_flex
1789707292.0105731,195,hard_flex
1789707292.0106418,186,hard_flex
1789707292.010706,190,hard_flex
1789707292.010769,180,hard_flex
1789707292.010842,170,hard_flex
1789707292.0109031,173,hard_flex
1789707292.044296,164,hard_flex
1789707292.044381,177,hard_flex
1789707292.044428,182,hard_flex
1789707292.0444741,167,hard_flex
1789707292.044512,163,hard_flex
1789707292.044551,171,hard_flex
1789707292.07808,168,hard_flex
1789707292.0781891,187,hard_flex
1789707292.078259,195,hard_flex
1789707292.078325,182,hard_flex
1789707292.078389,202,hard_flex
1789707292.078451,209,hard_flex
1789707292.111862,208,hard_flex
1789707292.1120079,215,hard_flex
1789707292.1120799,210,hard_flex
1789707292.112143,202,hard_flex
1789707292.112208,182,hard_flex
1789707292.11227,172,hard_flex
1789707292.112331,166,hard_flex
1789707292.145813,172,hard_flex
1789707292.1459289,162,hard_flex
1789707292.145998,166,hard_flex
1789707292.146061,173,hard_flex
1789707292.146122,210,hard_flex
1789707292.146181,207,hard_flex
1789707292.1795042,195,hard_flex
1789707292.179622,198,hard_flex
1789707292.179689,187,hard_flex
1789707292.1797519,174,hard_flex
1789707292.179816,167,hard_flex
1789707292.179877,162,hard_flex
1789707292.179939,147,hard_flex
1789707292.2133892,143,hard_flex
1789707292.213493,149,hard_flex
1789707292.2136111,179,hard_flex
1789707292.213695,223,hard_flex
1789707292.213768,207,hard_flex
1789707292.2138329,191,hard_flex
1789707292.247252,207,hard_flex
1789707292.247366,201,hard_flex
1789707292.2474408,197,hard_flex
1789707292.247509,191,hard_flex
1789707292.2475772,179,hard_flex
1789707292.247645,192,hard_flex
1789707292.2809181,215,hard_flex
1789707292.281055,212,hard_flex
1789707292.281125,200,hard_flex
1789707292.2811892,217,hard_flex
1789707292.281251,207,hard_flex
1789707292.281313,209,hard_flex
1789707292.281373,194,hard_flex
1789707292.3148,178,hard_flex
1789707292.3149052,161,hard_flex
1789707292.314974,155,hard_flex
1789707292.3150349,154,hard_flex
1789707292.3150961,153,hard_flex
1789707292.315155,175,hard_flex
1789707292.348568,163,hard_flex
1789707292.348692,178,hard_flex
1789707292.348762,192,hard_flex
1789707292.3488262,205,hard_flex
1789707292.348889,212,hard_flex
1789707292.34895,196,hard_flex
1789707292.349013,193,hard_flex
1789707292.382472,181,hard_flex
1789707292.382668,175,hard_flex
1789707292.3827531,172,hard_flex
1789707292.382827,168,hard_flex
1789707292.382894,166,hard_flex
1789707292.3829582,164,hard_flex
1789707292.4161851,156,hard_flex
1789707292.41629,169,hard_flex
1789707292.416616,206,hard_flex
1789707292.416699,194,hard_flex
1789707292.416762,202,hard_flex
1789707292.416822,231,hard_flex
1789707292.4500191,227,hard_flex
1789707292.450156,209,hard_flex
1789707292.4502242,219,hard_flex
1789707292.450287,225,hard_flex
1789707292.4503481,203,hard_flex
1789707292.450408,189,hard_flex
1789707292.450467,196,hard_flex
1789707292.483851,196,hard_flex
1789707292.4839501,184,hard_flex
1789707292.484017,176,hard_flex
1789707292.4840808,166,hard_flex
1789707292.484143,153,hard_flex
1789707292.484208,144,hard_flex
1789707292.517598,131,hard_flex
1789707292.5177028,153,hard_flex
1789707292.517767,171,hard_flex
1789707292.5178292,197,hard_flex
1789707292.517888,193,hard_flex
1789707292.517947,195,hard_flex
1789707292.518008,203,hard_flex
1789707292.551574,184,hard_flex
1789707292.5516748,175,hard_flex
1789707292.5517461,169,hard_flex
1789707292.5518122,168,hard_flex
1789707292.551875,163,hard_flex
1789707292.551935,164,hard_flex
1789707292.585275,149,hard_flex
1789707292.5853739,174,hard_flex
1789707292.58544,185,hard_flex
1789707292.585501,184,hard_flex
1789707292.5855622,183,hard_flex
1789707292.585622,196,hard_flex
1789707292.619083,221,hard_flex
1789707292.6192179,225,hard_flex
1789707292.619286,229,hard_flex
1789707292.619353,242,hard_flex
1789707292.6194172,226,hard_flex
1789707292.619477,227,hard_flex
1789707292.6195369,206,hard_flex
1789707292.652907,210,hard_flex
1789707292.653007,215,hard_flex
1789707292.6530728,203,hard_flex
1789707292.6531358,196,hard_flex
1789707292.653197,188,hard_flex
1789707292.653259,183,hard_flex
1789707292.686632,178,hard_flex
1789707292.6867359,182,hard_flex
1789707292.6868029,185,hard_flex
1789707292.686868,210,hard_flex
1789707292.686929,195,hard_flex
1789707292.686989,206,hard_flex
1789707292.687048,210,hard_flex
1789707292.7205162,224,hard_flex
1789707292.720618,229,hard_flex
1789707292.7206862,217,hard_flex
1789707292.7207491,227,hard_flex
1789707292.72081,215,hard_flex
1789707292.720871,204,hard_flex
1789707292.754396,189,hard_flex
1789707292.7545059,202,hard_flex
1789707292.7545831,215,hard_flex
1789707292.754648,205,hard_flex
1789707292.754716,203,hard_flex
1789707292.754781,191,hard_flex
1789707292.788089,193,hard_flex
1789707292.7882292,179,hard_flex
1789707292.7883031,170,hard_flex
1789707292.78837,166,hard_flex
1789707292.788544,155,hard_flex
1789707292.7886012,142,hard_flex
1789707292.788647,137,hard_flex
1789707292.821972,127,hard_flex
1789707292.8220842,121,hard_flex
1789707292.822154,129,hard_flex
1789707292.82222,128,hard_flex
1789707292.822284,177,hard_flex
1789707292.822348,205,hard_flex
1789707292.855686,210,hard_flex
1789707292.855862,208,hard_flex
1789707292.855925,221,hard_flex
1789707292.855963,218,hard_flex
1789707292.8560011,202,hard_flex
1789707292.856093,186,hard_flex
1789707292.856271,176,hard_flex
1789707292.88959,163,hard_flex
1789707292.889864,170,hard_flex
1789707292.890156,185,hard_flex
1789707292.8902469,187,hard_flex
1789707292.89101,204,hard_flex
1789707292.8915331,205,hard_flex
1789707292.923433,190,hard_flex
1789707292.9236438,179,hard_flex
1789707292.923737,175,hard_flex
1789707292.9239092,171,hard_flex
1789707292.923979,170,hard_flex
1789707292.92413,156,hard_flex
1789707292.957819,154,hard_flex
1789707292.957969,170,hard_flex
1789707292.958139,167,hard_flex
1789707292.958358,179,hard_flex
1789707292.958536,188,hard_flex
1789707292.9586089,177,hard_flex
1789707292.9586718,186,hard_flex
1789707292.991082,193,hard_flex
1789707292.991194,178,hard_flex
1789707292.991263,162,hard_flex
1789707292.991329,162,hard_flex
1789707292.991393,163,hard_flex
1789707292.991455,150,hard_flex
1789707293.025034,139,hard_flex
1789707293.025345,143,hard_flex
1789707293.025414,136,hard_flex
1789707293.0255291,132,hard_flex
1789707293.0257092,143,hard_flex
1789707293.025847,135,hard_flex
1789707293.025887,127,hard_flex
1789707293.058634,131,hard_flex
1789707293.058732,123,hard_flex
1789707293.058798,134,hard_flex
1789707293.058861,131,hard_flex
1789707293.058924,143,hard_flex
1789707293.058986,139,hard_flex
1789707293.092451,135,hard_flex
1789707293.0925581,148,hard_flex
1789707293.0926442,155,hard_flex
1789707293.092712,159,hard_flex
1789707293.092778,173,hard_flex
1789707293.092842,163,hard_flex
1789707293.126157,161,hard_flex
1789707293.126272,153,hard_flex
1789707293.126339,185,hard_flex
1789707293.126403,206,hard_flex
1789707293.126465,191,hard_flex
1789707293.126527,178,hard_flex
1789707293.1265888,184,hard_flex
1789707293.159961,190,hard_flex
1789707293.160017,182,hard_flex
1789707293.160165,164,hard_flex
1789707293.160216,152,hard_flex
1789707293.1602528,165,hard_flex
1789707293.160289,187,hard_flex
1789707293.1937878,198,hard_flex
1789707293.19388,198,hard_flex
1789707293.1939452,195,hard_flex
1789707293.194017,184,hard_flex
1789707293.194079,174,hard_flex
1789707293.19414,171,hard_flex
1789707293.194201,162,hard_flex
1789707293.2276638,153,hard_flex
1789707293.227753,143,hard_flex
1789707293.227817,134,hard_flex
1789707293.2278779,123,hard_flex
1789707293.2279391,138,hard_flex
1789707293.227999,163,hard_flex
1789707293.261415,164,hard_flex
1789707293.26151,160,hard_flex
1789707293.261577,179,hard_flex
1789707293.261641,202,hard_flex
1789707293.261705,194,hard_flex
1789707293.261769,183,hard_flex
1789707293.295074,176,hard_flex
1789707293.295158,186,hard_flex
1789707293.295205,192,hard_flex
1789707293.2952478,182,hard_flex
1789707293.295286,169,hard_flex
1789707293.2953222,168,hard_flex
1789707293.2953558,170,hard_flex
1789707293.3291242,168,hard_flex
1789707293.329229,164,hard_flex
1789707293.3292952,170,hard_flex
1789707293.329358,169,hard_flex
1789707293.32943,157,hard_flex
1789707293.329495,168,hard_flex
1789707293.362891,166,hard_flex
1789707293.362994,155,hard_flex
1789707293.363062,147,hard_flex
1789707293.363126,137,hard_flex
1789707293.363189,148,hard_flex
1789707293.3632488,152,hard_flex
1789707293.36331,158,hard_flex
1789707293.396832,164,hard_flex
1789707293.396941,150,hard_flex
1789707293.397011,144,hard_flex
1789707293.397077,141,hard_flex
1789707293.39714,140,hard_flex
1789707293.3972008,164,hard_flex
1789707293.4304361,174,hard_flex
1789707293.4305012,182,hard_flex
1789707293.430544,174,hard_flex
1789707293.430583,171,hard_flex
1789707293.430621,190,hard_flex
1789707293.43066,272,hard_flex
1789707293.464303,311,hard_flex
1789707293.46442,343,hard_flex
1789707293.464471,353,hard_flex
1789707293.46451,356,hard_flex
1789707293.4645581,349,hard_flex
1789707293.464596,360,hard_flex
1789707293.464631,354,hard_flex
1789707293.4979541,325,hard_flex
1789707293.498016,321,hard_flex
1789707293.4980538,321,hard_flex
1789707293.498089,325,hard_flex
1789707293.498145,289,hard_flex
1789707293.498215,262,hard_flex
1789707293.531956,238,hard_flex
1789707293.532077,229,hard_flex
1789707293.5321531,233,hard_flex
1789707293.532227,227,hard_flex
1789707293.53247,212,hard_flex
1789707293.5325508,195,hard_flex
1789707293.532615,181,hard_flex
1789707293.5659368,195,hard_flex
1789707293.566045,202,hard_flex
1789707293.566123,225,hard_flex
1789707293.566284,231,hard_flex
1789707293.566336,230,hard_flex
1789707293.566379,242,hard_flex
1789707293.59966,241,hard_flex
1789707293.5997639,234,hard_flex
1789707293.5998368,226,hard_flex
1789707293.5999029,210,hard_flex
1789707293.599971,198,hard_flex
1789707293.600037,183,hard_flex
1789707293.633418,192,hard_flex
1789707293.6335518,200,hard_flex
1789707293.633627,210,hard_flex
1789707293.6336918,207,hard_flex
1789707293.6337678,203,hard_flex
1789707293.633833,202,hard_flex
1789707293.633894,200,hard_flex
1789707293.6673129,181,hard_flex
1789707293.667409,188,hard_flex
1789707293.667478,205,hard_flex
1789707293.667549,214,hard_flex
1789707293.667617,222,hard_flex
1789707293.6676779,210,hard_flex
1789707293.7010229,195,hard_flex
1789707293.701097,191,hard_flex
1789707293.7011468,183,hard_flex
1789707293.701188,183,hard_flex
1789707293.7012239,195,hard_flex
1789707293.7014458,196,hard_flex
1789707293.701493,197,hard_flex
1789707293.734998,179,hard_flex
1789707293.735113,169,hard_flex
1789707293.73519,161,hard_flex
1789707293.7352588,150,hard_flex
1789707293.735322,142,hard_flex
1789707293.7353861,149,hard_flex
1789707293.7687,153,hard_flex
1789707293.768804,145,hard_flex
1789707293.7688751,141,hard_flex
1789707293.7689412,147,hard_flex
1789707293.769005,152,hard_flex
1789707293.769087,142,hard_flex
1789707293.8025181,131,hard_flex
1789707293.8026628,137,hard_flex
1789707293.802743,136,hard_flex
1789707293.802811,153,hard_flex
1789707293.8028748,161,hard_flex
1789707293.8029382,150,hard_flex
1789707293.803,150,hard_flex
1789707293.836714,173,hard_flex
1789707293.8368058,210,hard_flex
1789707293.8369222,222,hard_flex
1789707293.836983,204,hard_flex
1789707293.837034,185,hard_flex
1789707293.837079,170,hard_flex
1789707293.8702521,159,hard_flex
1789707293.870425,150,hard_flex
1789707293.870525,142,hard_flex
1789707293.870593,132,hard_flex
1789707293.870656,123,hard_flex
1789707293.8707159,125,hard_flex
1789707293.8707771,130,hard_flex
1789707293.9041228,152,hard_flex
1789707293.9042728,157,hard_flex
1789707293.904351,166,hard_flex
1789707293.904413,162,hard_flex
1789707293.904501,154,hard_flex
1789707293.904564,173,hard_flex
1789707293.937797,177,hard_flex
1789707293.937887,160,hard_flex
1789707293.9380548,160,hard_flex
1789707293.938109,160,hard_flex
1789707293.938157,159,hard_flex
1789707293.9382029,178,hard_flex
1789707293.971591,182,hard_flex
1789707293.971738,202,hard_flex
1789707293.971821,212,hard_flex
1789707293.971887,204,hard_flex
1789707293.971947,198,hard_flex
1789707293.9720068,191,hard_flex
1789707293.972071,183,hard_flex
1789707294.005285,171,hard_flex
1789707294.0053692,159,hard_flex
1789707294.005418,173,hard_flex
1789707294.005464,179,hard_flex
1789707294.0055082,188,hard_flex
1789707294.005552,175,hard_flex
1789707294.039039,167,hard_flex
1789707294.039135,189,hard_flex
1789707294.039198,179,hard_flex
1789707294.039258,163,hard_flex
1789707294.039318,161,hard_flex
1789707294.039458,169,hard_flex
1789707294.039537,167,hard_flex
1789707294.072997,156,hard_flex
1789707294.073108,158,hard_flex
1789707294.073249,155,hard_flex
1789707294.073326,146,hard_flex
1789707294.0733929,143,hard_flex
1789707294.0734541,149,hard_flex
1789707294.106716,151,hard_flex
1789707294.106824,185,hard_flex
1789707294.106896,185,hard_flex
1789707294.1069598,184,hard_flex
1789707294.107038,195,hard_flex
1789707294.107101,203,hard_flex
1789707294.140621,189,hard_flex
1789707294.140769,179,hard_flex
1789707294.1409159,164,hard_flex
1789707294.1409972,157,hard_flex
1789707294.141074,162,hard_flex
1789707294.141139,166,hard_flex
1789707294.1411998,162,hard_flex
1789707294.1743722,147,hard_flex
1789707294.17447,137,hard_flex
1789707294.174539,142,hard_flex
1789707294.174602,148,hard_flex
1789707294.1746612,140,hard_flex
1789707294.174722,131,hard_flex
1789707294.20819,151,hard_flex
1789707294.208305,161,hard_flex
1789707294.2083771,158,hard_flex
1789707294.2084448,161,hard_flex
1789707294.208513,178,hard_flex
1789707294.2085838,185,hard_flex
1789707294.208651,176,hard_flex
1789707294.242178,163,hard_flex
1789707294.242294,151,hard_flex
1789707294.242356,148,hard_flex
1789707294.242413,135,hard_flex
1789707294.242465,124,hard_flex
1789707294.242512,142,hard_flex
1789707294.2757819,148,hard_flex
1789707294.2758799,142,hard_flex
1789707294.275946,137,hard_flex
1789707294.276008,130,hard_flex
1789707294.2760808,121,hard_flex
1789707294.2761421,119,hard_flex
1789707294.309582,127,hard_flex
1789707294.309689,129,hard_flex
1789707294.309737,162,hard_flex
1789707294.3097758,193,hard_flex
1789707294.309814,179,hard_flex
1789707294.309849,163,hard_flex
1789707294.309886,152,hard_flex
1789707294.3434849,139,hard_flex
1789707294.343586,138,hard_flex
1789707294.3436532,126,hard_flex
1789707294.343719,149,hard_flex
1789707294.343783,164,hard_flex
1789707294.3438468,165,hard_flex
1789707294.377216,155,hard_flex
1789707294.377296,144,hard_flex
1789707294.377336,134,hard_flex
1789707294.3773708,121,hard_flex
1789707294.377407,131,hard_flex
1789707294.377454,132,hard_flex
1789707294.377488,130,hard_flex
1789707294.411093,136,hard_flex
1789707294.4112158,135,hard_flex
1789707294.411284,166,hard_flex
1789707294.411346,168,hard_flex
1789707294.411409,170,hard_flex
1789707294.411468,169,hard_flex
1789707294.4448051,161,hard_flex
1789707294.444882,160,hard_flex
1789707294.4449222,158,hard_flex
1789707294.44496,153,hard_flex
1789707294.444997,149,hard_flex
1789707294.445031,136,hard_flex
1789707294.478755,129,hard_flex
1789707294.4789078,139,hard_flex
1789707294.478994,140,hard_flex
1789707294.4790661,160,hard_flex
1789707294.4791338,178,hard_flex
1789707294.479202,198,hard_flex
1789707294.479282,185,hard_flex
1789707294.512498,195,hard_flex
1789707294.512599,196,hard_flex
1789707294.5126688,181,hard_flex
1789707294.5127318,182,hard_flex
1789707294.512795,206,hard_flex
1789707294.5128582,217,hard_flex
1789707294.546325,207,hard_flex
1789707294.5464451,201,hard_flex
1789707294.5465238,191,hard_flex
1789707294.546593,215,hard_flex
1789707294.546659,217,hard_flex
1789707294.546766,211,hard_flex
1789707294.547441,204,hard_flex
1789707294.58011,191,hard_flex
1789707294.58023,200,hard_flex
1789707294.580338,209,hard_flex
1789707294.5804029,188,hard_flex
1789707294.5804648,183,hard_flex
1789707294.580526,192,hard_flex
1789707294.6139991,191,hard_flex
1789707294.61411,181,hard_flex
1789707294.614182,178,hard_flex
1789707294.6142552,165,hard_flex
1789707294.614332,152,hard_flex
1789707294.6143942,156,hard_flex
1789707294.6477282,152,hard_flex
1789707294.647874,157,hard_flex
1789707294.6479518,159,hard_flex
1789707294.648021,155,hard_flex
1789707294.648087,163,hard_flex
1789707294.648152,163,hard_flex
1789707294.648216,163,hard_flex
1789707294.6815019,149,hard_flex
1789707294.681599,149,hard_flex
1789707294.681664,148,hard_flex
1789707294.681726,135,hard_flex
1789707294.681788,127,hard_flex
1789707294.681848,146,hard_flex
1789707294.715362,158,hard_flex
1789707294.715441,162,hard_flex
1789707294.715484,156,hard_flex
1789707294.715522,171,hard_flex
1789707294.715559,167,hard_flex
1789707294.715596,151,hard_flex
1789707294.715633,148,hard_flex
1789707294.749247,137,hard_flex
1789707294.749356,142,hard_flex
1789707294.7494311,145,hard_flex
1789707294.749506,141,hard_flex
1789707294.749572,145,hard_flex
1789707294.749635,144,hard_flex
1789707294.7829618,184,hard_flex
1789707294.783058,195,hard_flex
1789707294.783124,188,hard_flex
1789707294.783186,182,hard_flex
1789707294.783246,186,hard_flex
1789707294.783306,192,hard_flex
1789707294.816763,174,hard_flex
1789707294.81692,159,hard_flex
1789707294.817006,160,hard_flex
1789707294.817083,163,hard_flex
1789707294.817151,164,hard_flex
1789707294.817217,163,hard_flex
1789707294.8172832,167,hard_flex
1789707294.8506,162,hard_flex
1789707294.85067,163,hard_flex
1789707294.850711,151,hard_flex
1789707294.85075,156,hard_flex
1789707294.8507872,153,hard_flex
1789707294.8508239,186,hard_flex
1789707294.884342,184,hard_flex
1789707294.884446,186,hard_flex
1789707294.884512,177,hard_flex
1789707294.884574,160,hard_flex
1789707294.884635,166,hard_flex
1789707294.884695,161,hard_flex
1789707294.8847558,151,hard_flex
1789707294.9182668,165,hard_flex
1789707294.918366,177,hard_flex
1789707294.918433,181,hard_flex
1789707294.918497,165,hard_flex
1789707294.91856,174,hard_flex
1789707294.918622,180,hard_flex
1789707294.9520571,169,hard_flex
1789707294.952163,155,hard_flex
1789707294.95223,157,hard_flex
1789707294.9522939,169,hard_flex
1789707294.952357,188,hard_flex
1789707294.9524171,191,hard_flex
1789707294.985822,173,hard_flex
1789707294.9859588,155,hard_flex
1789707294.98603,146,hard_flex
1789707294.986093,134,hard_flex
1789707294.986154,151,hard_flex
1789707294.986214,150,hard_flex
1789707294.986274,143,hard_flex
1789707295.019659,141,hard_flex
1789707295.019974,148,hard_flex
1789707295.0200489,159,hard_flex
1789707295.020114,157,hard_flex
1789707295.020176,147,hard_flex
1789707295.0202382,144,hard_flex
1789707295.0533571,134,hard_flex
1789707295.053451,142,hard_flex
1789707295.0535119,146,hard_flex
1789707295.0535731,141,hard_flex
1789707295.053633,181,hard_flex
1789707295.0536919,210,hard_flex
1789707295.053752,229,hard_flex
1789707295.087272,218,hard_flex
1789707295.087369,224,hard_flex
1789707295.087435,221,hard_flex
1789707295.087497,231,hard_flex
1789707295.087559,223,hard_flex
1789707295.087619,211,hard_flex
1789707295.121106,199,hard_flex
1789707295.1212218,185,hard_flex
1789707295.121291,173,hard_flex
1789707295.121362,167,hard_flex
1789707295.12143,158,hard_flex
1789707295.121496,145,hard_flex
1789707295.154863,144,hard_flex
1789707295.155,145,hard_flex
1789707295.155083,146,hard_flex
1789707295.155155,150,hard_flex
1789707295.155193,152,hard_flex
1789707295.1552262,186,hard_flex
1789707295.155259,204,hard_flex
1789707295.1887722,191,hard_flex
1789707295.1888871,184,hard_flex
1789707295.188958,175,hard_flex
1789707295.1890209,177,hard_flex
1789707295.1890838,161,hard_flex
1789707295.189145,156,hard_flex
1789707295.222462,179,hard_flex
1789707295.222563,190,hard_flex
1789707295.222628,193,hard_flex
1789707295.222702,180,hard_flex
1789707295.222767,165,hard_flex
1789707295.222829,151,hard_flex
1789707295.222904,145,hard_flex
1789707295.256362,131,hard_flex
1789707295.256447,123,hard_flex
1789707295.2564878,116,hard_flex
1789707295.256525,111,hard_flex
1789707295.25656,103,hard_flex
1789707295.256595,105,hard_flex
1789707295.291672,103,hard_flex
1789707295.291787,126,hard_flex
1789707295.2918599,123,hard_flex
1789707295.291927,147,hard_flex
1789707295.291988,145,hard_flex
1789707295.292143,146,hard_flex
1789707295.324182,155,hard_flex
1789707295.3244412,155,hard_flex
1789707295.324526,149,hard_flex
1789707295.324596,149,hard_flex
1789707295.3246589,144,hard_flex
1789707295.324828,134,hard_flex
1789707295.324899,122,hard_flex
1789707295.3576288,114,hard_flex
1789707295.357692,109,hard_flex
1789707295.357727,103,hard_flex
1789707295.3577569,102,hard_flex
1789707295.357785,110,hard_flex
1789707295.357813,105,hard_flex
1789707295.39154,138,hard_flex
1789707295.391638,133,hard_flex
1789707295.391702,127,hard_flex
1789707295.391763,141,hard_flex
1789707295.391823,144,hard_flex
1789707295.391881,134,hard_flex
1789707295.39194,136,hard_flex
1789707295.4251678,129,hard_flex
1789707295.425233,129,hard_flex
1789707295.4252748,120,hard_flex
1789707295.425319,123,hard_flex
1789707295.42536,129,hard_flex
1789707295.425401,138,hard_flex
1789707295.459145,153,hard_flex
1789707295.4592419,156,hard_flex
1789707295.459307,169,hard_flex
1789707295.459368,166,hard_flex
1789707295.45943,196,hard_flex
1789707295.459491,210,hard_flex
1789707295.493015,190,hard_flex
1789707295.4931579,199,hard_flex
1789707295.4932349,212,hard_flex
1789707295.4933052,208,hard_flex
1789707295.493387,194,hard_flex
1789707295.493453,179,hard_flex
1789707295.493518,172,hard_flex
1789707295.526834,175,hard_flex
1789707295.526939,176,hard_flex
1789707295.527029,167,hard_flex
1789707295.5270982,171,hard_flex
1789707295.527164,165,hard_flex
1789707295.527225,173,hard_flex
1789707295.560693,165,hard_flex
1789707295.560758,166,hard_flex
1789707295.560797,173,hard_flex
1789707295.560833,169,hard_flex
1789707295.560927,158,hard_flex
1789707295.560972,147,hard_flex
1789707295.56112,135,hard_flex
1789707295.5944471,137,hard_flex
1789707295.59454,156,hard_flex
1789707295.594604,168,hard_flex
1789707295.594666,170,hard_flex
1789707295.5947251,171,hard_flex
1789707295.5947862,163,hard_flex
1789707295.6284852,148,hard_flex
1789707295.628674,158,hard_flex
1789707295.628733,148,hard_flex
1789707295.628781,141,hard_flex
1789707295.628822,128,hard_flex
1789707295.628865,118,hard_flex
1789707295.662001,131,hard_flex
1789707295.6621299,148,hard_flex
1789707295.6622,164,hard_flex
1789707295.662265,156,hard_flex
1789707295.662328,143,hard_flex
1789707295.66239,137,hard_flex
1789707295.662451,127,hard_flex
1789707295.695758,122,hard_flex
1789707295.695819,130,hard_flex
1789707295.695856,132,hard_flex
1789707295.695889,126,hard_flex
1789707295.6959229,145,hard_flex
1789707295.695955,143,hard_flex
1789707295.729704,155,hard_flex
1789707295.7298188,146,hard_flex
1789707295.7298958,151,hard_flex
1789707295.729961,159,hard_flex
1789707295.730023,168,hard_flex
1789707295.7300851,168,hard_flex
1789707295.730162,157,hard_flex
1789707295.763642,161,hard_flex
1789707295.7637398,171,hard_flex
1789707295.763807,166,hard_flex
1789707295.763874,171,hard_flex
1789707295.763941,156,hard_flex
1789707295.76401,145,hard_flex
1789707295.797271,135,hard_flex
1789707295.797374,131,hard_flex
1789707295.797457,126,hard_flex
1789707295.7975209,125,hard_flex
1789707295.797585,126,hard_flex
1789707295.7976499,117,hard_flex
1789707295.831058,118,hard_flex
1789707295.8312562,139,hard_flex
1789707295.8313012,157,hard_flex
1789707295.8313322,150,hard_flex
1789707295.8313699,145,hard_flex
1789707295.831437,149,hard_flex
1789707295.831465,142,hard_flex
1789707295.864901,132,hard_flex
1789707295.8650072,121,hard_flex
1789707295.865076,111,hard_flex
1789707295.86514,113,hard_flex
1789707295.865202,116,hard_flex
1789707295.865262,117,hard_flex
1789707295.898574,135,hard_flex
1789707295.898678,150,hard_flex
1789707295.8987432,171,hard_flex
1789707295.898804,160,hard_flex
1789707295.8988621,148,hard_flex
1789707295.898921,141,hard_flex
1789707295.8989792,139,hard_flex
1789707295.9325702,131,hard_flex
1789707295.932672,121,hard_flex
1789707295.932737,116,hard_flex
1789707295.932797,117,hard_flex
1789707295.932856,128,hard_flex
1789707295.932914,132,hard_flex
1789707295.966399,137,hard_flex
1789707295.9665082,153,hard_flex
1789707295.96658,154,hard_flex
1789707295.966626,138,hard_flex
1789707295.966663,143,hard_flex
1789707295.9667,131,hard_flex
1789707296.00013,129,hard_flex
1789707296.000267,124,hard_flex
1789707296.000329,130,hard_flex
1789707296.0003788,134,hard_flex
1789707296.000431,136,hard_flex
1789707296.000483,139,hard_flex
1789707296.000532,149,hard_flex
1789707296.034065,153,hard_flex
1789707296.0341718,146,hard_flex
1789707296.034227,134,hard_flex
1789707296.0342689,151,hard_flex
1789707296.034306,157,hard_flex
1789707296.034344,154,hard_flex
1789707296.067894,159,hard_flex
1789707296.068018,145,hard_flex
1789707296.068097,167,hard_flex
1789707296.068189,153,hard_flex
1789707296.068259,146,hard_flex
1789707296.068324,148,hard_flex
1789707296.068388,138,hard_flex
1789707296.1018271,129,hard_flex
1789707296.101938,119,hard_flex
1789707296.1020129,111,hard_flex
1789707296.102083,109,hard_flex
1789707296.1021519,115,hard_flex
1789707296.102221,110,hard_flex
1789707296.135974,105,hard_flex
1789707296.1361,137,hard_flex
1789707296.136183,159,hard_flex
1789707296.13626,159,hard_flex
1789707296.136338,160,hard_flex
1789707296.136422,148,hard_flex
1789707296.169209,143,hard_flex
1789707296.169586,137,hard_flex
1789707296.169763,125,hard_flex
1789707296.1698391,117,hard_flex
1789707296.1699069,107,hard_flex
1789707296.1699462,106,hard_flex
1789707296.1699798,106,hard_flex
1789707296.203369,102,hard_flex
1789707296.203733,105,hard_flex
1789707296.203843,114,hard_flex
1789707296.2046778,146,hard_flex
1789707296.204746,140,hard_flex
1789707296.204789,160,hard_flex
1789707296.23707,177,hard_flex
1789707296.237152,172,hard_flex
1789707296.237192,167,hard_flex
1789707296.237233,160,hard_flex
1789707296.237269,155,hard_flex
1789707296.2373161,155,hard_flex
1789707296.237351,158,hard_flex
1789707296.2706718,145,hard_flex
1789707296.270978,155,hard_flex
1789707296.2710788,158,hard_flex
1789707296.271222,144,hard_flex
1789707296.271302,167,hard_flex
1789707296.2714329,184,hard_flex
1789707296.304256,189,hard_flex
1789707296.304335,181,hard_flex
1789707296.304387,168,hard_flex
1789707296.3046012,163,hard_flex
1789707296.30471,155,hard_flex
1789707296.30497,190,hard_flex
1789707296.3382342,213,hard_flex
1789707296.338679,215,hard_flex
1789707296.338745,231,hard_flex
1789707296.3388228,238,hard_flex
1789707296.338957,219,hard_flex
1789707296.339008,204,hard_flex
1789707296.339051,187,hard_flex
1789707296.3719082,177,hard_flex
1789707296.371992,161,hard_flex
1789707296.372043,149,hard_flex
1789707296.372092,135,hard_flex
1789707296.3721442,128,hard_flex
1789707296.372192,119,hard_flex
1789707296.405893,108,hard_flex
1789707296.4060318,109,hard_flex
1789707296.406124,109,hard_flex
1789707296.4061928,106,hard_flex
1789707296.406535,111,hard_flex
1789707296.406605,132,hard_flex
1789707296.40667,145,hard_flex
1789707296.439687,134,hard_flex
1789707296.4397938,131,hard_flex
1789707296.439949,124,hard_flex
1789707296.4400089,117,hard_flex
1789707296.440062,113,hard_flex
1789707296.4401128,106,hard_flex
1789707296.448926,101,hard_flex
1789707296.448999,95,hard_flex
1789707296.4539678,90,hard_flex
1789707296.459337,83,hard_flex
1789707296.464619,93,hard_flex
1789707296.4857862,103,hard_flex
1789707296.485881,103,hard_flex
1789707296.485949,102,hard_flex
1789707296.4860039,98,hard_flex
1789707296.491359,89,hard_flex
1789707296.49623,85,hard_flex
1789707296.501632,81,hard_flex
1789707296.506567,79,hard_flex
1789707296.5118778,75,hard_flex
1789707296.5172212,78,hard_flex
1789707296.524263,75,hard_flex
1789707303.837483,4,rest
1789707303.8375008,94,rest
1789707303.837518,93,rest
1789707303.837528,113,rest
1789707303.837537,135,rest
1789707303.8375459,148,rest
1789707303.837556,142,rest
1789707303.837565,133,rest
1789707303.837573,137,rest
1789707303.837583,147,rest
1789707303.8375921,141,rest
1789707303.837601,137,rest
1789707303.83761,124,rest
1789707303.8376188,115,rest
1789707303.837628,108,rest
1789707303.8376372,122,rest
1789707303.837646,133,rest
1789707303.837655,130,rest
1789707303.837664,125,rest
1789707303.837673,144,rest
1789707303.837682,145,rest
1789707303.8376908,163,rest
1789707303.8376992,179,rest
1789707303.837708,167,rest
1789707303.837717,158,rest
1789707303.837727,175,rest
1789707303.837738,202,rest
1789707303.8377469,191,rest
1789707303.83776,172,rest
1789707303.837769,170,rest
1789707303.8377779,171,rest
1789707303.837787,172,rest
1789707303.8377962,206,rest
1789707303.837805,213,rest
1789707303.837814,223,rest
1789707303.837823,220,rest
1789707303.837832,224,rest
1789707303.8378398,235,rest
1789707303.8378491,213,rest
1789707303.8378592,219,rest
1789707303.837868,210,rest
1789707303.837877,205,rest
1789707303.8378859,197,rest
1789707303.837895,209,rest
1789707303.837904,217,rest
1789707303.837913,217,rest
1789707303.837922,237,rest
1789707303.837931,251,rest
1789707303.83794,252,rest
1789707303.837949,247,rest
1789707303.8379579,235,rest
1789707303.8379672,221,rest
1789707303.837976,205,rest
1789707303.837985,200,rest
1789707303.837997,195,rest
1789707303.8380082,196,rest
1789707303.838017,239,rest
1789707303.838027,276,rest
1789707303.838036,302,rest
1789707303.838049,297,rest
1789707303.838059,295,rest
1789707303.838067,291,rest
1789707303.8380759,295,rest
1789707303.838086,296,rest
1789707303.8380952,317,rest
1789707303.8381052,323,rest
1789707303.838114,299,rest
1789707303.838123,295,rest
1789707303.838132,290,rest
1789707303.838141,281,rest
1789707303.8381498,289,rest
1789707303.838159,275,rest
1789707303.8381681,280,rest
1789707303.838177,296,rest
1789707303.838186,269,rest
1789707303.8381948,250,rest
1789707303.838204,230,rest
1789707303.838214,239,rest
1789707303.8382232,236,rest
1789707303.838232,218,rest
1789707303.838241,260,rest
1789707303.838252,309,rest
1789707303.838262,325,rest
1789707303.838271,418,rest
1789707303.838281,443,rest
1789707303.83829,432,rest
1789707303.838298,411,rest
1789707303.8383071,401,rest
1789707303.838316,378,rest
1789707303.838325,362,rest
1789707303.8383338,365,rest
1789707303.838343,359,rest
1789707303.838352,370,rest
1789707303.8383622,373,rest
1789707303.838371,355,rest
1789707303.83838,339,rest
1789707303.838389,320,rest
1789707303.838398,332,rest
1789707303.8384068,304,rest
1789707303.8384159,291,rest
1789707303.8384252,294,rest
1789707303.838434,267,rest
1789707303.838443,282,rest
1789707303.8384519,308,rest
1789707303.838461,329,rest
1789707303.83847,308,rest
1789707303.838479,305,rest
1789707303.83849,308,rest
1789707303.8385,289,rest
1789707303.838511,285,rest
1789707303.83852,284,rest
1789707303.838529,297,rest
1789707303.838537,305,rest
1789707303.838546,301,rest
1789707303.8385549,317,rest
1789707303.8385642,316,rest
1789707303.8385742,307,rest
1789707303.838583,309,rest
1789707303.8385909,314,rest
1789707303.8386,334,rest
1789707303.838609,327,rest
1789707303.838618,326,rest
1789707303.838627,302,rest
1789707303.838636,292,rest
1789707303.838645,291,rest
1789707303.838654,311,rest
1789707303.8386629,366,rest
1789707303.838672,433,rest
1789707303.838681,414,rest
1789707303.838691,394,rest
1789707303.8387,417,rest
1789707303.8387089,432,rest
1789707303.838718,414,rest
1789707303.838727,421,rest
1789707303.838738,436,rest
1789707303.838748,432,rest
1789707303.838757,473,rest
1789707303.838766,493,rest
1789707303.8387752,490,rest
1789707303.838784,476,rest
1789707303.838793,456,rest
1789707303.8388019,451,rest
1789707303.838811,411,rest
1789707303.83882,499,rest
1789707303.838829,538,rest
1789707303.838838,518,rest
1789707303.838847,487,rest
1789707303.838856,445,rest
1789707303.8388648,402,rest
1789707303.838874,388,rest
1789707303.8388832,401,rest
1789707303.838892,392,rest
1789707303.838901,374,rest
1789707303.8389099,451,rest
1789707303.838919,612,rest
1789707303.838928,683,rest
1789707303.838937,695,rest
1789707303.838946,671,rest
1789707303.838955,617,rest
1789707303.838964,600,rest
1789707303.838973,575,rest
1789707303.838988,533,rest
1789707303.838998,552,rest
1789707303.839007,561,rest
1789707303.839016,653,rest
1789707303.8390248,608,rest
1789707303.839034,648,rest
1789707303.8390431,643,rest
1789707303.839052,621,rest
1789707303.839061,581,rest
1789707303.8390698,536,rest
1789707303.839079,507,rest
1789707303.8390882,641,rest
1789707303.8390982,706,rest
1789707303.839107,824,rest
1789707303.839116,904,rest
1789707303.839125,836,rest
1789707303.839134,800,rest
1789707303.8391418,768,rest
1789707303.839152,719,rest
1789707303.8391612,695,rest
1789707303.83917,667,rest
1789707303.839178,688,rest
1789707303.839187,724,rest
1789707303.839196,701,rest
1789707303.839205,655,rest
1789707303.839214,607,rest
1789707303.8392231,637,rest
1789707303.839234,671,rest
1789707303.839247,656,rest
1789707303.839256,635,rest
1789707303.839266,701,rest
1789707303.8392751,788,rest
1789707303.839284,758,rest
1789707303.839293,725,rest
1789707303.8393018,705,rest
1789707303.8393111,670,rest
1789707303.8393202,762,rest
1789707303.839329,709,rest
1789707303.839338,744,rest
1789707303.839347,780,rest
1789707303.839356,764,rest
1789707303.839365,727,rest
1789707303.839374,667,rest
1789707303.8393831,660,rest
1789707303.839392,613,rest
1789707303.839401,552,rest
1789707303.8394098,768,rest
1789707303.839419,883,rest
1789707303.8394282,872,rest
1789707303.839437,804,rest
1789707303.839446,754,rest
1789707303.839455,703,rest
1789707303.839464,704,rest
1789707303.839473,706,rest
1789707303.839485,661,rest
1789707303.839495,673,rest
1789707303.8395038,645,rest
1789707303.839513,686,rest
1789707303.8395221,669,rest
1789707303.839531,662,rest
1789707303.83954,653,rest
1789707303.8395488,629,rest
1789707303.839558,586,rest
1789707303.8395672,573,rest
1789707303.839576,530,rest
1789707303.839585,527,rest
1789707303.839594,578,rest
1789707303.839603,571,rest
1789707303.839612,606,rest
1789707303.839621,609,rest
1789707303.8396301,586,rest
1789707303.839639,567,rest
1789707303.839648,579,rest
1789707303.839657,550,rest
1789707303.839666,521,rest
1789707303.839675,514,rest
1789707303.839684,508,rest
1789707303.839693,511,rest
1789707303.8397021,480,rest
1789707303.839711,462,rest
1789707303.839722,524,rest
1789707303.839732,595,rest
1789707303.839741,640,rest
1789707303.8397498,597,rest
1789707303.839759,556,rest
1789707303.8397682,518,rest
1789707303.839777,526,rest
1789707303.839786,508,rest
1789707303.8397949,512,rest
1789707303.839804,507,rest
1789707303.8398132,526,rest
1789707303.839822,510,rest
1789707303.839831,500,rest
1789707303.83984,476,rest
1789707303.839848,449,rest
1789707303.8398569,408,rest
1789707303.8398662,395,rest
1789707303.839875,376,rest
1789707303.839884,346,rest
1789707303.839893,314,rest
1789707303.839902,286,rest
1789707303.839911,266,rest
1789707303.83992,245,rest
1789707303.839929,221,rest
1789707303.8399382,222,rest
1789707303.839947,210,rest
1789707303.839956,194,rest
1789707303.839967,217,rest
1789707303.839978,228,rest
1789707303.8399858,228,rest
1789707303.8399959,222,rest
1789707303.8400052,214,rest
1789707303.840013,195,rest
1789707303.840022,178,rest
1789707303.840031,167,rest
1789707303.84004,173,rest
1789707303.8400488,170,rest
1789707303.840058,157,rest
1789707303.8400671,144,rest
1789707303.840076,131,rest
1789707303.840085,121,rest
1789707303.8400939,112,rest
1789707303.840103,101,rest
1789707303.84011,94,rest
1789707303.840118,85,rest
1789707303.8401248,77,rest
1789707303.8401332,72,rest
1789707303.84014,67,rest
1789707303.840148,65,rest
1789707303.840155,61,rest
1789707303.8402119,57,rest
1789707303.84022,54,rest
1789707303.8402271,50,rest
1789707303.840235,52,rest
1789707303.840242,59,rest
1789707303.840249,64,rest
1789707303.8402581,63,rest
1789707303.840267,62,rest
1789707303.840275,58,rest
1789707303.8402822,57,rest
1789707303.84029,56,rest
1789707303.840297,53,rest
1789707303.8403041,54,rest
1789707303.840312,49,rest
1789707303.840319,45,rest
1789707303.8403258,47,rest
1789707303.8403342,45,rest
1789707303.840341,44,rest
1789707303.840348,40,rest
1789707303.840356,40,rest
1789707303.840363,39,rest
1789707303.84037,39,rest
1789707303.840377,37,rest
1789707303.840385,37,rest
1789707303.8403919,35,rest
1789707303.840399,36,rest
1789707303.8404071,33,rest
1789707303.840414,33,rest
1789707303.8404212,32,rest
1789707303.840428,34,rest
1789707303.840436,31,rest
1789707303.840443,30,rest
1789707303.84045,29,rest
1789707303.840458,17,rest
1789707303.8404648,30,rest
1789707303.840472,49,rest
1789707303.84048,52,rest
1789707303.840487,15,rest
1789707303.8404942,29,rest
1789707303.840501,27,rest
1789707303.840511,32,rest
1789707303.8405209,30,rest
1789707303.8405278,30,rest
1789707303.840536,28,rest
1789707303.840543,27,rest
1789707303.84055,30,rest
1789707303.840557,29,rest
1789707303.840565,35,rest
1789707303.8405719,31,rest
1789707303.840579,41,rest
1789707303.840587,27,rest
1789707303.8405938,36,rest
1789707303.8406012,33,rest
1789707303.840609,35,rest
1789707303.840616,28,rest
1789707303.8406231,27,rest
1789707303.840631,27,rest
1789707303.840638,28,rest
1789707303.840645,28,rest
1789707303.840653,28,rest
1789707303.8406599,29,rest
1789707303.8406668,29,rest
1789707303.840675,30,rest
1789707303.840682,30,rest
1789707303.840689,33,rest
1789707303.840697,33,rest
1789707303.840704,32,rest
1789707303.8407109,31,rest
1789707303.8407192,30,rest
1789707303.840726,30,rest
1789707303.8407328,34,rest
1789707303.8407412,33,rest
1789707303.840748,33,rest
1789707303.840758,39,rest
1789707303.840767,41,rest
1789707303.8407738,43,rest
1789707303.8407822,53,rest
1789707303.840789,56,rest
1789707303.840797,52,rest
1789707303.8408058,241,rest
1789707303.840815,380,rest
1789707303.8408241,486,rest
1789707303.840832,558,rest
1789707303.840841,624,rest
1789707303.8408499,683,rest
1789707303.840859,704,rest
1789707303.840866,60,rest
1789707303.840874,56,rest
1789707303.8408809,55,rest
1789707303.840888,56,rest
1789707303.840896,52,rest
1789707303.8409028,50,rest
1789707303.8409102,47,rest
1789707303.840918,45,rest
1789707303.840925,43,rest
1789707303.8409321,42,rest
1789707303.84094,40,rest
1789707303.840947,39,rest
1789707303.840954,40,rest
1789707303.840961,39,rest
1789707303.8409688,36,rest
1789707303.8409758,36,rest
1789707303.8409832,35,rest
1789707303.840991,34,rest
1789707303.841005,36,rest
1789707303.841012,38,rest
1789707303.8410208,35,rest
1789707303.8410282,33,rest
1789707303.841036,33,rest
1789707303.841043,33,rest
1789707303.8410509,33,rest
1789707303.841058,35,rest
1789707303.841065,33,rest
1789707303.8410728,31,rest
1789707303.84108,32,rest
1789707303.8410869,34,rest
1789707303.8410938,33,rest
1789707303.8411021,35,rest
1789707303.841109,35,rest
1789707303.841116,32,rest
1789707303.841124,33,rest
1789707303.841131,35,rest
1789707303.841138,35,rest
1789707303.841145,36,rest
1789707303.841153,37,rest
1789707303.8411598,36,rest
1789707303.8411672,34,rest
1789707303.841175,38,rest
1789707303.841182,37,rest
1789707303.8411899,37,rest
1789707303.841197,38,rest
1789707303.841204,37,rest
1789707303.8412108,34,rest
1789707303.8412192,35,rest
1789707303.841226,35,rest
1789707303.841234,34,rest
1789707303.8412411,34,rest
1789707303.841249,33,rest
1789707303.841258,31,rest
1789707303.841266,32,rest
1789707303.841274,31,rest
1789707303.841281,33,rest
1789707303.8412879,32,rest
1789707303.841296,30,rest
1789707303.841303,28,rest
1789707303.84131,28,rest
1789707303.8413172,32,rest
1789707303.841325,33,rest
1789707303.841332,31,rest
1789707303.8413398,35,rest
1789707303.841352,35,rest
1789707303.8413591,33,rest
1789707303.841367,34,rest
1789707303.841374,34,rest
1789707303.841381,34,rest
1789707303.841389,33,rest
1789707303.8413959,33,rest
1789707303.8414028,31,rest
1789707303.841411,32,rest
1789707303.841418,35,rest
1789707303.841425,34,rest
1789707303.841433,31,rest
1789707303.84144,31,rest
1789707303.8414469,29,rest
1789707303.8414552,29,rest
1789707303.841462,33,rest
1789707303.8414688,32,rest
1789707303.8414772,30,rest
1789707303.841484,30,rest
1789707303.841491,29,rest
1789707303.8414989,30,rest
1789707303.8415082,30,rest
1789707303.8415968,30,rest
1789707303.841606,28,rest
1789707303.841614,28,rest
1789707303.841621,28,rest
1789707303.8416278,27,rest
1789707303.8416362,28,rest
1789707303.841643,27,rest
1789707303.84165,28,rest
1789707303.841658,27,rest
1789707303.841665,26,rest
1789707303.841672,29,rest
1789707303.8416798,30,rest
1789707303.841687,29,rest
1789707303.8416939,28,rest
1789707303.841702,28,rest
1789707303.8417091,28,rest
1789707303.841716,28,rest
1789707303.841724,29,rest
1789707303.841731,28,rest
1789707303.841738,27,rest
1789707303.8417459,27,rest
1789707303.841753,27,rest
1789707303.841761,26,rest
1789707303.841768,29,rest
1789707303.8417752,29,rest
1789707303.841783,28,rest
1789707303.84179,28,rest
1789707303.841797,29,rest
1789707303.841805,28,rest
1789707303.841812,31,rest
1789707303.8418188,32,rest
1789707303.8418272,33,rest
1789707303.841834,32,rest
1789707303.841844,30,rest
1789707303.841851,33,rest
1789707303.84186,34,rest
1789707303.841867,38,rest
1789707303.8418748,38,rest
1789707303.8418822,35,rest
1789707303.8418891,41,rest
1789707303.8418958,41,rest
1789707303.8419042,39,rest
1789707303.841911,37,rest
1789707303.841918,36,rest
1789707303.8419251,36,rest
1789707303.841933,36,rest
1789707303.84194,36,rest
1789707303.8419478,34,rest
1789707303.8419552,36,rest
1789707303.841962,37,rest
1789707303.84197,36,rest
1789707303.8419771,35,rest
1789707303.841984,37,rest
1789707303.841992,36,rest
1789707303.841999,36,rest
1789707303.842006,43,rest
1789707303.8420138,43,rest
1789707303.8420212,41,rest
1789707303.8420281,42,rest
1789707303.842036,41,rest
1789707303.842043,39,rest
1789707303.84205,42,rest
1789707303.842058,42,rest
1789707303.8420649,40,rest
1789707303.842072,39,rest
1789707303.84208,38,rest
1789707303.842087,36,rest
1789707303.8421,37,rest
1789707303.842108,39,rest
1789707303.842117,37,rest
1789707303.842124,36,rest
1789707303.8421319,41,rest
1789707303.8421388,41,rest
1789707303.8421462,41,rest
1789707303.842154,38,rest
1789707303.842161,38,rest
1789707303.842168,39,rest
1789707303.842176,37,rest
1789707303.8421829,37,rest
1789707303.84219,47,rest
1789707303.842197,52,rest
1789707303.8422048,57,rest
1789707303.8422122,66,rest
1789707303.842219,66,rest
1789707303.842226,61,rest
1789707303.8422341,58,rest
1789707303.842241,55,rest
1789707303.842248,55,rest
1789707303.8422558,51,rest
1789707303.842263,52,rest
1789707303.84227,60,rest
1789707303.842278,65,rest
1789707303.8422852,70,rest
1789707303.842292,79,rest
1789707303.8423,78,rest
1789707303.842307,72,rest
1789707303.842314,73,rest
1789707303.8423219,70,rest
1789707303.842329,65,rest
1789707303.842336,61,rest
1789707303.842344,59,rest
1789707303.842358,54,rest
1789707303.842365,52,rest
1789707303.8423738,51,rest
1789707303.842381,48,rest
1789707303.842389,45,rest
1789707303.842396,44,rest
1789707303.8424032,42,rest
1789707303.84241,40,rest
1789707303.842418,38,rest
1789707303.842425,39,rest
1789707303.842432,41,rest
1789707303.84244,39,rest
1789707303.842447,37,rest
1789707303.842454,37,rest
1789707303.8424609,35,rest
1789707303.8424692,34,rest
1789707303.8424761,35,rest
1789707303.842483,34,rest
1789707303.8424902,33,rest
1789707303.842498,33,rest
1789707303.842505,32,rest
1789707303.842512,31,rest
1789707303.84252,31,rest
1789707303.842527,30,rest
1789707303.8425338,31,rest
1789707303.842541,30,rest
1789707303.842549,30,rest
1789707303.842572,30,rest
1789707303.84258,30,rest
1789707303.842587,29,rest
1789707303.8425941,30,rest
1789707303.842601,30,rest
1789707303.842609,30,rest
1789707303.842616,30,rest
1789707303.842626,29,rest
1789707303.842633,30,rest
1789707303.8426418,30,rest
1789707303.842649,30,rest
1789707303.842656,30,rest
1789707303.842664,29,rest
1789707303.8426712,30,rest
1789707303.842678,29,rest
1789707303.842686,28,rest
1789707303.842693,28,rest
1789707303.8427,28,rest
1789707303.842707,27,rest
1789707303.8427148,28,rest
1789707303.842722,28,rest
1789707303.8427289,29,rest
1789707303.842737,29,rest
1789707303.842744,29,rest
1789707303.842751,28,rest
1789707303.842759,28,rest
1789707303.842766,28,rest
1789707303.842773,28,rest
1789707303.8427799,28,rest
1789707303.842788,28,rest
1789707303.842795,29,rest
1789707303.8428018,28,rest
1789707303.8428102,28,rest
1789707303.842817,28,rest
1789707303.842824,28,rest
1789707303.8428319,28,rest
1789707303.842839,27,rest
1789707303.842846,29,rest
1789707303.842853,31,rest
1789707303.842861,38,rest
1789707303.8428679,48,rest
1789707303.8428822,50,rest
1789707303.84289,52,rest
1789707303.842898,58,rest
1789707303.842905,58,rest
1789707303.842913,55,rest
1789707303.8429198,58,rest
1789707303.8429272,56,rest
1789707303.8429341,52,rest
1789707303.842942,53,rest
1789707303.8429492,51,rest
1789707303.842956,48,rest
1789707303.842964,47,rest
1789707303.8429708,46,rest
1789707303.842978,43,rest
1789707303.842985,42,rest
1789707303.8429928,44,rest
1789707303.8430002,41,rest
1789707303.843007,39,rest
1789707303.843014,39,rest
1789707303.843022,38,rest
1789707303.843029,37,rest
1789707303.843036,35,rest
1789707303.843043,35,rest
1789707303.843051,36,rest
1789707303.8430579,34,rest
1789707303.843065,34,rest
1789707303.8430731,32,rest
1789707303.84308,32,rest
1789707303.8430872,30,rest
1789707303.843095,32,rest
1789707303.843102,31,rest
1789707303.8431091,30,rest
1789707303.84312,32,rest
1789707303.843127,32,rest
1789707303.843137,30,rest
1789707303.843146,32,rest
1789707303.843154,32,rest
1789707303.843161,30,rest
1789707303.843168,33,rest
1789707303.843175,34,rest
1789707303.843183,32,rest
1789707303.84319,31,rest
1789707303.8431969,32,rest
1789707303.8432052,31,rest
1789707303.8432121,30,rest
1789707303.843219,32,rest
1789707303.8432262,31,rest
1789707303.843234,30,rest
1789707303.843241,32,rest
1789707303.8432481,31,rest
1789707303.843256,30,rest
1789707303.843263,32,rest
1789707303.8432698,31,rest
1789707303.8432782,30,rest
1789707303.843285,32,rest
1789707303.843292,33,rest
1789707303.8433,32,rest
1789707303.843307,32,rest
1789707303.843314,32,rest
1789707303.843321,30,rest
1789707303.843329,30,rest
1789707303.8433359,30,rest
1789707303.843343,31,rest
1789707303.84335,31,rest
1789707303.843358,30,rest
1789707303.8433652,33,rest
1789707303.843372,35,rest
1789707303.8433821,34,rest
1789707303.84339,32,rest
1789707303.8434,32,rest
1789707303.8434072,32,rest
1789707303.843415,32,rest
1789707303.843422,31,rest
1789707303.843429,34,rest
1789707303.843437,36,rest
1789707303.8434439,34,rest
1789707303.8434508,36,rest
1789707303.8434591,37,rest
1789707303.843466,36,rest
1789707303.843473,35,rest
1789707303.843481,35,rest
1789707303.843488,34,rest
1789707303.843495,33,rest
1789707303.843502,34,rest
1789707303.84351,34,rest
1789707303.8435168,32,rest
1789707303.843524,33,rest
1789707303.843532,33,rest
1789707303.843539,31,rest
1789707303.8435462,32,rest
1789707303.843554,33,rest
1789707303.843561,31,rest
1789707303.843568,32,rest
1789707303.843575,35,rest
1789707303.8435829,33,rest
1789707303.843591,34,rest
1789707303.843599,36,rest
1789707303.843606,35,rest
1789707303.8436139,34,rest
1789707303.843621,34,rest
1789707303.8436291,33,rest
1789707303.8436391,32,rest
1789707303.843648,32,rest
1789707303.843659,32,rest
1789707303.843668,31,rest
1789707303.843678,32,rest
1789707303.8436868,31,rest
1789707303.8436968,30,rest
1789707303.843704,30,rest
1789707303.843712,29,rest
1789707303.843719,30,rest
1789707303.843727,30,rest
1789707303.843734,29,rest
1789707303.843742,29,rest
1789707303.843751,29,rest
1789707303.843761,29,rest
1789707303.84377,29,rest
1789707303.8437781,28,rest
1789707303.8438022,28,rest
1789707303.843814,28,rest
1789707303.8438232,29,rest
1789707303.843832,28,rest
1789707303.843841,29,rest
1789707303.843849,30,rest
1789707303.843858,30,rest
1789707303.843866,29,rest
1789707303.843874,31,rest
1789707303.843883,30,rest
1789707303.843891,30,rest
1789707303.843901,32,rest
1789707303.84395,31,rest
1789707303.8439622,30,rest
1789707303.84397,31,rest
1789707303.843978,30,rest
1789707303.843987,29,rest
1789707303.843997,30,rest
1789707303.8440058,29,rest
1789707303.8440151,30,rest
1789707303.844023,29,rest
1789707303.8440309,30,rest
1789707303.844039,30,rest
1789707303.844047,29,rest
1789707303.844055,29,rest
1789707303.844064,28,rest
1789707303.8440719,27,rest
1789707303.8440802,30,rest
1789707303.844088,30,rest
1789707303.8440971,29,rest
1789707303.844104,29,rest
1789707303.844112,28,rest
1789707303.844119,27,rest
1789707303.844127,28,rest
1789707303.8441339,28,rest
1789707303.8441422,28,rest
1789707303.8441489,28,rest
1789707303.844157,27,rest
1789707303.8441641,27,rest
1789707303.844172,27,rest
1789707303.844179,28,rest
1789707303.8441868,27,rest
1789707303.8441951,26,rest
1789707303.844202,27,rest
1789707303.84421,28,rest
1789707303.844217,29,rest
1789707303.8442261,28,rest
1789707303.8442361,28,rest
1789707303.844245,27,rest
1789707303.844254,28,rest
1789707303.844264,27,rest
1789707303.8442729,27,rest
1789707303.8442812,27,rest
1789707303.844289,27,rest
1789707303.844298,28,rest
1789707303.844306,27,rest
1789707303.8443131,27,rest
1789707303.844321,27,rest
1789707303.844328,27,rest
1789707303.844336,27,rest
1789707303.8443441,27,rest
1789707303.844351,26,rest
1789707303.844359,29,rest
1789707303.844366,29,rest
1789707303.844374,29,rest
1789707303.8443809,29,rest
1789707303.8443892,28,rest
1789707303.844396,28,rest
1789707303.844404,29,rest
1789707303.844411,29,rest
1789707303.844419,30,rest
1789707303.844426,30,rest
1789707303.844434,30,rest
1789707303.8444412,30,rest
1789707303.8444521,30,rest
1789707303.84446,28,rest
1789707303.844467,29,rest
1789707303.8444748,29,rest
1789707303.8444831,30,rest
1789707303.84449,29,rest
1789707303.844498,28,rest
1789707303.844505,28,rest
1789707303.844513,29,rest
1789707303.844522,30,rest
1789707303.8445299,31,rest
1789707303.8445382,30,rest
1789707303.8445451,30,rest
1789707303.844553,31,rest
1789707303.84456,31,rest
1789707303.844568,30,rest
1789707303.844575,30,rest
1789707303.8445828,29,rest
1789707303.8445902,28,rest
1789707303.844598,27,rest
1789707303.844606,27,rest
1789707303.844613,28,rest
1789707303.844621,27,rest
1789707303.8446279,27,rest
1789707303.844636,27,rest
1789707303.844643,26,rest
1789707303.844651,28,rest
1789707303.844658,27,rest
1789707303.844666,27,rest
1789707303.844673,28,rest
1789707303.844681,28,rest
1789707303.844688,28,rest
1789707303.844696,28,rest
1789707303.844703,27,rest
1789707303.8447108,27,rest
1789707303.8447192,26,rest
1789707303.844726,27,rest
1789707303.844734,27,rest
1789707303.844741,26,rest
1789707303.844749,26,rest
1789707303.844756,26,rest
1789707303.844764,25,rest
1789707303.844778,27,rest
1789707303.844787,26,rest
1789707303.844794,26,rest
1789707303.8448021,27,rest
1789707303.84481,26,rest
1789707303.844817,26,rest
1789707303.844825,26,rest
1789707303.844832,26,rest
1789707303.84484,27,rest
1789707303.8448472,28,rest
1789707303.844855,28,rest
1789707303.844862,27,rest
1789707303.8448699,26,rest
1789707303.844877,27,rest
1789707303.844885,27,rest
1789707303.8448918,26,rest
1789707303.8449001,26,rest
1789707303.844907,26,rest
1789707303.844915,26,rest
1789707303.844922,27,rest
1789707303.84493,27,rest
1789707303.8449368,26,rest
1789707303.844945,27,rest
1789707303.844952,27,rest
1789707303.84496,27,rest
1789707303.8449678,28,rest
1789707303.844992,28,rest
1789707303.845001,27,rest
1789707303.845011,27,rest
1789707303.8450198,28,rest
1789707303.8450282,27,rest
1789707303.845035,27,rest
1789707303.845043,28,rest
1789707303.845056,28,rest
1789707303.845064,27,rest
1789707303.845073,28,rest
1789707303.845081,28,rest
1789707303.845088,28,rest
1789707303.845095,28,rest
1789707303.845103,27,rest
1789707303.84511,26,rest
1789707303.845118,27,rest
1789707303.8451278,28,rest
1789707303.845137,27,rest
1789707303.8451462,27,rest
1789707303.845155,26,rest
1789707303.845163,27,rest
1789707303.845171,27,rest
1789707303.8451788,27,rest
1789707303.8451872,29,rest
1789707303.845197,29,rest
1789707303.845205,28,rest
1789707303.845213,29,rest
1789707303.84522,29,rest
1789707303.845228,28,rest
1789707303.8452349,29,rest
1789707303.845243,30,rest
1789707303.8452501,30,rest
1789707303.845258,29,rest
1789707303.845265,30,rest
1789707303.845273,29,rest
1789707303.84528,29,rest
1789707303.845288,30,rest
1789707303.8452952,30,rest
1789707303.845303,28,rest
1789707303.84531,30,rest
1789707303.8453178,29,rest
1789707303.8453279,29,rest
1789707303.845336,30,rest
1789707303.845345,30,rest
1789707303.845352,29,rest
1789707303.84536,30,rest
1789707303.845367,31,rest
1789707303.845375,30,rest
1789707303.845382,30,rest
1789707303.84539,30,rest
1789707303.845397,29,rest
1789707303.8454049,29,rest
1789707303.845412,28,rest
1789707303.8454201,28,rest
1789707303.845427,27,rest
1789707303.845435,28,rest
1789707303.845442,28,rest
1789707303.84545,29,rest
1789707303.8454568,28,rest
1789707303.8454652,27,rest
1789707303.845472,28,rest
1789707303.84548,28,rest
1789707303.845487,28,rest
1789707303.845494,28,rest
1789707303.845502,28,rest
1789707303.84551,29,rest
1789707303.8455172,28,rest
1789707303.845525,28,rest
1789707303.845532,30,rest
1789707303.84554,31,rest
1789707303.845547,32,rest
1789707303.8455548,30,rest
1789707303.8455622,31,rest
1789707303.84557,33,rest
1789707303.845577,33,rest
1789707303.8455849,32,rest
1789707303.845592,31,rest
1789707303.8456,30,rest
1789707303.8456068,30,rest
1789707303.8456151,29,rest
1789707303.845622,29,rest
1789707303.84563,30,rest
1789707303.845637,29,rest
1789707303.845645,28,rest
1789707303.8456519,28,rest
1789707303.84566,29,rest
1789707303.845668,28,rest
1789707303.845675,29,rest
1789707303.8456829,29,rest
1789707303.84569,28,rest
1789707303.845698,28,rest
1789707303.845705,28,rest
1789707303.845713,28,rest
1789707303.84572,30,rest
1789707303.845728,29,rest
1789707303.8457348,29,rest
1789707303.8457432,31,rest
1789707303.84575,30,rest
1789707303.845758,29,rest
1789707303.845765,29,rest
1789707303.845773,28,rest
1789707303.84578,29,rest
1789707303.845788,29,rest
1789707303.8457952,29,rest
1789707303.845803,29,rest
1789707303.84581,29,rest
1789707303.845818,29,rest
1789707303.845827,29,rest
1789707303.845855,28,rest
1789707303.8458638,29,rest
1789707303.8458729,29,rest
1789707303.845881,28,rest
1789707303.845896,30,rest
1789707303.8459039,30,rest
1789707303.8459232,29,rest
1789707303.8459442,29,rest
1789707303.846038,28,rest
1789707303.846049,29,rest
1789707303.846058,28,rest
1789707303.846067,28,rest
1789707303.846076,28,rest
1789707303.846084,28,rest
1789707303.846102,28,rest
1789707303.846111,28,rest
1789707303.8461199,28,rest
1789707303.8461282,30,rest
1789707303.846137,30,rest
1789707303.846145,29,rest
1789707303.846155,29,rest
1789707303.846163,28,rest
1789707303.8461719,27,rest
1789707303.8461812,28,rest
1789707303.8461912,29,rest
1789707303.8462,28,rest
1789707303.84621,28,rest
1789707303.84622,29,rest
1789707303.846229,28,rest
1789707303.846239,28,rest
1789707303.846248,28,rest
1789707303.846258,28,rest
1789707303.846265,27,rest
1789707303.846273,27,rest
1789707303.846281,28,rest
1789707303.846288,28,rest
1789707303.846296,28,rest
1789707303.846304,28,rest
1789707303.8463109,27,rest
1789707303.8463192,29,rest
1789707303.846327,29,rest
1789707303.846335,29,rest
1789707303.8463418,29,rest
1789707303.8463502,29,rest
1789707303.846358,28,rest
1789707303.846365,29,rest
1789707303.846373,31,rest
1789707303.846381,30,rest
1789707303.8463879,29,rest
1789707303.846396,29,rest
1789707303.846404,28,rest
1789707303.846412,27,rest
1789707303.8464189,27,rest
1789707303.846427,27,rest
1789707303.846435,26,rest
1789707303.846442,28,rest
1789707303.8464499,28,rest
1789707303.8464582,27,rest
1789707303.846465,29,rest
1789707303.846473,28,rest
1789707303.84648,27,rest
1789707303.846488,29,rest
1789707303.846496,29,rest
1789707303.846503,29,rest
1789707303.8465111,29,rest
1789707303.846519,29,rest
1789707303.8465269,29,rest
1789707303.8465338,28,rest
1789707303.8465421,28,rest
1789707303.846549,28,rest
1789707303.846557,27,rest
1789707303.846565,29,rest
1789707303.846572,28,rest
1789707303.84658,30,rest
1789707303.846588,29,rest
1789707303.846595,28,rest
1789707303.846603,28,rest
1789707303.8466098,28,rest
1789707303.8466182,28,rest
1789707303.846626,30,rest
1789707303.846633,30,rest
1789707303.8466408,29,rest
1789707303.8466492,28,rest
1789707303.846657,28,rest
1789707303.846664,29,rest
1789707303.8466718,29,rest
1789707303.846679,28,rest
1789707303.846687,29,rest
1789707303.846695,29,rest
1789707303.846702,28,rest
1789707303.84671,29,rest
1789707303.8467178,28,rest
1789707303.846726,27,rest
1789707303.846734,28,rest
1789707303.846742,27,rest
1789707303.8467488,28,rest
1789707303.8467572,28,rest
1789707303.846764,27,rest
1789707303.846772,27,rest
1789707303.8467798,27,rest
1789707303.846787,27,rest
1789707303.846795,27,rest
1789707303.846803,27,rest
1789707303.84681,27,rest
1789707303.846818,26,rest
1789707303.846826,26,rest
1789707303.846833,27,rest
1789707303.846841,26,rest
1789707303.846848,26,rest
1789707303.8468559,26,rest
1789707303.846864,26,rest
1789707303.8468711,26,rest
1789707303.846879,26,rest
1789707303.8468869,25,rest
1789707303.846894,26,rest
1789707303.8469021,26,rest
1789707303.846909,27,rest
1789707303.8469172,27,rest
1789707303.846925,26,rest
1789707303.846932,26,rest
1789707303.8469398,27,rest
1789707303.846947,27,rest
1789707303.846955,27,rest
1789707303.846962,27,rest
1789707303.8469708,27,rest
1789707303.846978,27,rest
1789707303.846986,26,rest
1789707303.846993,27,rest
1789707303.847001,27,rest
1789707303.847008,26,rest
1789707303.8470159,26,rest
1789707303.8470242,27,rest
1789707303.847032,28,rest
1789707303.847039,28,rest
1789707303.8470469,28,rest
1789707303.8470552,28,rest
1789707303.847062,28,rest
1789707303.84707,27,rest
1789707303.8470778,27,rest
1789707303.847085,28,rest
1789707303.847093,28,rest
1789707303.8471,27,rest
1789707303.8471081,27,rest
1789707303.847116,26,rest
1789707303.847123,28,rest
1789707303.8471308,28,rest
1789707303.8471382,27,rest
1789707303.847146,27,rest
1789707303.847154,26,rest
1789707303.847161,27,rest
1789707303.847169,27,rest
1789707303.847177,27,rest
1789707303.847184,27,rest
1789707303.847192,27,rest
1789707303.8472,27,rest
1789707303.8472068,27,rest
1789707303.8472152,26,rest
1789707303.847222,27,rest
1789707303.84723,26,rest
1789707303.8472378,26,rest
1789707303.847245,26,rest
1789707303.847253,26,rest
1789707303.847261,26,rest
1789707303.847268,26,rest
1789707303.847276,26,rest
1789707303.847283,27,rest
1789707303.847291,29,rest
1789707303.847299,29,rest
1789707303.847306,29,rest
1789707303.847314,28,rest
1789707303.847321,28,rest
1789707303.8473291,28,rest
1789707303.847337,27,rest
1789707303.8473442,27,rest
1789707303.847352,28,rest
1789707303.847359,27,rest
1789707303.8473668,27,rest
1789707303.8521369,27,rest
1789707303.8571289,27,rest
1789707303.862566,28,rest
1789707303.867831,28,rest
1789707303.873066,28,rest
1789707303.8782332,28,rest
1789707303.883641,28,rest
1789707303.88881,27,rest
1789707303.894156,27,rest
1789707303.8992991,26,rest
1789707303.9045062,27,rest
1789707303.9098089,27,rest
1789707303.9150898,27,rest
1789707303.920204,27,rest
1789707303.925556,26,rest
1789707303.9307861,26,rest
1789707303.9360352,26,rest
1789707303.941306,26,rest
1789707303.946473,25,rest
1789707303.951832,25,rest
1789707303.95698,25,rest
1789707303.962228,26,rest
1789707303.9675891,26,rest
1789707303.972801,26,rest
1789707303.977941,26,rest
1789707303.983179,26,rest
1789707303.988511,26,rest
1789707303.993833,26,rest
1789707303.999062,26,rest
1789707304.004396,27,rest
1789707304.0095758,27,rest
1789707304.014512,27,rest
1789707304.02008,27,rest
1789707304.0252988,26,rest
1789707304.03054,26,rest
1789707304.035937,27,rest
1789707304.040993,27,rest
1789707304.04616,27,rest
1789707304.051353,26,rest
1789707304.0568588,26,rest
1789707304.062068,27,rest
1789707304.0673542,27,rest
1789707304.0724192,27,rest
1789707304.077843,27,rest
1789707304.082984,26,rest
1789707304.0881548,27,rest
1789707304.093269,27,rest
1789707304.0987608,28,rest
1789707304.1038852,28,rest
1789707304.109071,27,rest
1789707304.11436,28,rest
1789707304.119601,27,rest
1789707304.1253161,26,rest
1789707304.1299589,27,rest
1789707304.1353972,27,rest
1789707304.140599,27,rest
1789707304.14589,27,rest
1789707304.150969,26,rest
1789707304.1575732,26,rest
1789707304.1615481,26,rest
1789707304.1669078,26,rest
1789707304.1719239,26,rest
1789707304.177236,26,rest
1789707304.182485,25,rest
1789707304.187645,28,rest
1789707304.193022,28,rest
1789707304.198262,28,rest
1789707304.203799,28,rest
1789707304.2086668,28,rest
1789707304.214008,27,rest
1789707304.21922,27,rest
1789707304.224633,27,rest
1789707304.229434,28,rest
1789707304.235001,27,rest
1789707304.240253,27,rest
1789707304.245465,27,rest
1789707304.25064,26,rest
1789707304.256053,26,rest
1789707304.261086,26,rest
1789707304.266313,26,rest
1789707304.2715101,27,rest
1789707304.276939,28,rest
1789707304.2820039,29,rest
1789707304.2872362,29,rest
1789707304.292524,28,rest
1789707304.297822,27,rest
1789707304.303382,28,rest
1789707304.308265,28,rest
1789707304.3136609,27,rest
1789707304.3189278,27,rest
1789707304.32412,28,rest
1789707304.329209,28,rest
1789707304.3345568,27,rest
1789707304.3397171,26,rest
1789707304.3448808,26,rest
1789707304.350115,26,rest
1789707304.3553889,26,rest
1789707304.360615,27,rest
1789707304.366018,26,rest
1789707304.371199,27,rest
1789707304.3764951,28,rest
1789707304.38185,29,rest
1789707304.3867881,28,rest
1789707304.3921542,27,rest
1789707304.397374,27,rest
1789707304.402792,26,rest
1789707304.407849,26,rest
1789707304.413068,26,rest
1789707304.418405,26,rest
1789707304.4236522,26,rest
1789707304.4287622,25,rest
1789707304.434119,25,rest
1789707304.439324,26,rest
1789707304.44449,27,rest
1789707304.4496992,26,rest
1789707304.455113,27,rest
1789707304.460337,27,rest
1789707304.4655519,26,rest
1789707304.470926,27,rest
1789707304.4760761,27,rest
1789707304.481167,27,rest
1789707304.4864168,27,rest
1789707304.4917388,26,rest
1789707304.496895,27,rest
1789707304.5022998,27,rest
1789707304.507474,27,rest
1789707304.512807,27,rest
1789707304.5179899,27,rest
1789707304.523176,26,rest
1789707304.528405,27,rest
1789707304.5338812,27,rest
1789707304.538935,27,rest
1789707304.544168,27,rest
1789707304.549453,27,rest
1789707304.554673,27,rest
1789707304.559776,27,rest
1789707304.565127,27,rest
1789707304.570781,28,rest
1789707304.57584,27,rest
1789707304.580739,27,rest
1789707304.58606,28,rest
1789707304.5912561,28,rest
1789707304.596652,27,rest
1789707304.6018162,27,rest
1789707304.6070678,27,rest
1789707304.6123142,27,rest
1789707304.617644,27,rest
1789707304.6233652,27,rest
1789707304.627956,27,rest
1789707304.633417,27,rest
1789707304.6383822,27,rest
1789707304.643761,26,rest
1789707304.648968,26,rest
1789707304.654212,27,rest
1789707304.659391,27,rest
1789707304.664664,27,rest
1789707304.670058,27,rest
1789707304.675344,27,rest
1789707304.680522,26,rest
1789707304.68567,26,rest
1789707304.6908958,26,rest
1789707304.696131,28,rest
1789707304.701497,27,rest
1789707304.706676,27,rest
1789707304.7119832,28,rest
1789707304.717076,27,rest
1789707304.722332,28,rest
1789707304.727583,28,rest
1789707304.733233,27,rest
1789707304.738507,29,rest
1789707304.7435148,28,rest
1789707304.748617,28,rest
1789707304.75393,28,rest
1789707304.759048,27,rest
1789707304.7657359,28,rest
1789707304.7696571,29,rest
1789707304.775261,28,rest
1789707304.780002,28,rest
1789707304.785253,28,rest
1789707304.79106,27,rest
1789707304.79566,27,rest
1789707304.8010392,27,rest
1789707304.806277,26,rest
1789707304.811462,26,rest
1789707304.816671,26,rest
1789707304.8218188,26,rest
1789707304.82729,27,rest
1789707304.832476,27,rest
1789707304.837695,27,rest
1789707304.8429718,27,rest
1789707304.848177,27,rest
1789707304.853459,27,rest
1789707304.858583,27,rest
1789707304.864104,27,rest
1789707304.869233,27,rest
1789707304.8743129,27,rest
1789707304.87963,27,rest
1789707304.884937,26,rest
1789707304.8908632,26,rest
1789707304.896496,26,rest
1789707304.900621,26,rest
1789707304.905885,26,rest
1789707304.91118,26,rest
1789707304.9162712,26,rest
1789707304.921512,26,rest
1789707304.926922,26,rest
1789707304.932064,26,rest
1789707304.937361,27,rest
1789707304.942476,27,rest
1789707304.94799,26,rest
1789707304.952936,27,rest
1789707304.958157,27,rest
1789707304.9633632,27,rest
1789707304.968738,27,rest
1789707304.9738839,27,rest
1789707304.979054,26,rest
1789707304.984352,25,rest
1789707304.98969,26,rest
1789707304.9947982,26,rest
1789707305.000215,26,rest
1789707305.005451,27,rest
1789707305.010776,27,rest
1789707305.015954,27,rest
1789707305.021179,27,rest
1789707305.0264618,27,rest
1789707305.031668,26,rest
1789707305.036961,27,rest
1789707305.042202,26,rest
1789707305.047214,27,rest
1789707305.05262,27,rest
1789707305.057909,26,rest
1789707305.0631301,27,rest
1789707305.068345,27,rest
1789707305.0742989,28,rest
1789707305.0787158,28,rest
1789707305.084026,27,rest
1789707305.089282,27,rest
1789707305.0944571,28,rest
1789707305.099776,27,rest
1789707305.1050088,27,rest
1789707305.1101289,27,rest
1789707305.1153998,27,rest
1789707305.120636,27,rest
1789707305.12587,27,rest
1789707305.1311529,27,rest
1789707305.136555,27,rest
1789707305.141887,27,rest
1789707305.146893,27,rest
1789707305.151969,27,rest
1789707305.1574101,26,rest
1789707305.162672,26,rest
1789707305.167918,27,rest
1789707305.173105,26,rest
1789707305.178486,26,rest
1789707305.183806,26,rest
1789707305.1888268,26,rest
1789707305.194127,27,rest
1789707305.199486,27,rest
1789707305.204513,27,rest
1789707305.209725,27,rest
1789707305.215062,27,rest
1789707305.220319,27,rest
1789707305.225429,27,rest
1789707305.2307541,28,rest
1789707305.236168,28,rest
1789707305.2413812,27,rest
1789707305.246449,27,rest
1789707305.2517571,27,rest
1789707305.257143,28,rest
1789707305.2622988,28,rest
1789707305.267564,28,rest
1789707305.272724,28,rest
1789707305.2780008,27,rest
1789707305.283084,27,rest
1789707305.288434,27,rest
1789707305.2936618,27,rest
1789707305.299139,27,rest
1789707305.304182,27,rest
1789707305.3094301,27,rest
1789707305.314713,27,rest
1789707305.319972,27,rest
1789707305.325187,27,rest
1789707305.33061,27,rest
1789707305.335757,27,rest
1789707305.340859,27,rest
1789707305.3460128,28,rest
1789707305.351377,27,rest
1789707305.356683,27,rest
1789707305.361821,27,rest
1789707305.367168,27,rest
1789707305.372971,27,rest
1789707305.3776588,27,rest
1789707305.382704,26,rest
1789707305.388004,26,rest
1789707305.393216,27,rest
1789707305.398622,27,rest
1789707305.403759,26,rest
1789707305.409039,26,rest
1789707305.414262,27,rest
1789707305.4193769,27,rest
1789707305.424812,26,rest
1789707305.4300742,27,rest
1789707305.435467,26,rest
1789707305.4405499,26,rest
1789707305.4458282,26,rest
1789707305.451178,26,rest
1789707305.456459,26,rest
1789707305.461406,27,rest
1789707305.466688,27,rest
1789707305.47187,28,rest
1789707305.477289,27,rest
1789707305.482424,27,rest
1789707305.487676,28,rest
1789707305.493073,28,rest
1789707305.4981902,29,rest
1789707305.503544,28,rest
1789707305.508683,28,rest
1789707305.513955,28,rest
1789707305.5190709,29,rest
1789707305.5264199,28,rest
1789707305.529747,29,rest
1789707305.53511,28,rest
1789707305.5399349,28,rest
1789707305.5453818,28,rest
1789707305.5506592,28,rest
1789707305.55601,27,rest
1789707305.561672,28,rest
1789707305.566442,28,rest
1789707305.5715468,28,rest
1789707305.576768,28,rest
1789707305.582124,27,rest
1789707305.587418,28,rest
1789707305.592555,28,rest
1789707305.5977888,28,rest
1789707305.6031091,28,rest
1789707305.608315,27,rest
1789707305.6136472,28,rest
1789707305.618736,28,rest
1789707305.624097,27,rest
1789707305.629291,27,rest
1789707305.634489,27,rest
1789707305.6396742,27,rest
1789707305.644992,28,rest
1789707305.650261,28,rest
1789707305.655691,28,rest
1789707305.6605701,28,rest
1789707305.665965,28,rest
1789707305.6712892,28,rest
1789707305.6763258,27,rest
1789707305.681621,28,rest
1789707305.686902,29,rest
1789707305.6925151,28,rest
1789707305.697324,28,rest
1789707305.702705,28,rest
1789707305.707936,27,rest
1789707305.71315,27,rest
1789707305.7182841,27,rest
1789707305.725087,26,rest
1789707305.728797,27,rest
1789707305.734038,26,rest
1789707305.739156,26,rest
1789707305.7445529,26,rest
1789707305.749868,26,rest
1789707305.754959,25,rest
1789707305.760208,25,rest
1789707305.765576,25,rest
1789707305.770891,28,rest
1789707305.775937,29,rest
1789707305.7813041,28,rest
1789707305.7865229,28,rest
1789707305.791614,27,rest
1789707305.7969222,27,rest
1789707305.802279,27,rest
1789707305.807543,26,rest
1789707305.812586,27,rest
1789707305.817861,28,rest
1789707305.824391,27,rest
1789707305.828326,29,rest
1789707305.8337018,28,rest
1789707305.838897,29,rest
1789707305.844327,29,rest
1789707305.8492658,29,rest
1789707305.8545332,28,rest
1789707305.8598442,28,rest
1789707305.865212,28,rest
1789707305.870455,27,rest
1789707305.8755672,27,rest
1789707305.880775,28,rest
1789707305.886143,28,rest
1789707305.891235,27,rest
1789707305.896564,27,rest
1789707305.9018729,27,rest
1789707305.9071832,27,rest
1789707305.912201,27,rest
1789707305.917527,27,rest
1789707305.922814,28,rest
1789707305.9279182,28,rest
1789707305.933331,28,rest
1789707305.9384189,28,rest
1789707305.943805,28,rest
1789707305.948878,27,rest
1789707305.954196,29,rest
1789707305.959473,29,rest
1789707305.964913,28,rest
1789707305.970693,28,rest
1789707305.975196,28,rest
1789707305.9805892,28,rest
1789707305.985612,29,rest
1789707305.9908109,28,rest
1789707305.996105,28,rest
1789707306.001468,27,rest
1789707306.006478,27,rest
1789707306.0117629,29,rest
1789707306.017121,28,rest
1789707306.0224051,28,rest
1789707306.027508,30,rest
1789707306.0329301,30,rest
1789707306.038492,29,rest
1789707306.043197,29,rest
1789707306.048446,30,rest
1789707306.053733,30,rest
1789707306.059126,30,rest
1789707306.063995,29,rest
1789707306.0695748,29,rest
1789707306.074809,28,rest
1789707306.080054,28,rest
1789707306.085139,28,rest
1789707306.0910149,28,rest
1789707306.095573,29,rest
1789707306.1010702,28,rest
1789707306.106045,29,rest
1789707306.111443,29,rest
1789707306.116749,28,rest
1789707306.12181,28,rest
1789707306.1271172,28,rest
1789707306.132482,28,rest
1789707306.1376882,32,rest
1789707306.1428108,28,rest
1789707306.148082,29,rest
1789707306.153339,29,rest
1789707306.158684,28,rest
1789707306.163847,30,rest
1789707306.169116,29,rest
1789707306.174397,28,rest
1789707306.17964,29,rest
1789707306.184789,28,rest
1789707306.190093,28,rest
1789707306.195284,28,rest
1789707306.2004411,27,rest
1789707306.205728,27,rest
1789707306.2110121,27,rest
1789707306.2163389,27,rest
1789707306.221466,28,rest
1789707306.2285068,28,rest
1789707306.232065,28,rest
1789707306.237333,27,rest
1789707306.242453,27,rest
1789707306.247692,27,rest
1789707306.253035,27,rest
1789707306.258795,26,rest
1789707306.263226,25,rest
1789707306.2687192,27,rest
1789707306.27398,28,rest
1789707306.279109,27,rest
1789707306.284373,27,rest
1789707306.291882,28,rest
1789707306.294917,27,rest
1789707306.3001049,27,rest
1789707306.305255,27,rest
1789707306.310731,27,rest
1789707306.315994,26,rest
1789707306.321005,28,rest
1789707306.326369,28,rest
1789707306.331635,29,rest
1789707306.336967,28,rest
1789707306.342046,27,rest
1789707306.3472252,28,rest
1789707306.352523,28,rest
1789707306.358616,27,rest
1789707306.362808,27,rest
1789707306.36832,27,rest
1789707306.373599,27,rest
1789707306.378586,27,rest
1789707306.383805,27,rest
1789707306.389073,29,rest
1789707306.394434,28,rest
1789707306.399604,27,rest
1789707306.4048278,28,rest
1789707306.4101582,28,rest
1789707306.41539,28,rest
1789707306.4208572,29,rest
1789707306.425911,28,rest
1789707306.431256,28,rest
1789707306.436435,29,rest
1789707306.441656,29,rest
1789707306.4467971,28,rest
1789707306.4521239,29,rest
1789707306.457372,29,rest
1789707306.462569,28,rest
1789707306.467925,28,rest
1789707306.473174,29,rest
1789707306.478231,29,rest
1789707306.483613,29,rest
1789707306.488814,29,rest
1789707306.4939678,29,rest
1789707306.499348,28,rest
1789707306.5047061,29,rest
1789707306.50981,29,rest
1789707306.5149372,28,rest
1789707306.520161,29,rest
1789707306.525541,28,rest
1789707306.530807,27,rest
1789707306.536004,30,rest
1789707306.541196,29,rest
1789707306.546575,29,rest
1789707306.551544,31,rest
1789707306.557039,33,rest
1789707306.562141,32,rest
1789707306.567559,31,rest
1789707306.5727282,30,rest
1789707306.577888,30,rest
1789707306.583095,29,rest
1789707306.588446,31,rest
1789707306.593508,30,rest
1789707306.598958,30,rest
1789707306.604074,32,rest
1789707306.609319,31,rest
1789707306.614499,30,rest
1789707306.619683,31,rest
1789707306.6249979,30,rest
1789707306.630211,29,rest
1789707306.635623,31,rest
1789707306.64083,32,rest
1789707306.646044,30,rest
1789707306.651137,30,rest
1789707306.656592,30,rest
1789707306.6616268,30,rest
1789707306.667103,30,rest
1789707306.672127,29,rest
1789707306.677557,29,rest
1789707306.6826901,29,rest
1789707306.688004,29,rest
1789707306.693216,29,rest
1789707306.6985118,28,rest
1789707306.704093,28,rest
1789707306.70887,28,rest
1789707306.7140648,28,rest
1789707306.719378,28,rest
1789707306.72495,27,rest
1789707306.730002,28,rest
1789707306.73525,27,rest
1789707306.7406652,27,rest
1789707306.7457259,27,rest
1789707306.750836,26,rest
1789707306.7560651,27,rest
1789707306.7613719,27,rest
1789707306.766634,26,rest
1789707306.771738,27,rest
1789707306.7771,28,rest
1789707306.782379,27,rest
1789707306.787412,27,rest
1789707306.792768,28,rest
1789707306.7981381,28,rest
1789707306.805676,28,rest
1789707306.808477,27,rest
1789707306.813901,27,rest
1789707306.819021,27,rest
1789707306.8241642,26,rest
1789707306.829438,27,rest
1789707306.834908,26,rest
1789707306.839999,27,rest
1789707306.8452039,26,rest
1789707306.8504362,26,rest
1789707306.855774,27,rest
1789707306.860851,27,rest
1789707306.86654,27,rest
1789707306.871325,27,rest
1789707306.876742,28,rest
1789707306.8819368,29,rest
1789707306.887073,29,rest
1789707306.892342,29,rest
1789707306.897781,28,rest
1789707306.903061,29,rest
1789707306.908082,28,rest
1789707306.9133499,28,rest
1789707306.918564,29,rest
1789707306.9238882,32,rest
1789707306.9290721,31,rest
1789707306.934391,30,rest
1789707306.93962,37,rest
1789707306.944725,36,rest
1789707306.949915,36,rest
1789707306.955329,47,rest
1789707306.960608,66,rest
1789707306.9658082,91,rest
1789707306.998865,140,rest
1789707306.9989572,280,rest
1789707306.9990232,361,rest
1789707306.999087,388,rest
1789707306.999149,375,rest
1789707306.999211,358,rest
1789707307.032717,361,rest
1789707307.0328178,355,rest
1789707307.0328891,335,rest
1789707307.032958,315,rest
1789707307.033025,301,rest
1789707307.033089,278,rest
1789707307.066483,262,rest
1789707307.066585,250,rest
1789707307.066634,232,rest
1789707307.066674,233,rest
1789707307.0667121,257,rest
1789707307.0667489,273,rest
1789707307.066785,266,rest
1789707307.100669,256,rest
1789707307.100767,243,rest
1789707307.100835,236,rest
1789707307.101108,231,rest
1789707307.1011782,215,rest
1789707307.101241,198,rest
1789707307.134123,197,rest
1789707307.134207,198,rest
1789707307.134259,201,rest
1789707307.134305,214,rest
1789707307.1343439,223,rest
1789707307.1343849,200,rest
1789707307.1344268,181,rest
1789707307.168083,163,rest
1789707307.168194,165,rest
1789707307.168273,174,rest
1789707307.168343,179,rest
1789707307.168413,191,rest
1789707307.16848,198,rest
1789707307.2017448,200,rest
1789707307.201856,209,rest
1789707307.201926,215,rest
1789707307.2019908,211,rest
1789707307.2020538,212,rest
1789707307.2021172,218,rest
1789707307.235581,215,rest
1789707307.2357,214,rest
1789707307.2357702,216,rest
1789707307.2358348,207,rest
1789707307.235899,197,rest
1789707307.2359622,193,rest
1789707307.2360241,183,rest
1789707307.269386,170,rest
1789707307.2694888,165,rest
1789707307.269569,159,rest
1789707307.269748,151,rest
1789707307.269891,142,rest
1789707307.2699609,133,rest
1789707307.3034801,125,rest
1789707307.3035789,126,rest
1789707307.303822,127,rest
1789707307.3039,121,rest
1789707307.303948,121,rest
1789707307.303993,122,rest
1789707307.3040361,117,rest
1789707307.337298,116,rest
1789707307.3374321,119,rest
1789707307.337505,113,rest
1789707307.337564,111,rest
1789707307.337612,113,rest
1789707307.337656,108,rest
1789707307.351446,103,rest
1789707307.351529,102,rest
1789707307.351583,96,rest
1789707307.357517,88,rest
1789707307.361723,86,rest
1789707307.367166,82,rest
1789707307.372353,75,rest
1789707307.377883,73,rest
1789707307.3827572,71,rest
1789707307.3879051,65,rest
1789707307.3932438,63,rest
1789707307.398705,62,rest
1789707307.4038038,57,rest
1789707307.409067,55,rest
1789707307.414217,58,rest
1789707307.419471,54,rest
1789707307.424735,51,rest
1789707307.429898,52,rest
1789707307.435312,50,rest
1789707307.4403682,46,rest
1789707307.4457421,49,rest
1789707307.450936,47,rest
1789707307.456272,45,rest
1789707307.461483,46,rest
1789707307.466738,46,rest
1789707307.47201,42,rest
1789707307.477234,45,rest
1789707307.4822872,47,rest
1789707307.487616,44,rest
1789707307.492905,44,rest
1789707307.498228,45,rest
1789707307.50343,43,rest
1789707307.508736,41,rest
1789707307.513851,43,rest
1789707307.5189629,41,rest
1789707307.5243678,39,rest
1789707307.529566,40,rest
1789707307.5348961,39,rest
1789707307.54005,37,rest
1789707307.545214,36,rest
1789707307.550536,35,rest
1789707307.555695,34,rest
1789707307.5607271,34,rest
1789707307.566123,33,rest
1789707307.5714402,33,rest
1789707307.576617,33,rest
1789707307.5816991,33,rest
1789707307.586964,33,rest
1789707307.5923069,32,rest
1789707307.597443,33,rest
1789707307.602783,32,rest
1789707307.608051,31,rest
1789707307.613319,31,rest
1789707307.618426,32,rest
1789707307.623759,31,rest
1789707307.629049,32,rest
1789707307.634388,31,rest
1789707307.6394382,30,rest
1789707307.644717,32,rest
1789707307.649985,33,rest
1789707307.6552892,32,rest
1789707307.660386,33,rest
1789707307.665805,34,rest
1789707307.67103,33,rest
1789707307.676206,33,rest
1789707307.681408,37,rest
1789707307.686686,35,rest
1789707307.69217,35,rest
1789707307.6971788,38,rest
1789707307.702676,36,rest
1789707307.707743,35,rest
1789707307.712996,38,rest
1789707307.718116,38,rest
1789707307.723828,36,rest
1789707307.7287412,40,rest
1789707307.734218,40,rest
1789707307.7394428,38,rest
1789707307.744492,41,rest
1789707307.749774,42,rest
1789707307.754873,39,rest
1789707307.7601311,40,rest
1789707307.765576,41,rest
1789707307.771137,39,rest
1789707307.775867,38,rest
1789707307.781117,40,rest
1789707307.7864,38,rest
1789707307.791639,36,rest
1789707307.796869,37,rest
1789707307.802141,36,rest
1789707307.8074088,34,rest
1789707307.8124568,36,rest
1789707307.817777,35,rest
1789707307.824227,34,rest
1789707307.829493,34,rest
1789707307.833667,34,rest
1789707307.838735,33,rest
1789707307.844055,32,rest
1789707307.849151,31,rest
1789707307.85442,31,rest
1789707307.859841,32,rest
1789707307.865162,32,rest
1789707307.8703492,32,rest
1789707307.87549,31,rest
1789707307.8807192,31,rest
1789707307.8860228,32,rest
1789707307.8912299,31,rest
1789707307.8964212,30,rest
1789707307.901837,31,rest
1789707307.907094,31,rest
1789707307.912148,30,rest
1789707307.9173381,30,rest
1789707307.922718,30,rest
1789707307.927924,31,rest
1789707307.933294,31,rest
1789707307.938549,30,rest
1789707307.943786,32,rest
1789707307.9487748,32,rest
1789707307.9541361,31,rest
1789707307.959371,32,rest
1789707307.9646301,35,rest
1789707307.9697862,34,rest
1789707307.975165,33,rest
1789707307.9803479,35,rest
1789707307.9854279,34,rest
1789707307.990848,33,rest
1789707307.995921,34,rest
1789707308.0014179,33,rest
1789707308.006499,32,rest
1789707308.0117161,33,rest
1789707308.016948,32,rest
1789707308.022227,32,rest
1789707308.02739,32,rest
1789707308.0327702,31,rest
1789707308.038015,31,rest
1789707308.043276,31,rest
1789707308.048345,31,rest
1789707308.053653,30,rest
1789707308.059009,30,rest
1789707308.064136,31,rest
1789707308.0694761,30,rest
1789707308.0748138,29,rest
1789707308.079872,30,rest
1789707308.0850298,29,rest
1789707308.090709,29,rest
1789707308.095594,29,rest
1789707308.101064,29,rest
1789707308.106015,29,rest
1789707308.1113741,29,rest
1789707308.116607,28,rest
1789707308.121928,28,rest
1789707308.127003,30,rest
1789707308.132406,31,rest
1789707308.13771,30,rest
1789707308.142731,30,rest
1789707308.147979,32,rest
1789707308.1532328,30,rest
1789707308.158623,30,rest
1789707308.163716,31,rest
1789707308.169127,30,rest
1789707308.1743019,29,rest
1789707308.179559,30,rest
1789707308.1846578,30,rest
1789707308.190295,29,rest
1789707308.195093,30,rest
1789707308.2007139,30,rest
1789707308.2056088,30,rest
1789707308.2109172,30,rest
1789707308.216188,29,rest
1789707308.221335,29,rest
1789707308.227405,28,rest
1789707308.2320158,28,rest
1789707308.2373178,28,rest
1789707308.242385,28,rest
1789707308.2475772,30,rest
1789707308.252934,29,rest
1789707308.258249,29,rest
1789707308.26352,30,rest
1789707308.26863,29,rest
1789707308.2740211,28,rest
1789707308.279125,29,rest
1789707308.2842062,29,rest
1789707308.289891,28,rest
1789707308.2949572,30,rest
1789707308.300046,30,rest
1789707308.305229,29,rest
1789707308.310538,30,rest
1789707308.315747,30,rest
1789707308.320904,29,rest
1789707308.326219,29,rest
1789707308.3315918,29,rest
1789707308.33695,29,rest
1789707308.3419452,28,rest
1789707308.347181,29,rest
1789707308.352436,29,rest
1789707308.357902,28,rest
1789707308.362859,29,rest
1789707308.3682811,29,rest
1789707308.373556,28,rest
1789707308.378589,29,rest
1789707308.3838909,28,rest
1789707308.3890839,28,rest
1789707308.394382,29,rest
1789707308.3996549,28,rest
1789707308.4048069,28,rest
1789707308.410166,28,rest
1789707308.415404,29,rest
1789707308.420562,28,rest
1789707308.4259179,29,rest
1789707308.4311428,30,rest
1789707308.4365041,30,rest
1789707308.441561,29,rest
1789707308.446867,29,rest
1789707308.452068,30,rest
1789707308.4577658,29,rest
1789707308.462744,29,rest
1789707308.467812,29,rest
1789707308.473142,28,rest
1789707308.478204,29,rest
1789707308.483433,29,rest
1789707308.489056,29,rest
1789707308.49402,29,rest
1789707308.499197,28,rest
1789707308.5046341,28,rest
1789707308.509799,28,rest
1789707308.514815,28,rest
1789707308.520301,29,rest
1789707308.525429,29,rest
1789707308.530764,29,rest
1789707308.5359411,29,rest
1789707308.54119,28,rest
1789707308.546405,29,rest
1789707308.55172,30,rest
1789707308.5569332,29,rest
1789707308.562131,29,rest
1789707308.567498,29,rest
1789707308.572907,29,rest
1789707308.5778072,30,rest
1789707308.583067,30,rest
1789707308.588384,30,rest
1789707308.593594,30,rest
1789707308.5988638,30,rest
1789707308.604032,30,rest
1789707308.609371,29,rest
1789707308.6144252,29,rest
1789707308.619734,29,rest
1789707308.625091,29,rest
1789707308.6303842,29,rest
1789707308.6355588,29,rest
1789707308.6407979,28,rest
1789707308.645998,30,rest
1789707308.651411,30,rest
1789707308.656449,30,rest
1789707308.661868,30,rest
1789707308.667099,30,rest
1789707308.672087,30,rest
1789707308.677391,30,rest
1789707308.6826959,30,rest
1789707308.687884,30,rest
1789707308.6931388,30,rest
1789707308.698453,30,rest
1789707308.703904,30,rest
1789707308.708996,30,rest
1789707308.7141309,30,rest
1789707308.71933,30,rest
1789707308.724813,29,rest
1789707308.729952,29,rest
1789707308.735141,29,rest
1789707308.740393,29,rest
1789707308.74563,28,rest
1789707308.7507992,28,rest
1789707308.756054,29,rest
1789707308.761315,29,rest
1789707308.766498,28,rest
1789707308.771687,28,rest
1789707308.777069,28,rest
1789707308.782292,28,rest
1789707308.787437,28,rest
1789707308.7927191,28,rest
1789707308.7980459,29,rest
1789707308.803364,28,rest
1789707308.808599,27,rest
1789707308.813759,28,rest
1789707308.818922,28,rest
1789707308.824256,27,rest
1789707308.829383,28,rest
1789707308.834801,28,rest
1789707308.84029,28,rest
1789707308.845093,28,rest
1789707308.8503501,28,rest
1789707308.855644,29,rest
1789707308.860907,28,rest
1789707308.866133,28,rest
1789707308.8718138,28,rest
1789707308.876642,28,rest
1789707308.8819442,29,rest
1789707308.887167,28,rest
1789707308.89242,28,rest
1789707308.8976629,29,rest
1789707308.903397,28,rest
1789707308.907951,28,rest
1789707308.9132109,29,rest
1789707308.91858,30,rest
1789707308.9238908,29,rest
1789707308.9288561,30,rest
1789707308.934368,30,rest
1789707308.939611,29,rest
1789707308.944711,28,rest
1789707308.949923,28,rest
1789707308.955167,30,rest
1789707308.960581,29,rest
1789707308.965817,28,rest
1789707308.970968,29,rest
1789707308.976238,28,rest
1789707308.981483,29,rest
1789707308.9865391,29,rest
1789707308.991942,28,rest
1789707308.9971998,29,rest
1789707309.002395,29,rest
1789707309.007639,28,rest
1789707309.012866,28,rest
1789707309.01812,28,rest
1789707309.023886,28,rest
1789707309.0285199,28,rest
1789707309.034082,28,rest
1789707309.03909,28,rest
1789707309.044297,28,rest
1789707309.049526,28,rest
1789707309.05481,28,rest
1789707309.060021,28,rest
1789707309.065323,29,rest
1789707309.070695,29,rest
1789707309.075905,29,rest
1789707309.080933,29,rest
1789707309.086315,29,rest
1789707309.0915682,28,rest
1789707309.0969112,29,rest
1789707309.10197,29,rest
1789707309.107313,28,rest
1789707309.112455,28,rest
1789707309.117801,28,rest
1789707309.122911,29,rest
1789707309.128225,29,rest
1789707309.133569,28,rest
1789707309.138792,29,rest
1789707309.1438951,30,rest
1789707309.149193,30,rest
1789707309.1544409,30,rest
1789707309.159917,29,rest
1789707309.164983,29,rest
1789707309.170346,29,rest
1789707309.175404,28,rest
1789707309.1805031,29,rest
1789707309.1858099,29,rest
1789707309.190936,29,rest
1789707309.196262,29,rest
1789707309.201447,30,rest
1789707309.2067451,30,rest
1789707309.211976,29,rest
1789707309.217213,29,rest
1789707309.222322,29,rest
1789707309.227736,31,rest
1789707309.232933,31,rest
1789707309.238106,31,rest
1789707309.243306,31,rest
1789707309.2486558,30,rest
1789707309.253917,30,rest
1789707309.259077,30,rest
1789707309.2642791,30,rest
1789707309.269707,30,rest
1789707309.274871,30,rest
1789707309.279973,29,rest
1789707309.285255,30,rest
1789707309.290516,29,rest
1789707309.2956722,30,rest
1789707309.300997,30,rest
1789707309.306272,31,rest
1789707309.311507,31,rest
1789707309.316651,30,rest
1789707309.321905,30,rest
1789707309.327233,30,rest
1789707309.3325481,29,rest
1789707309.337651,30,rest
1789707309.342942,29,rest
1789707309.348275,29,rest
1789707309.353615,29,rest
1789707309.3587232,29,rest
1789707309.364026,29,rest
1789707309.3694668,29,rest
1789707309.374401,29,rest
1789707309.379649,28,rest
1789707309.384932,28,rest
1789707309.390066,29,rest
1789707309.3952808,29,rest
1789707309.400577,28,rest
1789707309.405952,29,rest
1789707309.411152,28,rest
1789707309.4163148,28,rest
1789707309.4218261,30,rest
1789707309.4270751,29,rest
1789707309.432205,28,rest
1789707309.437597,29,rest
1789707309.442611,28,rest
1789707309.447863,27,rest
1789707309.452966,28,rest
1789707309.4582558,28,rest
1789707309.463521,28,rest
1789707309.468868,28,rest
1789707309.4739358,27,rest
1789707309.479316,27,rest
1789707309.484619,28,rest
1789707309.489952,28,rest
1789707309.4950242,28,rest
1789707309.500443,27,rest
1789707309.5058272,28,rest
1789707309.5108411,27,rest
1789707309.515981,27,rest
1789707309.5212128,29,rest
1789707309.526669,29,rest
1789707309.531824,27,rest
1789707309.537159,28,rest
1789707309.5423849,27,rest
1789707309.547626,27,rest
1789707309.552686,29,rest
1789707309.558113,29,rest
1789707309.563197,28,rest
1789707309.568647,28,rest
1789707309.573813,29,rest
1789707309.5790122,28,rest
1789707309.584237,29,rest
1789707309.589505,30,rest
1789707309.594763,29,rest
1789707309.600055,28,rest
1789707309.605279,29,rest
1789707309.610532,29,rest
1789707309.6157398,29,rest
1789707309.620883,28,rest
1789707309.6261399,28,rest
1789707309.631335,28,rest
1789707309.636705,27,rest
1789707309.641925,27,rest
1789707309.64715,28,rest
1789707309.652247,28,rest
1789707309.6578078,27,rest
1789707309.662915,27,rest
1789707309.6680908,27,rest
1789707309.6736,26,rest
1789707309.678578,27,rest
1789707309.6838841,27,rest
1789707309.6889012,27,rest
1789707309.69444,28,rest
1789707309.699739,27,rest
1789707309.704871,27,rest
1789707309.71001,29,rest
1789707309.715243,29,rest
1789707309.720469,28,rest
1789707309.7257211,28,rest
1789707309.7310011,29,rest
1789707309.736467,28,rest
1789707309.7415638,28,rest
1789707309.7467651,29,rest
1789707309.751955,28,rest
1789707309.757272,27,rest
1789707309.7624488,27,rest
1789707309.767732,27,rest
1789707309.773126,28,rest
1789707309.778198,28,rest
1789707309.783287,28,rest
1789707309.788616,27,rest
1789707309.7937942,27,rest
1789707309.799307,28,rest
1789707309.8043861,29,rest
1789707309.809759,28,rest
1789707309.8148422,28,rest
1789707309.8200681,27,rest
1789707309.8252668,26,rest
1789707309.8306801,27,rest
1789707309.836035,27,rest
1789707309.8412092,27,rest
1789707309.846275,27,rest
1789707309.851524,27,rest
1789707309.8569841,26,rest
1789707309.861991,26,rest
1789707309.8674612,26,rest
1789707309.872562,27,rest
1789707309.8778188,26,rest
1789707309.882884,25,rest
1789707309.8881931,24,rest
1789707309.8934982,25,rest
1789707309.8988512,25,rest
1789707309.9039192,25,rest
1789707309.909197,25,rest
1789707309.914434,25,rest
1789707309.91979,25,rest
1789707309.9249961,25,rest
1789707309.9301581,25,rest
1789707309.935485,26,rest
1789707309.940623,25,rest
1789707309.945827,25,rest
1789707309.951125,25,rest
1789707309.956613,24,rest
1789707309.9615848,25,rest
1789707309.9669352,25,rest
1789707309.972131,25,rest
1789707309.977416,25,rest
1789707309.982503,25,rest
1789707309.9877381,25,rest
1789707309.993473,25,rest
1789707309.998462,26,rest
1789707310.003674,26,rest
1789707310.0088031,25,rest
1789707310.01404,25,rest
1789707310.019124,25,rest
1789707310.024564,25,rest
1789707310.02972,25,rest
1789707310.03513,26,rest
1789707310.040232,25,rest
1789707310.0454981,24,rest
1789707310.05071,24,rest
1789707310.0565262,25,rest
1789707310.0610418,25,rest
1789707310.0664792,25,rest
1789707310.071734,24,rest
1789707310.07695,24,rest
1789707310.082135,24,rest
1789707310.087467,24,rest
1789707310.092694,25,rest
1789707310.097961,26,rest
1789707310.1034791,25,rest
1789707310.1085372,24,rest
1789707310.113767,23,rest
1789707310.1188428,24,rest
1789707310.124081,25,rest
1789707310.1294038,25,rest
1789707310.134722,24,rest
1789707310.139851,24,rest
1789707310.145005,24,rest
1789707310.150224,24,rest
1789707310.155273,24,rest
1789707310.160755,24,rest
1789707310.166073,24,rest
1789707310.171254,24,rest
1789707310.176524,24,rest
1789707310.1817842,24,rest
1789707310.187134,25,rest
1789707310.192262,25,rest
1789707310.197578,24,rest
1789707310.202927,24,rest
1789707310.208031,23,rest
1789707310.213206,24,rest
1789707310.218404,24,rest
1789707310.223827,24,rest
1789707310.231292,24,rest
1789707310.234323,24,rest
1789707310.239296,24,rest
1789707310.244694,24,rest
1789707310.2509189,24,rest
1789707310.255121,25,rest
1789707310.2604642,24,rest
1789707310.265901,23,rest
1789707310.2709749,23,rest
1789707310.2761312,24,rest
1789707310.281409,24,rest
1789707310.286593,25,rest
1789707310.29197,25,rest
1789707310.297045,25,rest
1789707310.3025239,24,rest
1789707310.307609,24,rest
1789707310.3128378,25,rest
1789707310.3180091,25,rest
1789707310.323243,24,rest
1789707310.328522,24,rest
1789707310.3336792,24,rest
1789707310.338944,23,rest
1789707310.3442,24,rest
1789707310.34939,25,rest
1789707310.35467,25,rest
1789707310.3598342,24,rest
1789707310.365338,24,rest
1789707310.370419,23,rest
1789707310.375807,24,rest
1789707310.3809059,25,rest
1789707310.386176,25,rest
1789707310.391395,24,rest
1789707310.396661,24,rest
1789707310.402046,24,rest
1789707310.407285,23,rest
1789707310.4123251,23,rest
1789707310.417589,24,rest
1789707310.423083,23,rest
1789707310.428399,23,rest
1789707310.4334452,23,rest
1789707310.438829,24,rest
1789707310.443892,24,rest
1789707310.44886,24,rest
1789707310.45414,24,rest
1789707310.45951,23,rest
1789707310.464782,23,rest
1789707310.4700701,24,rest
1789707310.475322,24,rest
1789707310.480597,25,rest
1789707310.485905,24,rest
1789707310.491296,23,rest
1789707310.496423,23,rest
1789707310.501697,24,rest
1789707310.506849,25,rest
1789707310.5119731,25,rest
1789707310.517237,24,rest
1789707310.5224671,24,rest
1789707310.5277271,24,rest
1789707310.53302,24,rest
1789707310.538382,25,rest
1789707310.5435252,25,rest
1789707310.548599,24,rest
1789707310.553845,24,rest
1789707310.559256,24,rest
1789707310.564381,23,rest
1789707310.571884,24,rest
1789707310.57487,25,rest
1789707310.580214,24,rest
1789707310.585299,23,rest
1789707310.5907898,22,rest
1789707310.595881,23,rest
1789707310.601291,24,rest
1789707310.606333,24,rest
1789707310.611476,24,rest
1789707310.61684,23,rest
1789707310.622122,23,rest
1789707310.627231,23,rest
1789707310.63277,23,rest
1789707310.637801,24,rest
1789707310.6430058,23,rest
1789707310.6481652,23,rest
1789707310.6534789,23,rest
1789707310.658827,23,rest
1789707310.664002,23,rest
1789707310.669321,24,rest
1789707310.674625,23,rest
1789707310.679762,23,rest
1789707310.684932,23,rest
1789707310.690319,23,rest
1789707310.6955771,24,rest
1789707310.700892,25,rest
1789707310.705975,25,rest
1789707310.711231,24,rest
1789707310.7164679,24,rest
1789707310.721529,25,rest
1789707310.726985,25,rest
1789707310.732255,25,rest
1789707310.737441,25,rest
1789707310.7426581,24,rest
1789707310.747778,24,rest
1789707310.753241,25,rest
1789707310.7584279,25,rest
1789707310.76355,25,rest
1789707310.7689412,26,rest
1789707310.774084,25,rest
1789707310.779179,24,rest
1789707310.7844841,25,rest
1789707310.790242,25,rest
1789707310.795091,25,rest
1789707310.800301,24,rest
1789707310.805491,24,rest
1789707310.8107572,23,rest
1789707310.8160472,23,rest
1789707310.821059,23,rest
1789707310.826557,24,rest
1789707310.831672,24,rest
1789707310.837086,24,rest
1789707310.842113,24,rest
1789707310.847274,25,rest
1789707310.852511,25,rest
1789707310.8578088,25,rest
1789707310.8629918,25,rest
1789707310.868385,25,rest
1789707310.873685,24,rest
1789707310.878693,25,rest
1789707310.8840919,25,rest
1789707310.891307,25,rest
1789707310.8946052,26,rest
1789707310.899953,25,rest
1789707310.905091,25,rest
1789707310.910437,24,rest
1789707310.915662,25,rest
1789707310.920774,25,rest
1789707310.926015,25,rest
1789707310.93149,25,rest
1789707310.9366589,25,rest
1789707310.941901,25,rest
1789707310.9472268,26,rest
1789707310.9524622,27,rest
1789707310.9574342,26,rest
1789707310.962801,25,rest
1789707310.96821,25,rest
1789707310.9734652,25,rest
1789707310.9784472,26,rest
1789707310.9837482,27,rest
1789707310.9890392,26,rest
1789707310.994362,25,rest
1789707310.999528,24,rest
1789707311.004918,24,rest
1789707311.010022,25,rest
1789707311.015286,25,rest
1789707311.0204532,26,rest
1789707311.0262542,26,rest
1789707311.031095,24,rest
1789707311.036408,24,rest
1789707311.0413451,25,rest
1789707311.0466812,25,rest
1789707311.051866,25,rest
1789707311.0571158,24,rest
1789707311.0623739,23,rest
1789707311.067734,24,rest
1789707311.072997,24,rest
1789707311.0779378,25,rest
1789707311.083473,25,rest
1789707311.088587,25,rest
1789707311.093772,25,rest
1789707311.099143,25,rest
1789707311.1043441,26,rest
1789707311.109612,26,rest
1789707311.114708,26,rest
1789707311.11997,25,rest
1789707311.125341,24,rest
1789707311.130584,24,rest
1789707311.135873,25,rest
1789707311.141126,25,rest
1789707311.146183,25,rest
1789707311.1516201,25,rest
1789707311.157205,24,rest
1789707311.161843,24,rest
1789707311.167393,25,rest
1789707311.172392,26,rest
1789707311.177751,26,rest
1789707311.182891,26,rest
1789707311.1881752,25,rest
1789707311.193335,25,rest
1789707311.1987321,25,rest
1789707311.203978,26,rest
1789707311.2093172,27,rest
1789707311.214289,26,rest
1789707311.219581,25,rest
1789707311.2249851,24,rest
1789707311.22997,25,rest
1789707311.23545,26,rest
1789707311.240656,26,rest
1789707311.245782,25,rest
1789707311.251075,24,rest
1789707311.2564218,24,rest
1789707311.2616189,25,rest
1789707311.266758,25,rest
1789707311.27204,26,rest
1789707311.277235,25,rest
1789707311.2824728,25,rest
1789707311.287811,24,rest
1789707311.2930298,24,rest
1789707311.298327,25,rest
1789707311.3037078,26,rest
1789707311.308885,25,rest
1789707311.3139808,24,rest
1789707311.3191822,25,rest
1789707311.324606,25,rest
1789707311.3295639,26,rest
1789707311.3351629,25,rest
1789707311.340236,24,rest
1789707311.345269,24,rest
1789707311.350601,24,rest
1789707311.35585,25,rest
1789707311.361144,25,rest
1789707311.366539,25,rest
1789707311.37152,25,rest
1789707311.376865,25,rest
1789707311.382117,23,rest
1789707311.387232,24,rest
1789707311.392548,25,rest
1789707311.3978722,26,rest
1789707311.403278,25,rest
1789707311.4082408,24,rest
1789707311.413534,23,rest
1789707311.418723,25,rest
1789707311.424582,25,rest
1789707311.429087,25,rest
1789707311.434751,25,rest
1789707311.439751,24,rest
1789707311.444926,24,rest
1789707311.450111,24,rest
1789707311.455505,26,rest
1789707311.4607842,25,rest
1789707311.466049,24,rest
1789707311.471156,24,rest
1789707311.4764721,24,rest
1789707311.481826,24,rest
1789707311.486913,25,rest
1789707311.492137,25,rest
1789707311.497462,24,rest
1789707311.5026119,24,rest
1789707311.507906,23,rest
1789707311.513066,24,rest
1789707311.518485,25,rest
1789707311.5236402,25,rest
1789707311.5289059,24,rest
1789707311.534177,24,rest
1789707311.539503,24,rest
1789707311.544379,24,rest
1789707311.54988,24,rest
1789707311.5550349,25,rest
1789707311.560151,24,rest
1789707311.565641,23,rest
1789707311.570787,23,rest
1789707311.576127,24,rest
1789707311.581246,24,rest
1789707311.5865011,25,rest
1789707311.591826,26,rest
1789707311.597035,25,rest
1789707311.602283,25,rest
1789707311.607557,25,rest
1789707311.6125581,26,rest
1789707311.618029,26,rest
1789707311.6235552,26,rest
1789707311.628421,25,rest
1789707311.633878,25,rest
1789707311.6388218,26,rest
1789707311.644256,26,rest
1789707311.649386,26,rest
1789707311.6547441,26,rest
1789707311.6598709,26,rest
1789707311.665205,25,rest
1789707311.670569,26,rest
1789707311.6757278,26,rest
1789707311.68079,25,rest
1789707311.686054,27,rest
1789707311.6916091,26,rest
1789707311.696651,25,rest
1789707311.7018838,26,rest
1789707311.707052,26,rest
1789707311.712349,26,rest
1789707311.717512,26,rest
1789707311.723136,26,rest
1789707311.728044,25,rest
1789707311.7334049,25,rest
1789707311.738508,26,rest
1789707311.743684,25,rest
1789707311.74911,25,rest
1789707311.754327,24,rest
1789707311.759404,24,rest
1789707311.764744,24,rest
1789707311.770143,25,rest
1789707311.775296,25,rest
1789707311.7803679,25,rest
1789707311.785743,25,rest
1789707311.791013,24,rest
1789707311.796062,24,rest
1789707311.801376,24,rest
1789707311.806667,24,rest
1789707311.811883,26,rest
1789707311.817046,25,rest
1789707311.822241,23,rest
1789707311.828216,24,rest
1789707311.832978,24,rest
1789707311.837945,25,rest
1789707311.8433301,25,rest
1789707311.848691,24,rest
1789707311.8539038,24,rest
1789707311.858997,24,rest
1789707311.8643782,25,rest
1789707311.8697321,25,rest
1789707311.87478,25,rest
1789707311.880064,25,rest
1789707311.885243,25,rest
1789707311.890839,24,rest
1789707311.895651,24,rest
1789707311.901128,25,rest
1789707311.906334,32,rest
1789707311.911575,34,rest
1789707311.916673,37,rest
1789707311.923286,40,rest
1789707311.9272032,38,rest
1789707311.932687,37,rest
1789707311.937763,36,rest
1789707311.943161,34,rest
1789707311.94829,33,rest
1789707311.95338,31,rest
1789707311.958812,31,rest
1789707311.964588,32,rest
1789707311.9693818,31,rest
1789707311.974349,30,rest
1789707311.979657,29,rest
1789707311.98487,28,rest
1789707311.990297,27,rest
1789707311.9952881,28,rest
1789707312.0006568,27,rest
1789707312.005984,26,rest
1789707312.011041,26,rest
1789707312.0162802,25,rest
1789707312.021605,25,rest
1789707312.02684,26,rest
1789707312.032073,26,rest
1789707312.037259,26,rest
1789707312.042627,25,rest
1789707312.04779,25,rest
1789707312.0528939,25,rest
1789707312.058272,26,rest
1789707312.0636,26,rest
1789707312.068971,26,rest
1789707312.0739698,24,rest
1789707312.079227,24,rest
1789707312.084469,25,rest
1789707312.0898502,25,rest
1789707312.09479,26,rest
1789707312.100302,25,rest
1789707312.105716,25,rest
1789707312.1105568,25,rest
1789707312.1158552,25,rest
1789707312.1210968,26,rest
1789707312.126414,25,rest
1789707312.1315799,25,rest
1789707312.136965,25,rest
1789707312.142238,24,rest
1789707312.147296,24,rest
1789707312.152533,25,rest
1789707312.157831,25,rest
1789707312.1630561,26,rest
1789707312.168434,26,rest
1789707312.173525,25,rest
1789707312.178814,25,rest
1789707312.184014,26,rest
1789707312.189462,26,rest
1789707312.194486,26,rest
1789707312.1998742,25,rest
1789707312.2050612,25,rest
1789707312.2102652,24,rest
1789707312.2155762,24,rest
1789707312.220753,25,rest
1789707312.225905,25,rest
1789707312.232397,24,rest
1789707312.236616,23,rest
1789707312.241861,24,rest
1789707312.246899,25,rest
1789707312.2522008,25,rest
1789707312.257549,25,rest
1789707312.262671,24,rest
1789707312.2678971,24,rest
1789707312.273268,23,rest
1789707312.2782788,24,rest
1789707312.28377,25,rest
1789707312.288791,25,rest
1789707312.2941282,24,rest
1789707312.299479,23,rest
1789707312.30469,23,rest
1789707312.30982,24,rest
1789707312.315012,24,rest
1789707312.320343,25,rest
1789707312.325501,24,rest
1789707312.330831,23,rest
1789707312.336155,25,rest
1789707312.341248,26,rest
1789707312.346451,26,rest
1789707312.351768,27,rest
1789707312.357457,27,rest
1789707312.362257,26,rest
1789707312.367489,26,rest
1789707312.3727381,26,rest
1789707312.378026,27,rest
1789707312.383125,26,rest
1789707312.388389,26,rest
1789707312.393781,25,rest
1789707312.399171,24,rest
1789707312.404306,26,rest
1789707312.409479,26,rest
1789707312.4147682,25,rest
1789707312.419895,25,rest
1789707312.4263701,24,rest
1789707312.430485,24,rest
1789707312.435931,24,rest
1789707312.44091,25,rest
1789707312.4466062,25,rest
1789707312.451491,25,rest
1789707312.456842,25,rest
1789707312.462037,24,rest
1789707312.467288,25,rest
1789707312.472345,26,rest
1789707312.4779131,25,rest
1789707312.4826822,24,rest
1789707312.488039,24,rest
1789707312.49315,24,rest
1789707312.498301,24,rest
1789707312.5035908,25,rest
1789707312.508853,25,rest
1789707312.514128,24,rest
1789707312.519234,24,rest
1789707312.524601,24,rest
1789707312.529911,24,rest
1789707312.535166,25,rest
1789707312.540256,25,rest
1789707312.545524,24,rest
1789707312.550807,25,rest
1789707312.556095,24,rest
1789707312.561215,24,rest
1789707312.566536,25,rest
1789707312.5718458,26,rest
1789707312.576926,25,rest
1789707312.582185,25,rest
1789707312.5875049,25,rest
1789707312.592741,25,rest
1789707312.597885,25,rest
1789707312.603214,26,rest
1789707312.608565,25,rest
1789707312.613734,25,rest
1789707312.6188211,25,rest
1789707312.6241438,25,rest
1789707312.629557,25,rest
1789707312.634822,25,rest
1789707312.6399481,25,rest
1789707312.645272,24,rest
1789707312.650512,24,rest
1789707312.655485,24,rest
1789707312.660874,24,rest
1789707312.666181,25,rest
1789707312.671552,25,rest
1789707312.6766138,24,rest
1789707312.681932,24,rest
1789707312.687268,24,rest
1789707312.692567,25,rest
1789707312.6976728,24,rest
1789707312.7030232,25,rest
1789707312.708282,24,rest
1789707312.71359,23,rest
1789707312.718633,24,rest
1789707312.7237701,24,rest
1789707312.7291431,25,rest
1789707312.734359,24,rest
1789707312.739672,24,rest
1789707312.744828,23,rest
1789707312.750231,24,rest
1789707312.755289,23,rest
1789707312.760484,24,rest
1789707312.76596,23,rest
1789707312.771119,24,rest
1789707312.7763488,23,rest
1789707312.781591,23,rest
1789707312.786884,25,rest
1789707312.792207,25,rest
1789707312.797322,25,rest
1789707312.802697,25,rest
1789707312.8082812,24,rest
1789707312.812931,23,rest
1789707312.8182359,24,rest
1789707312.823531,25,rest
1789707312.828913,25,rest
1789707312.8340092,24,rest
1789707312.8394592,24,rest
1789707312.8445692,23,rest
1789707312.849715,23,rest
1789707312.854933,25,rest
1789707312.8604422,24,rest
1789707312.865611,24,rest
1789707312.8705401,24,rest
1789707312.875974,24,rest
1789707312.881205,24,rest
1789707312.8866088,25,rest
1789707312.891613,24,rest
1789707312.8969321,24,rest
1789707312.90219,23,rest
1789707312.907468,23,rest
1789707312.912596,24,rest
1789707312.917803,25,rest
1789707312.9233122,24,rest
1789707312.9285178,24,rest
1789707312.933577,23,rest
1789707312.939168,22,rest
1789707312.9441128,23,rest
1789707312.949224,24,rest
1789707312.9545112,24,rest
1789707312.959858,24,rest
1789707312.965179,22,rest
1789707312.9702132,23,rest
1789707312.975529,24,rest
1789707312.9808419,26,rest
1789707312.986152,25,rest
1789707312.991233,25,rest
1789707312.996604,25,rest
1789707313.0019588,24,rest
1789707313.007052,24,rest
1789707313.012347,25,rest
1789707313.017528,26,rest
1789707313.022868,25,rest
1789707313.027751,26,rest
1789707313.033247,25,rest
1789707313.038396,25,rest
1789707313.0437891,27,rest
1789707313.048845,27,rest
1789707313.054144,26,rest
1789707313.059435,26,rest
1789707313.064641,25,rest
1789707313.069984,26,rest
1789707313.075236,26,rest
1789707313.0803761,26,rest
1789707313.0858681,26,rest
1789707313.0908191,25,rest
1789707313.096211,25,rest
1789707313.101495,25,rest
1789707313.106645,25,rest
1789707313.1118212,26,rest
1789707313.117216,25,rest
1789707313.122426,24,rest
1789707313.127648,24,rest
1789707313.132921,24,rest
1789707313.138067,25,rest
1789707313.143449,25,rest
1789707313.148658,25,rest
1789707313.1538439,24,rest
1789707313.159266,23,rest
1789707313.1642098,24,rest
1789707313.169848,24,rest
1789707313.1747131,24,rest
1789707313.180458,25,rest
1789707313.185189,24,rest
1789707313.190576,23,rest
1789707313.195769,24,rest
1789707313.201086,25,rest
1789707313.2061892,25,rest
1789707313.2114592,25,rest
1789707313.2167401,24,rest
1789707313.221898,23,rest
1789707313.227178,23,rest
1789707313.232494,24,rest
1789707313.237689,24,rest
1789707313.2428591,24,rest
1789707313.248118,24,rest
1789707313.253417,23,rest
1789707313.258796,24,rest
1789707313.263743,24,rest
1789707313.269173,25,rest
1789707313.274517,25,rest
1789707313.279465,25,rest
1789707313.284821,24,rest
1789707313.290796,25,rest
1789707313.2952871,27,rest
1789707313.300597,27,rest
1789707313.305707,26,rest
1789707313.3110888,27,rest
1789707313.3163688,27,rest
1789707313.321708,26,rest
1789707313.326762,28,rest
1789707313.332056,28,rest
1789707313.3372219,27,rest
1789707313.3424718,27,rest
1789707313.347968,28,rest
1789707313.35304,26,rest
1789707313.358079,26,rest
1789707313.363421,27,rest
1789707313.368842,26,rest
1789707313.374054,26,rest
1789707313.379074,25,rest
1789707313.384502,25,rest
1789707313.3896608,25,rest
1789707313.39494,27,rest
1789707313.4001322,27,rest
1789707313.405296,26,rest
1789707313.410586,25,rest
1789707313.415966,25,rest
1789707313.421089,25,rest
1789707313.426631,25,rest
1789707313.431641,25,rest
1789707313.437035,24,rest
1789707313.4421492,24,rest
1789707313.4473002,24,rest
1789707313.452575,25,rest
1789707313.457684,25,rest
1789707313.462913,26,rest
1789707313.46827,25,rest
1789707313.473561,24,rest
1789707313.4786189,23,rest
1789707313.483914,25,rest
1789707313.489192,25,rest
1789707313.494467,25,rest
1789707313.499653,25,rest
1789707313.5048761,24,rest
1789707313.5102122,25,rest
1789707313.5153432,25,rest
1789707313.5205371,25,rest
1789707313.5258722,26,rest
1789707313.5311308,26,rest
1789707313.5363631,25,rest
1789707313.541665,26,rest
1789707313.547206,27,rest
1789707313.55208,26,rest
1789707313.5572228,26,rest
1789707313.562573,26,rest
1789707313.5678809,25,rest
1789707313.5729868,24,rest
1789707313.57838,27,rest
1789707313.583509,27,rest
1789707313.588767,27,rest
1789707313.593942,27,rest
1789707313.599226,27,rest
1789707313.604491,25,rest
1789707313.609812,27,rest
1789707313.614806,27,rest
1789707313.6202571,26,rest
1789707313.625462,27,rest
1789707313.6307268,26,rest
1789707313.6361458,25,rest
1789707313.6412811,25,rest
1789707313.646476,26,rest
1789707313.651566,26,rest
1789707313.656876,25,rest
1789707313.662175,25,rest
1789707313.6674,24,rest
1789707313.672564,24,rest
1789707313.6778262,25,rest
1789707313.683163,25,rest
1789707313.688299,24,rest
1789707313.694016,24,rest
1789707313.698828,24,rest
1789707313.704088,24,rest
1789707313.709447,25,rest
1789707313.7145832,25,rest
1789707313.719861,24,rest
1789707313.725085,24,rest
1789707313.7302809,24,rest
1789707313.735599,24,rest
1789707313.740932,25,rest
1789707313.745898,25,rest
1789707313.7512372,25,rest
1789707313.756876,23,rest
1789707313.761769,24,rest
1789707313.7672188,24,rest
1789707313.772192,24,rest
1789707313.777618,25,rest
1789707313.7827468,25,rest
1789707313.787984,25,rest
1789707313.793149,24,rest
1789707313.798468,24,rest
1789707313.803896,25,rest
1789707313.8089569,25,rest
1789707313.814111,24,rest
1789707313.819479,24,rest
1789707313.8246121,24,rest
1789707313.8298671,24,rest
1789707313.835166,25,rest
1789707313.840508,25,rest
1789707321.1516988,23,light_flex
1789707321.151722,23,light_flex
1789707321.151731,23,light_flex
1789707321.151739,23,light_flex
1789707321.151747,24,light_flex
1789707321.151755,25,light_flex
1789707321.151762,24,light_flex
1789707321.1517692,24,light_flex
1789707321.151777,24,light_flex
1789707321.151785,24,light_flex
1789707321.151792,24,light_flex
1789707321.1518002,24,light_flex
1789707321.151807,24,light_flex
1789707321.151815,24,light_flex
1789707321.151822,24,light_flex
1789707321.15183,24,light_flex
1789707321.151838,24,light_flex
1789707321.1518452,24,light_flex
1789707321.1518521,24,light_flex
1789707321.15186,24,light_flex
1789707321.151867,24,light_flex
1789707321.151875,24,light_flex
1789707321.151882,24,light_flex
1789707321.1518888,24,light_flex
1789707321.1518972,24,light_flex
1789707321.151905,24,light_flex
1789707321.151912,23,light_flex
1789707321.1519191,23,light_flex
1789707321.151927,23,light_flex
1789707321.151934,23,light_flex
1789707321.151941,23,light_flex
1789707321.1519492,22,light_flex
1789707321.151959,22,light_flex
1789707321.151969,23,light_flex
1789707321.151979,23,light_flex
1789707321.151986,23,light_flex
1789707321.151993,23,light_flex
1789707321.1520011,22,light_flex
1789707321.1520078,22,light_flex
1789707321.152016,23,light_flex
1789707321.152023,24,light_flex
1789707321.152031,23,light_flex
1789707321.1520379,24,light_flex
1789707321.152045,24,light_flex
1789707321.1520529,24,light_flex
1789707321.1520598,24,light_flex
1789707321.1520681,24,light_flex
1789707321.152075,25,light_flex
1789707321.152082,25,light_flex
1789707321.15209,24,light_flex
1789707321.152097,24,light_flex
1789707321.152104,25,light_flex
1789707321.1521122,26,light_flex
1789707321.15212,25,light_flex
1789707321.152128,26,light_flex
1789707321.152135,25,light_flex
1789707321.152142,25,light_flex
1789707321.15215,24,light_flex
1789707321.1521568,25,light_flex
1789707321.1521652,25,light_flex
1789707321.152172,25,light_flex
1789707321.152179,25,light_flex
1789707321.1521869,24,light_flex
1789707321.152194,24,light_flex
1789707321.152201,24,light_flex
1789707321.15221,24,light_flex
1789707321.152224,24,light_flex
1789707321.152232,24,light_flex
1789707321.152241,23,light_flex
1789707321.1522481,24,light_flex
1789707321.152255,24,light_flex
1789707321.152263,24,light_flex
1789707321.15227,24,light_flex
1789707321.152278,23,light_flex
1789707321.1522849,23,light_flex
1789707321.152292,22,light_flex
1789707321.1523001,23,light_flex
1789707321.152309,24,light_flex
1789707321.152317,24,light_flex
1789707321.1523242,23,light_flex
1789707321.152332,24,light_flex
1789707321.152339,24,light_flex
1789707321.1523461,23,light_flex
1789707321.152353,24,light_flex
1789707321.152361,24,light_flex
1789707321.152368,23,light_flex
1789707321.152375,24,light_flex
1789707321.152383,23,light_flex
1789707321.15239,24,light_flex
1789707321.1523972,25,light_flex
1789707321.152405,25,light_flex
1789707321.152412,24,light_flex
1789707321.152419,23,light_flex
1789707321.1524282,24,light_flex
1789707321.1524348,24,light_flex
1789707321.1524422,24,light_flex
1789707321.15245,24,light_flex
1789707321.152457,24,light_flex
1789707321.152464,24,light_flex
1789707321.152472,24,light_flex
1789707321.152482,24,light_flex
1789707321.152491,24,light_flex
1789707321.152499,25,light_flex
1789707321.152506,25,light_flex
1789707321.152513,24,light_flex
1789707321.152521,24,light_flex
1789707321.1525278,25,light_flex
1789707321.1525362,25,light_flex
1789707321.152543,25,light_flex
1789707321.152551,24,light_flex
1789707321.152559,24,light_flex
1789707321.152566,22,light_flex
1789707321.1525729,24,light_flex
1789707321.1525812,24,light_flex
1789707321.1525881,24,light_flex
1789707321.152595,24,light_flex
1789707321.152603,23,light_flex
1789707321.15261,23,light_flex
1789707321.152618,24,light_flex
1789707321.1526248,24,light_flex
1789707321.152632,24,light_flex
1789707321.15264,24,light_flex
1789707321.152647,23,light_flex
1789707321.1526551,22,light_flex
1789707321.152662,23,light_flex
1789707321.152669,23,light_flex
1789707321.152677,24,light_flex
1789707321.152684,23,light_flex
1789707321.152691,22,light_flex
1789707321.152699,22,light_flex
1789707321.152707,22,light_flex
1789707321.152714,23,light_flex
1789707321.152721,23,light_flex
1789707321.1527731,23,light_flex
1789707321.152782,23,light_flex
1789707321.152792,22,light_flex
1789707321.1528,23,light_flex
1789707321.152807,23,light_flex
1789707321.1528141,23,light_flex
1789707321.152822,23,light_flex
1789707321.152829,23,light_flex
1789707321.152837,22,light_flex
1789707321.152844,22,light_flex
1789707321.1528509,23,light_flex
1789707321.152859,24,light_flex
1789707321.1528661,24,light_flex
1789707321.152873,23,light_flex
1789707321.1528802,23,light_flex
1789707321.152888,23,light_flex
1789707321.152896,23,light_flex
1789707321.1529028,24,light_flex
1789707321.1529112,24,light_flex
1789707321.152918,24,light_flex
1789707321.152925,23,light_flex
1789707321.1529331,23,light_flex
1789707321.15294,23,light_flex
1789707321.152947,24,light_flex
1789707321.1529548,23,light_flex
1789707321.152962,23,light_flex
1789707321.15297,22,light_flex
1789707321.152977,22,light_flex
1789707321.1529841,22,light_flex
1789707321.152992,23,light_flex
1789707321.152999,23,light_flex
1789707321.153006,23,light_flex
1789707321.153014,22,light_flex
1789707321.1530209,22,light_flex
1789707321.153035,23,light_flex
1789707321.1530418,23,light_flex
1789707321.153053,23,light_flex
1789707321.1530602,23,light_flex
1789707321.153067,23,light_flex
1789707321.153075,23,light_flex
1789707321.1530828,23,light_flex
1789707321.15309,23,light_flex
1789707321.1530979,23,light_flex
1789707321.1531048,23,light_flex
1789707321.1531122,23,light_flex
1789707321.15312,22,light_flex
1789707321.153127,23,light_flex
1789707321.153134,23,light_flex
1789707321.153142,23,light_flex
1789707321.153149,24,light_flex
1789707321.153156,23,light_flex
1789707321.1531641,22,light_flex
1789707321.153171,23,light_flex
1789707321.153179,24,light_flex
1789707321.153186,24,light_flex
1789707321.153193,25,light_flex
1789707321.1532001,24,light_flex
1789707321.153208,24,light_flex
1789707321.153215,24,light_flex
1789707321.1532218,24,light_flex
1789707321.1532302,24,light_flex
1789707321.153237,24,light_flex
1789707321.153244,24,light_flex
1789707321.1532521,24,light_flex
1789707321.153259,24,light_flex
1789707321.153266,24,light_flex
1789707321.153274,24,light_flex
1789707321.153281,24,light_flex
1789707321.153291,24,light_flex
1789707321.1532989,23,light_flex
1789707321.1533089,23,light_flex
1789707321.153316,24,light_flex
1789707321.1533241,24,light_flex
1789707321.153331,24,light_flex
1789707321.153339,24,light_flex
1789707321.153346,23,light_flex
1789707321.153353,23,light_flex
1789707321.1533608,24,light_flex
1789707321.153368,24,light_flex
1789707321.153376,25,light_flex
1789707321.153383,24,light_flex
1789707321.1533902,23,light_flex
1789707321.153397,24,light_flex
1789707321.153405,23,light_flex
1789707321.153412,23,light_flex
1789707321.153419,24,light_flex
1789707321.153427,23,light_flex
1789707321.153434,24,light_flex
1789707321.1534421,23,light_flex
1789707321.153449,24,light_flex
1789707321.1534562,24,light_flex
1789707321.153464,24,light_flex
1789707321.153471,23,light_flex
1789707321.153478,24,light_flex
1789707321.153485,23,light_flex
1789707321.153493,23,light_flex
1789707321.153501,24,light_flex
1789707321.1535082,24,light_flex
1789707321.153515,23,light_flex
1789707321.153523,23,light_flex
1789707321.1535308,24,light_flex
1789707321.153538,24,light_flex
1789707321.153548,24,light_flex
1789707321.1535559,24,light_flex
1789707321.153565,24,light_flex
1789707321.153573,23,light_flex
1789707321.15358,22,light_flex
1789707321.1535869,23,light_flex
1789707321.153595,23,light_flex
1789707321.1536021,23,light_flex
1789707321.15361,23,light_flex
1789707321.153617,23,light_flex
1789707321.153624,23,light_flex
1789707321.153631,23,light_flex
1789707321.1536808,24,light_flex
1789707321.1536891,25,light_flex
1789707321.153696,24,light_flex
1789707321.153703,23,light_flex
1789707321.153711,23,light_flex
1789707321.153718,23,light_flex
1789707321.153725,23,light_flex
1789707321.153733,24,light_flex
1789707321.15374,23,light_flex
1789707321.1537468,23,light_flex
1789707321.153755,23,light_flex
1789707321.153762,23,light_flex
1789707321.153769,23,light_flex
1789707321.153777,23,light_flex
1789707321.153784,23,light_flex
1789707321.153791,22,light_flex
1789707321.1537988,22,light_flex
1789707321.153806,23,light_flex
1789707321.153814,23,light_flex
1789707321.153821,23,light_flex
1789707321.1538281,24,light_flex
1789707321.153835,23,light_flex
1789707321.153845,23,light_flex
1789707321.153853,23,light_flex
1789707321.153862,24,light_flex
1789707321.15387,24,light_flex
1789707321.153877,23,light_flex
1789707321.153884,24,light_flex
1789707321.153892,24,light_flex
1789707321.153899,23,light_flex
1789707321.1539059,23,light_flex
1789707321.1539142,24,light_flex
1789707321.1539211,24,light_flex
1789707321.153928,24,light_flex
1789707321.153936,24,light_flex
1789707321.153943,23,light_flex
1789707321.15395,24,light_flex
1789707321.1539578,25,light_flex
1789707321.153965,25,light_flex
1789707321.153972,25,light_flex
1789707321.15398,25,light_flex
1789707321.1539872,24,light_flex
1789707321.153994,24,light_flex
1789707321.154002,25,light_flex
1789707321.154009,26,light_flex
1789707321.154016,25,light_flex
1789707321.154024,26,light_flex
1789707321.154031,26,light_flex
1789707321.154038,25,light_flex
1789707321.154046,27,light_flex
1789707321.1540532,27,light_flex
1789707321.1540601,27,light_flex
1789707321.154068,27,light_flex
1789707321.154075,26,light_flex
1789707321.154082,25,light_flex
1789707321.15409,26,light_flex
1789707321.154103,28,light_flex
1789707321.154111,27,light_flex
1789707321.15412,26,light_flex
1789707321.1541271,27,light_flex
1789707321.154134,26,light_flex
1789707321.154142,26,light_flex
1789707321.154149,27,light_flex
1789707321.154156,27,light_flex
1789707321.154164,25,light_flex
1789707321.154171,26,light_flex
1789707321.1541781,27,light_flex
1789707321.154186,26,light_flex
1789707321.154193,28,light_flex
1789707321.1542,28,light_flex
1789707321.154208,26,light_flex
1789707321.1542149,27,light_flex
1789707321.154222,26,light_flex
1789707321.15423,26,light_flex
1789707321.154237,26,light_flex
1789707321.1542451,27,light_flex
1789707321.154252,25,light_flex
1789707321.15426,24,light_flex
1789707321.1542668,27,light_flex
1789707321.154274,27,light_flex
1789707321.154281,27,light_flex
1789707321.154289,28,light_flex
1789707321.1542962,27,light_flex
1789707321.154303,26,light_flex
1789707321.154311,26,light_flex
1789707321.154318,26,light_flex
1789707321.154325,26,light_flex
1789707321.1543329,27,light_flex
1789707321.15434,27,light_flex
1789707321.154347,26,light_flex
1789707321.154361,26,light_flex
1789707321.154369,26,light_flex
1789707321.154377,27,light_flex
1789707321.154384,26,light_flex
1789707321.154392,26,light_flex
1789707321.154399,25,light_flex
1789707321.154407,25,light_flex
1789707321.1544142,25,light_flex
1789707321.154421,26,light_flex
1789707321.154429,26,light_flex
1789707321.154436,26,light_flex
1789707321.154443,25,light_flex
1789707321.154451,24,light_flex
1789707321.154458,25,light_flex
1789707321.154465,26,light_flex
1789707321.154473,25,light_flex
1789707321.1544802,25,light_flex
1789707321.154488,24,light_flex
1789707321.154495,23,light_flex
1789707321.154502,24,light_flex
1789707321.15451,24,light_flex
1789707321.154517,24,light_flex
1789707321.1545238,23,light_flex
1789707321.1545322,23,light_flex
1789707321.154539,22,light_flex
1789707321.154546,23,light_flex
1789707321.1545541,23,light_flex
1789707321.154561,23,light_flex
1789707321.154568,23,light_flex
1789707321.1545758,24,light_flex
1789707321.154583,23,light_flex
1789707321.15459,23,light_flex
1789707321.154598,24,light_flex
1789707321.1546052,24,light_flex
1789707321.154615,24,light_flex
1789707321.154624,23,light_flex
1789707321.154631,23,light_flex
1789707321.154639,23,light_flex
1789707321.154646,23,light_flex
1789707321.154654,24,light_flex
1789707321.1546612,24,light_flex
1789707321.154668,24,light_flex
1789707321.154676,23,light_flex
1789707321.1546829,24,light_flex
1789707321.154691,25,light_flex
1789707321.154698,24,light_flex
1789707321.1547048,25,light_flex
1789707321.1547132,27,light_flex
1789707321.15472,25,light_flex
1789707321.154728,25,light_flex
1789707321.154735,28,light_flex
1789707321.154742,27,light_flex
1789707321.1547499,27,light_flex
1789707321.154757,27,light_flex
1789707321.154764,26,light_flex
1789707321.154772,25,light_flex
1789707321.154779,27,light_flex
1789707321.154786,27,light_flex
1789707321.154794,27,light_flex
1789707321.154801,27,light_flex
1789707321.154809,27,light_flex
1789707321.154816,26,light_flex
1789707321.1548228,27,light_flex
1789707321.1548312,28,light_flex
1789707321.154838,27,light_flex
1789707321.154845,27,light_flex
1789707321.154853,28,light_flex
1789707321.15486,27,light_flex
1789707321.154876,27,light_flex
1789707321.1548858,30,light_flex
1789707321.1548932,29,light_flex
1789707321.154901,27,light_flex
1789707321.154908,27,light_flex
1789707321.154916,27,light_flex
1789707321.154923,27,light_flex
1789707321.1549308,29,light_flex
1789707321.1549382,31,light_flex
1789707321.1549451,29,light_flex
1789707321.154953,31,light_flex
1789707321.15496,32,light_flex
1789707321.154968,31,light_flex
1789707321.154975,32,light_flex
1789707321.1549828,33,light_flex
1789707321.1549902,31,light_flex
1789707321.154997,31,light_flex
1789707321.155005,34,light_flex
1789707321.1550121,33,light_flex
1789707321.155019,33,light_flex
1789707321.155027,34,light_flex
1789707321.155034,34,light_flex
1789707321.155041,32,light_flex
1789707321.1550488,33,light_flex
1789707321.1550562,33,light_flex
1789707321.1550632,32,light_flex
1789707321.155071,34,light_flex
1789707321.155078,34,light_flex
1789707321.155086,32,light_flex
1789707321.155093,33,light_flex
1789707321.1550999,33,light_flex
1789707321.1551082,32,light_flex
1789707321.155115,33,light_flex
1789707321.155125,36,light_flex
1789707321.155133,34,light_flex
1789707321.155143,34,light_flex
1789707321.1551511,36,light_flex
1789707321.155158,36,light_flex
1789707321.155166,34,light_flex
1789707321.155173,35,light_flex
1789707321.15518,34,light_flex
1789707321.155188,32,light_flex
1789707321.155195,32,light_flex
1789707321.155203,31,light_flex
1789707321.15521,30,light_flex
1789707321.155217,31,light_flex
1789707321.155225,29,light_flex
1789707321.155232,28,light_flex
1789707321.1552389,28,light_flex
1789707321.1552472,28,light_flex
1789707321.1552541,29,light_flex
1789707321.155262,27,light_flex
1789707321.1552691,28,light_flex
1789707321.155276,27,light_flex
1789707321.155284,27,light_flex
1789707321.1552908,27,light_flex
1789707321.155298,28,light_flex
1789707321.155306,27,light_flex
1789707321.155313,26,light_flex
1789707321.1553202,25,light_flex
1789707321.155328,25,light_flex
1789707321.155335,25,light_flex
1789707321.155342,25,light_flex
1789707321.155349,27,light_flex
1789707321.155357,26,light_flex
1789707321.155364,26,light_flex
1789707321.155371,26,light_flex
1789707321.155379,25,light_flex
1789707321.1553879,26,light_flex
1789707321.155396,27,light_flex
1789707321.155405,27,light_flex
1789707321.1554172,26,light_flex
1789707321.155424,27,light_flex
1789707321.1554308,27,light_flex
1789707321.1554391,26,light_flex
1789707321.155446,31,light_flex
1789707321.155453,33,light_flex
1789707321.155461,32,light_flex
1789707321.155468,34,light_flex
1789707321.155475,37,light_flex
1789707321.1554828,36,light_flex
1789707321.1554902,36,light_flex
1789707321.155497,38,light_flex
1789707321.155505,36,light_flex
1789707321.155512,35,light_flex
1789707321.15552,37,light_flex
1789707321.1555269,37,light_flex
1789707321.155534,35,light_flex
1789707321.155554,35,light_flex
1789707321.155562,34,light_flex
1789707321.1555688,33,light_flex
1789707321.1555772,34,light_flex
1789707321.155584,34,light_flex
1789707321.155591,32,light_flex
1789707321.155599,31,light_flex
1789707321.155606,32,light_flex
1789707321.155613,31,light_flex
1789707321.155621,30,light_flex
1789707321.155628,31,light_flex
1789707321.1556349,29,light_flex
1789707321.155643,28,light_flex
1789707321.1556501,28,light_flex
1789707321.155657,27,light_flex
1789707321.1556668,27,light_flex
1789707321.1556742,29,light_flex
1789707321.1556852,28,light_flex
1789707321.155693,28,light_flex
1789707321.155701,27,light_flex
1789707321.1557078,28,light_flex
1789707321.155715,27,light_flex
1789707321.155723,28,light_flex
1789707321.15573,26,light_flex
1789707321.1557372,26,light_flex
1789707321.155745,25,light_flex
1789707321.155752,24,light_flex
1789707321.155759,25,light_flex
1789707321.155766,25,light_flex
1789707321.1557739,24,light_flex
1789707321.155781,24,light_flex
1789707321.1557891,23,light_flex
1789707321.155796,24,light_flex
1789707321.155803,25,light_flex
1789707321.15581,25,light_flex
1789707321.155818,25,light_flex
1789707321.155825,25,light_flex
1789707321.155832,24,light_flex
1789707321.15584,24,light_flex
1789707321.1558468,24,light_flex
1789707321.1558552,24,light_flex
1789707321.155862,24,light_flex
1789707321.155869,24,light_flex
1789707321.155877,23,light_flex
1789707321.155884,24,light_flex
1789707321.155891,28,light_flex
1789707321.1558988,27,light_flex
1789707321.155906,26,light_flex
1789707321.155914,26,light_flex
1789707321.155921,25,light_flex
1789707321.15593,24,light_flex
1789707321.1559381,26,light_flex
1789707321.15595,26,light_flex
1789707321.155958,26,light_flex
1789707321.1559649,26,light_flex
1789707321.1559732,25,light_flex
1789707321.15598,26,light_flex
1789707321.155988,26,light_flex
1789707321.155995,26,light_flex
1789707321.156002,25,light_flex
1789707321.156009,25,light_flex
1789707321.1560168,25,light_flex
1789707321.156024,25,light_flex
1789707321.156031,25,light_flex
1789707321.156039,25,light_flex
1789707321.1560462,25,light_flex
1789707321.156054,24,light_flex
1789707321.156061,23,light_flex
1789707321.156068,23,light_flex
1789707321.156076,23,light_flex
1789707321.1560829,25,light_flex
1789707321.15609,25,light_flex
1789707321.156097,23,light_flex
1789707321.156105,24,light_flex
1789707321.156112,23,light_flex
1789707321.156119,24,light_flex
1789707321.156127,24,light_flex
1789707321.156134,24,light_flex
1789707321.156141,24,light_flex
1789707321.156149,24,light_flex
1789707321.1561558,25,light_flex
1789707321.156163,25,light_flex
1789707321.156171,25,light_flex
1789707321.156178,25,light_flex
1789707321.156188,25,light_flex
1789707321.1561952,26,light_flex
1789707321.156205,25,light_flex
1789707321.156213,25,light_flex
1789707321.15622,27,light_flex
1789707321.156227,26,light_flex
1789707321.156235,25,light_flex
1789707321.156242,24,light_flex
1789707321.156249,25,light_flex
1789707321.156257,37,light_flex
1789707321.1562638,53,light_flex
1789707321.1562722,59,light_flex
1789707321.156279,56,light_flex
1789707321.156286,58,light_flex
1789707321.1562932,56,light_flex
1789707321.156301,52,light_flex
1789707321.15631,49,light_flex
1789707321.156317,46,light_flex
1789707321.156325,44,light_flex
1789707321.156332,44,light_flex
1789707321.156339,46,light_flex
1789707321.1563468,43,light_flex
1789707321.156354,41,light_flex
1789707321.156362,41,light_flex
1789707321.156369,38,light_flex
1789707321.156377,36,light_flex
1789707321.156384,34,light_flex
1789707321.1563919,33,light_flex
1789707321.156399,32,light_flex
1789707321.156406,32,light_flex
1789707321.156414,31,light_flex
1789707321.1564212,30,light_flex
1789707321.156428,28,light_flex
1789707321.156436,28,light_flex
1789707321.156445,30,light_flex
1789707321.1564531,29,light_flex
1789707321.156464,28,light_flex
1789707321.156471,29,light_flex
1789707321.156479,29,light_flex
1789707321.1564858,29,light_flex
1789707321.1564941,29,light_flex
1789707321.156501,28,light_flex
1789707321.156509,27,light_flex
1789707321.156516,27,light_flex
1789707321.156523,27,light_flex
1789707321.1565309,27,light_flex
1789707321.156538,27,light_flex
1789707321.156545,26,light_flex
1789707321.156553,26,light_flex
1789707321.15656,25,light_flex
1789707321.156567,27,light_flex
1789707321.156575,26,light_flex
1789707321.1565819,27,light_flex
1789707321.156589,29,light_flex
1789707321.156597,29,light_flex
1789707321.1566038,27,light_flex
1789707321.156611,27,light_flex
1789707321.156619,26,light_flex
1789707321.156626,27,light_flex
1789707321.1566331,27,light_flex
1789707321.156641,27,light_flex
1789707321.156648,26,light_flex
1789707321.156655,25,light_flex
1789707321.156663,25,light_flex
1789707321.1566699,25,light_flex
1789707321.156678,25,light_flex
1789707321.156685,27,light_flex
1789707321.156692,26,light_flex
1789707321.156702,25,light_flex
1789707321.15671,25,light_flex
1789707321.1567192,25,light_flex
1789707321.1567261,26,light_flex
1789707321.156734,26,light_flex
1789707321.1567411,25,light_flex
1789707321.156748,24,light_flex
1789707321.156756,25,light_flex
1789707321.1567628,25,light_flex
1789707321.15677,24,light_flex
1789707321.156778,26,light_flex
1789707321.156785,26,light_flex
1789707321.1567922,24,light_flex
1789707321.1568,24,light_flex
1789707321.156807,25,light_flex
1789707321.156814,25,light_flex
1789707321.156822,24,light_flex
1789707321.1568289,24,light_flex
1789707321.156836,23,light_flex
1789707321.1568441,23,light_flex
1789707321.156851,23,light_flex
1789707321.156859,24,light_flex
1789707321.156866,23,light_flex
1789707321.156873,23,light_flex
1789707321.1568809,22,light_flex
1789707321.156888,22,light_flex
1789707321.156895,23,light_flex
1789707321.156903,23,light_flex
1789707321.1569102,23,light_flex
1789707321.156917,22,light_flex
1789707321.156925,22,light_flex
1789707321.156932,22,light_flex
1789707321.156939,23,light_flex
1789707321.156947,25,light_flex
1789707321.15696,24,light_flex
1789707321.1569679,24,light_flex
1789707321.156977,25,light_flex
1789707321.156984,25,light_flex
1789707321.156992,25,light_flex
1789707321.1569989,25,light_flex
1789707321.157006,25,light_flex
1789707321.1570141,24,light_flex
1789707321.157021,25,light_flex
1789707321.1570292,24,light_flex
1789707321.157036,24,light_flex
1789707321.157043,26,light_flex
1789707321.1570508,26,light_flex
1789707321.157058,25,light_flex
1789707321.157065,25,light_flex
1789707321.1570728,25,light_flex
1789707321.1570802,25,light_flex
1789707321.157087,25,light_flex
1789707321.157095,25,light_flex
1789707321.157102,27,light_flex
1789707321.157109,28,light_flex
1789707321.157117,27,light_flex
1789707321.157124,27,light_flex
1789707321.157131,26,light_flex
1789707321.1571379,27,light_flex
1789707321.1571462,27,light_flex
1789707321.1571531,26,light_flex
1789707321.157161,28,light_flex
1789707321.1571681,27,light_flex
1789707321.157175,27,light_flex
1789707321.157183,27,light_flex
1789707321.1571898,26,light_flex
1789707321.157197,25,light_flex
1789707321.157204,26,light_flex
1789707321.157218,27,light_flex
1789707321.157226,27,light_flex
1789707321.157235,26,light_flex
1789707321.1572428,25,light_flex
1789707321.1572502,26,light_flex
1789707321.1572568,26,light_flex
1789707321.157265,25,light_flex
1789707321.157272,26,light_flex
1789707321.157279,26,light_flex
1789707321.157287,25,light_flex
1789707321.157294,25,light_flex
1789707321.157301,25,light_flex
1789707321.1573079,25,light_flex
1789707321.1573162,25,light_flex
1789707321.1573231,26,light_flex
1789707321.157331,26,light_flex
1789707321.1573381,25,light_flex
1789707321.157345,25,light_flex
1789707321.157353,25,light_flex
1789707321.15736,26,light_flex
1789707321.157367,26,light_flex
1789707321.157374,26,light_flex
1789707321.1573818,25,light_flex
1789707321.1573892,24,light_flex
1789707321.157397,24,light_flex
1789707321.157404,24,light_flex
1789707321.157411,25,light_flex
1789707321.157429,24,light_flex
1789707321.1574368,23,light_flex
1789707321.157444,22,light_flex
1789707321.1574569,24,light_flex
1789707321.157464,24,light_flex
1789707321.157472,24,light_flex
1789707321.1574788,24,light_flex
1789707321.1574888,24,light_flex
1789707321.1574972,23,light_flex
1789707321.157505,23,light_flex
1789707321.157513,23,light_flex
1789707321.1575198,25,light_flex
1789707321.157527,25,light_flex
1789707321.157535,25,light_flex
1789707321.157542,24,light_flex
1789707321.1575491,24,light_flex
1789707321.157557,25,light_flex
1789707321.157564,26,light_flex
1789707321.157572,25,light_flex
1789707321.157579,25,light_flex
1789707321.1575859,24,light_flex
1789707321.1575942,24,light_flex
1789707321.157601,25,light_flex
1789707321.157608,26,light_flex
1789707321.1576161,25,light_flex
1789707321.157623,26,light_flex
1789707321.15763,25,light_flex
1789707321.1576378,25,light_flex
1789707321.157645,24,light_flex
1789707321.157652,25,light_flex
1789707321.15766,25,light_flex
1789707321.1576672,24,light_flex
1789707321.157674,23,light_flex
1789707321.157682,23,light_flex
1789707321.157689,24,light_flex
1789707321.157696,24,light_flex
1789707321.1577039,24,light_flex
1789707321.157711,24,light_flex
1789707321.157718,23,light_flex
1789707321.157726,24,light_flex
1789707321.1577332,24,light_flex
1789707321.157759,26,light_flex
1789707321.157768,26,light_flex
1789707321.1577759,25,light_flex
1789707321.157784,24,light_flex
1789707321.157792,25,light_flex
1789707321.157799,24,light_flex
1789707321.157807,27,light_flex
1789707321.157814,28,light_flex
1789707321.157822,26,light_flex
1789707321.157829,27,light_flex
1789707321.1578372,26,light_flex
1789707321.157847,26,light_flex
1789707321.157856,29,light_flex
1789707321.157866,30,light_flex
1789707321.157875,33,light_flex
1789707321.157884,32,light_flex
1789707321.157894,30,light_flex
1789707321.157901,30,light_flex
1789707321.157909,30,light_flex
1789707321.157917,46,light_flex
1789707321.1579242,54,light_flex
1789707321.1579342,66,light_flex
1789707321.157944,66,light_flex
1789707321.157953,66,light_flex
1789707321.157961,75,light_flex
1789707321.15801,86,light_flex
1789707321.158019,87,light_flex
1789707321.1580732,86,light_flex
1789707321.158082,81,light_flex
1789707321.158091,79,light_flex
1789707321.158099,75,light_flex
1789707321.1581068,87,light_flex
1789707321.1581151,83,light_flex
1789707321.158126,77,light_flex
1789707321.158135,83,light_flex
1789707321.158143,98,light_flex
1789707321.158153,103,light_flex
1789707321.158164,122,light_flex
1789707321.1581728,119,light_flex
1789707321.1581829,111,light_flex
1789707321.1581922,101,light_flex
1789707321.158199,94,light_flex
1789707321.158207,86,light_flex
1789707321.1582139,81,light_flex
1789707321.1582222,76,light_flex
1789707321.15823,86,light_flex
1789707321.15824,90,light_flex
1789707321.158249,92,light_flex
1789707321.158258,85,light_flex
1789707321.158266,78,light_flex
1789707321.1582751,73,light_flex
1789707321.158283,67,light_flex
1789707321.1582909,63,light_flex
1789707321.1583,72,light_flex
1789707321.158325,75,light_flex
1789707321.158338,83,light_flex
1789707321.158347,93,light_flex
1789707321.158355,95,light_flex
1789707321.1583638,97,light_flex
1789707321.158373,90,light_flex
1789707321.158381,87,light_flex
1789707321.158388,79,light_flex
1789707321.158396,78,light_flex
1789707321.158404,90,light_flex
1789707321.158411,92,light_flex
1789707321.158421,93,light_flex
1789707321.1584299,86,light_flex
1789707321.158439,79,light_flex
1789707321.158447,73,light_flex
1789707321.158454,67,light_flex
1789707321.158462,69,light_flex
1789707321.1584692,64,light_flex
1789707321.158477,80,light_flex
1789707321.158484,81,light_flex
1789707321.1584918,88,light_flex
1789707321.1585002,86,light_flex
1789707321.158508,89,light_flex
1789707321.158515,89,light_flex
1789707321.1585228,94,light_flex
1789707321.1585321,111,light_flex
1789707321.1585422,107,light_flex
1789707321.158551,100,light_flex
1789707321.158559,92,light_flex
1789707321.158568,100,light_flex
1789707321.158577,101,light_flex
1789707321.158585,97,light_flex
1789707321.158592,93,light_flex
1789707321.158601,88,light_flex
1789707321.158608,89,light_flex
1789707321.158616,86,light_flex
1789707321.158623,82,light_flex
1789707321.1586308,79,light_flex
1789707321.1586392,78,light_flex
1789707321.158646,80,light_flex
1789707321.158654,75,light_flex
1789707321.1586611,76,light_flex
1789707321.158669,86,light_flex
1789707321.158679,85,light_flex
1789707321.158688,92,light_flex
1789707321.158698,103,light_flex
1789707321.158707,109,light_flex
1789707321.1587179,109,light_flex
1789707321.15873,107,light_flex
1789707321.1587389,99,light_flex
1789707321.1587489,90,light_flex
1789707321.158758,94,light_flex
1789707321.158767,87,light_flex
1789707321.158775,81,light_flex
1789707321.158783,87,light_flex
1789707321.1587908,91,light_flex
1789707321.158798,90,light_flex
1789707321.158806,86,light_flex
1789707321.158813,81,light_flex
1789707321.158821,75,light_flex
1789707321.158828,72,light_flex
1789707321.158836,65,light_flex
1789707321.1588428,62,light_flex
1789707321.158852,75,light_flex
1789707321.1588612,75,light_flex
1789707321.158871,73,light_flex
1789707321.15888,69,light_flex
1789707321.158889,68,light_flex
1789707321.158897,64,light_flex
1789707321.158905,65,light_flex
1789707321.158914,61,light_flex
1789707321.158922,56,light_flex
1789707321.1589298,52,light_flex
1789707321.158939,52,light_flex
1789707321.158947,51,light_flex
1789707321.1589582,50,light_flex
1789707321.1589901,48,light_flex
1789707321.158999,46,light_flex
1789707321.159008,43,light_flex
1789707321.159016,45,light_flex
1789707321.159128,44,light_flex
1789707321.15914,43,light_flex
1789707321.159148,42,light_flex
1789707321.159156,43,light_flex
1789707321.159164,40,light_flex
1789707321.159173,39,light_flex
1789707321.159181,41,light_flex
1789707321.159189,41,light_flex
1789707321.1591969,39,light_flex
1789707321.159206,39,light_flex
1789707321.159221,37,light_flex
1789707321.159231,34,light_flex
1789707321.1592388,34,light_flex
1789707321.1592479,34,light_flex
1789707321.159256,32,light_flex
1789707321.159264,31,light_flex
1789707321.159273,32,light_flex
1789707321.1592808,30,light_flex
1789707321.1592891,32,light_flex
1789707321.159297,32,light_flex
1789707321.159306,31,light_flex
1789707321.159314,30,light_flex
1789707321.159358,29,light_flex
1789707321.159379,28,light_flex
1789707321.159389,28,light_flex
1789707321.1593988,28,light_flex
1789707321.1594071,27,light_flex
1789707321.1594172,26,light_flex
1789707321.159425,25,light_flex
1789707321.159434,24,light_flex
1789707321.159442,24,light_flex
1789707321.1594508,26,light_flex
1789707321.15946,26,light_flex
1789707321.159468,26,light_flex
1789707321.159476,26,light_flex
1789707321.159484,26,light_flex
1789707321.159492,26,light_flex
1789707321.1595001,26,light_flex
1789707321.159507,27,light_flex
1789707321.159515,27,light_flex
1789707321.159523,27,light_flex
1789707321.15953,29,light_flex
1789707321.159538,28,light_flex
1789707321.1595461,28,light_flex
1789707321.159553,28,light_flex
1789707321.159561,28,light_flex
1789707321.1595688,26,light_flex
1789707321.1595762,26,light_flex
1789707321.159584,26,light_flex
1789707321.159591,26,light_flex
1789707321.159599,28,light_flex
1789707321.159607,29,light_flex
1789707321.1596138,34,light_flex
1789707321.159622,34,light_flex
1789707321.15963,33,light_flex
1789707321.159637,32,light_flex
1789707321.1596448,31,light_flex
1789707321.159654,30,light_flex
1789707321.159661,28,light_flex
1789707321.159669,27,light_flex
1789707321.1596758,27,light_flex
1789707321.1596842,27,light_flex
1789707321.159692,27,light_flex
1789707321.1597,29,light_flex
1789707321.1597068,28,light_flex
1789707321.1597152,26,light_flex
1789707321.159723,26,light_flex
1789707321.15973,27,light_flex
1789707321.159738,27,light_flex
1789707321.159746,26,light_flex
1789707321.1597528,25,light_flex
1789707321.1598122,25,light_flex
1789707321.15982,26,light_flex
1789707321.159828,27,light_flex
1789707321.1598349,26,light_flex
1789707321.159843,26,light_flex
1789707321.159851,25,light_flex
1789707321.159858,24,light_flex
1789707321.159866,24,light_flex
1789707321.159873,25,light_flex
1789707321.1598809,25,light_flex
1789707321.159889,25,light_flex
1789707321.1598961,26,light_flex
1789707321.159904,25,light_flex
1789707321.159911,25,light_flex
1789707321.159919,25,light_flex
1789707321.1599271,26,light_flex
1789707321.159934,25,light_flex
1789707321.159942,25,light_flex
1789707321.159949,24,light_flex
1789707321.159957,24,light_flex
1789707321.159965,25,light_flex
1789707321.1599722,25,light_flex
1789707321.15998,26,light_flex
1789707321.159987,25,light_flex
1789707321.1599948,25,light_flex
1789707321.160002,24,light_flex
1789707321.16001,25,light_flex
1789707321.160018,26,light_flex
1789707321.1600251,27,light_flex
1789707321.160033,27,light_flex
1789707321.16004,25,light_flex
1789707321.1600482,25,light_flex
1789707321.160056,25,light_flex
1789707321.160064,26,light_flex
1789707321.160071,26,light_flex
1789707321.160079,25,light_flex
1789707321.160087,25,light_flex
1789707321.160094,25,light_flex
1789707321.160102,27,light_flex
1789707321.160109,26,light_flex
1789707321.160117,26,light_flex
1789707321.160125,26,light_flex
1789707321.1601331,24,light_flex
1789707321.16014,25,light_flex
1789707321.160148,24,light_flex
1789707321.1601548,25,light_flex
1789707321.1601632,26,light_flex
1789707321.160171,26,light_flex
1789707321.160178,25,light_flex
1789707321.160186,24,light_flex
1789707321.160193,24,light_flex
1789707321.160201,24,light_flex
1789707321.160209,24,light_flex
1789707321.160216,24,light_flex
1789707321.160224,23,light_flex
1789707321.1602309,22,light_flex
1789707321.1602392,22,light_flex
1789707321.160247,24,light_flex
1789707321.160254,24,light_flex
1789707321.1602619,25,light_flex
1789707321.16027,24,light_flex
1789707321.160277,23,light_flex
1789707321.160285,23,light_flex
1789707321.1602921,24,light_flex
1789707321.1603,24,light_flex
1789707321.160308,24,light_flex
1789707321.1603148,24,light_flex
1789707321.1603231,24,light_flex
1789707321.160331,23,light_flex
1789707321.160338,24,light_flex
1789707321.160346,25,light_flex
1789707321.160353,25,light_flex
1789707321.160361,24,light_flex
1789707321.160369,23,light_flex
1789707321.160376,23,light_flex
1789707321.160384,23,light_flex
1789707321.160392,24,light_flex
1789707321.1604,24,light_flex
1789707321.160407,24,light_flex
1789707321.160415,23,light_flex
1789707321.1604228,23,light_flex
1789707321.1604302,24,light_flex
1789707321.160438,24,light_flex
1789707321.160446,23,light_flex
1789707321.160453,23,light_flex
1789707321.160461,23,light_flex
1789707321.160469,23,light_flex
1789707321.160476,23,light_flex
1789707321.160484,24,light_flex
1789707321.160492,24,light_flex
1789707321.1604989,24,light_flex
1789707321.160507,25,light_flex
1789707321.160515,26,light_flex
1789707321.160523,26,light_flex
1789707321.160531,27,light_flex
1789707321.1605382,26,light_flex
1789707321.160546,26,light_flex
1789707321.160554,25,light_flex
1789707321.1605608,25,light_flex
1789707321.1605692,26,light_flex
1789707321.160577,25,light_flex
1789707321.160584,26,light_flex
1789707321.1605918,24,light_flex
1789707321.160599,25,light_flex
1789707321.1606069,24,light_flex
1789707321.160615,25,light_flex
1789707321.1606221,25,light_flex
1789707321.16063,25,light_flex
1789707321.1606379,25,light_flex
1789707321.160645,26,light_flex
1789707321.160653,25,light_flex
1789707321.16066,26,light_flex
1789707321.160668,26,light_flex
1789707321.160675,26,light_flex
1789707321.160683,27,light_flex
1789707321.1606898,26,light_flex
1789707321.1606982,25,light_flex
1789707321.160706,25,light_flex
1789707321.160713,25,light_flex
1789707321.1607208,25,light_flex
1789707321.160728,24,light_flex
1789707321.160736,24,light_flex
1789707321.160743,24,light_flex
1789707321.160751,25,light_flex
1789707321.160759,25,light_flex
1789707321.160766,26,light_flex
1789707321.160774,25,light_flex
1789707321.1607811,25,light_flex
1789707321.160789,25,light_flex
1789707321.160796,25,light_flex
1789707321.160804,26,light_flex
1789707321.160813,26,light_flex
1789707321.160821,25,light_flex
1789707321.1608288,25,light_flex
1789707321.160836,24,light_flex
1789707321.160844,24,light_flex
1789707321.160851,25,light_flex
1789707321.1608589,24,light_flex
1789707321.160867,24,light_flex
1789707321.160874,24,light_flex
1789707321.160882,24,light_flex
1789707321.1608891,24,light_flex
1789707321.160897,24,light_flex
1789707321.160904,24,light_flex
1789707321.1609118,25,light_flex
1789707321.160919,25,light_flex
1789707321.160927,25,light_flex
1789707321.160935,25,light_flex
1789707321.160942,25,light_flex
1789707321.16095,25,light_flex
1789707321.1609569,26,light_flex
1789707321.1609652,25,light_flex
1789707321.160973,25,light_flex
1789707321.16098,25,light_flex
1789707321.1609879,25,light_flex
1789707321.163083,26,light_flex
1789707321.1684911,26,light_flex
1789707321.1737,26,light_flex
1789707321.178883,25,light_flex
1789707321.184124,24,light_flex
1789707321.189399,25,light_flex
1789707321.194698,25,light_flex
1789707321.199907,26,light_flex
1789707321.205166,25,light_flex
1789707321.210494,24,light_flex
1789707321.2155678,24,light_flex
1789707321.220841,24,light_flex
1789707321.226238,26,light_flex
1789707321.231544,26,light_flex
1789707321.236563,25,light_flex
1789707321.241895,24,light_flex
1789707321.247155,23,light_flex
1789707321.2524538,24,light_flex
1789707321.257631,24,light_flex
1789707321.262811,24,light_flex
1789707321.268168,25,light_flex
1789707321.273469,25,light_flex
1789707321.278572,23,light_flex
1789707321.28383,25,light_flex
1789707321.289183,25,light_flex
1789707321.294288,25,light_flex
1789707321.299613,26,light_flex
1789707321.3048441,25,light_flex
1789707321.310134,24,light_flex
1789707321.3152409,25,light_flex
1789707321.3205729,26,light_flex
1789707321.3259299,27,light_flex
1789707321.331234,26,light_flex
1789707321.336371,24,light_flex
1789707321.3417332,25,light_flex
1789707321.346914,25,light_flex
1789707321.3521469,26,light_flex
1789707321.3572721,25,light_flex
1789707321.362598,25,light_flex
1789707321.3679569,24,light_flex
1789707321.373259,24,light_flex
1789707321.378263,24,light_flex
1789707321.383553,24,light_flex
1789707321.388739,25,light_flex
1789707321.393888,24,light_flex
1789707321.399318,24,light_flex
1789707321.4046788,24,light_flex
1789707321.409858,23,light_flex
1789707321.4151092,25,light_flex
1789707321.4202712,25,light_flex
1789707321.425652,25,light_flex
1789707321.430691,24,light_flex
1789707321.4365492,23,light_flex
1789707321.441252,25,light_flex
1789707321.446472,25,light_flex
1789707321.451602,25,light_flex
1789707321.458287,25,light_flex
1789707321.46205,24,light_flex
1789707321.4676108,27,light_flex
1789707321.472626,26,light_flex
1789707321.4779022,27,light_flex
1789707321.4832551,27,light_flex
1789707321.488359,26,light_flex
1789707321.493572,26,light_flex
1789707321.498945,26,light_flex
1789707321.504338,26,light_flex
1789707321.509212,26,light_flex
1789707321.5145018,27,light_flex
1789707321.5197499,27,light_flex
1789707321.525154,28,light_flex
1789707321.530257,27,light_flex
1789707321.535647,26,light_flex
1789707321.540826,26,light_flex
1789707321.546176,26,light_flex
1789707321.551171,27,light_flex
1789707321.556528,26,light_flex
1789707321.5617611,26,light_flex
1789707321.567213,25,light_flex
1789707321.5724642,25,light_flex
1789707321.577512,26,light_flex
1789707321.5827131,26,light_flex
1789707321.5879,25,light_flex
1789707321.59309,26,light_flex
1789707321.59856,25,light_flex
1789707321.6041338,25,light_flex
1789707321.60901,25,light_flex
1789707321.614219,25,light_flex
1789707321.619487,24,light_flex
1789707321.624732,23,light_flex
1789707321.629843,23,light_flex
1789707321.635256,24,light_flex
1789707321.640439,26,light_flex
1789707321.645796,25,light_flex
1789707321.650871,26,light_flex
1789707321.656138,24,light_flex
1789707321.6614149,24,light_flex
1789707321.666608,25,light_flex
1789707321.6721332,25,light_flex
1789707321.677103,25,light_flex
1789707321.6823869,24,light_flex
1789707321.6874728,24,light_flex
1789707321.692842,24,light_flex
1789707321.698134,24,light_flex
1789707321.703508,25,light_flex
1789707321.708571,25,light_flex
1789707321.713933,24,light_flex
1789707321.7190049,24,light_flex
1789707321.724315,25,light_flex
1789707321.729506,31,light_flex
1789707321.735395,36,light_flex
1789707321.7400162,44,light_flex
1789707321.745111,42,light_flex
1789707321.750466,40,light_flex
1789707321.7556732,50,light_flex
1789707321.7609758,57,light_flex
1789707321.766165,70,light_flex
1789707321.7713401,69,light_flex
1789707321.776685,63,light_flex
1789707321.7819562,58,light_flex
1789707321.787009,54,light_flex
1789707321.792383,53,light_flex
1789707321.797699,49,light_flex
1789707321.8030121,49,light_flex
1789707321.80807,51,light_flex
1789707321.813401,51,light_flex
1789707321.8185759,47,light_flex
1789707321.823854,46,light_flex
1789707321.829043,46,light_flex
1789707321.834432,46,light_flex
1789707321.839807,48,light_flex
1789707321.844672,48,light_flex
1789707321.8500109,45,light_flex
1789707321.855288,45,light_flex
1789707321.860533,46,light_flex
1789707321.865879,44,light_flex
1789707321.8711429,42,light_flex
1789707321.87633,40,light_flex
1789707321.881363,38,light_flex
1789707321.8866858,39,light_flex
1789707321.891994,43,light_flex
1789707321.897281,47,light_flex
1789707321.9025002,50,light_flex
1789707321.9077382,48,light_flex
1789707321.912948,44,light_flex
1789707321.9181068,43,light_flex
1789707321.923521,41,light_flex
1789707321.928641,43,light_flex
1789707321.934036,41,light_flex
1789707321.9391649,39,light_flex
1789707321.944319,45,light_flex
1789707321.949594,53,light_flex
1789707321.954846,57,light_flex
1789707321.9601102,55,light_flex
1789707321.965413,53,light_flex
1789707321.9709592,52,light_flex
1789707321.9757519,50,light_flex
1789707321.981014,47,light_flex
1789707321.986218,47,light_flex
1789707321.993902,55,light_flex
1789707321.996771,66,light_flex
1789707322.002014,78,light_flex
1789707322.0073001,75,light_flex
1789707322.0124822,70,light_flex
1789707322.017519,66,light_flex
1789707322.022767,74,light_flex
1789707322.028123,82,light_flex
1789707322.033545,85,light_flex
1789707322.0386162,95,light_flex
1789707322.0438569,93,light_flex
1789707322.049085,88,light_flex
1789707322.0543811,92,light_flex
1789707322.0862799,111,light_flex
1789707322.086376,135,light_flex
1789707322.0864441,126,light_flex
1789707322.086598,118,light_flex
1789707322.086678,107,light_flex
1789707322.0867379,96,light_flex
1789707322.1193652,107,light_flex
1789707322.119478,119,light_flex
1789707322.119554,121,light_flex
1789707322.119623,121,light_flex
1789707322.119688,117,light_flex
1789707322.1197498,137,light_flex
1789707322.1530108,159,light_flex
1789707322.153122,166,light_flex
1789707322.1531892,151,light_flex
1789707322.1532512,137,light_flex
1789707322.153313,129,light_flex
1789707322.153373,124,light_flex
1789707322.186843,128,light_flex
1789707322.186974,119,light_flex
1789707322.18704,116,light_flex
1789707322.1871018,113,light_flex
1789707322.187218,110,light_flex
1789707322.187314,102,light_flex
1789707322.187375,105,light_flex
1789707322.1917062,99,light_flex
1789707322.1969411,92,light_flex
1789707322.202374,92,light_flex
1789707322.235397,102,light_flex
1789707322.235486,137,light_flex
1789707322.2355368,180,light_flex
1789707322.2355871,169,light_flex
1789707322.235636,165,light_flex
1789707322.2356858,151,light_flex
1789707322.269075,184,light_flex
1789707322.2691689,209,light_flex
1789707322.2692301,215,light_flex
1789707322.269289,213,light_flex
1789707322.2693481,205,light_flex
1789707322.2694058,192,light_flex
1789707322.3028722,175,light_flex
1789707322.3030012,167,light_flex
1789707322.3030798,154,light_flex
1789707322.303144,180,light_flex
1789707322.30321,204,light_flex
1789707322.3033721,202,light_flex
1789707322.303471,190,light_flex
1789707322.337145,203,light_flex
1789707322.337249,212,light_flex
1789707322.3373299,203,light_flex
1789707322.337419,197,light_flex
1789707322.337482,200,light_flex
1789707322.3375418,201,light_flex
1789707322.370553,199,light_flex
1789707322.3706849,186,light_flex
1789707322.370775,187,light_flex
1789707322.370909,175,light_flex
1789707322.37098,162,light_flex
1789707322.371043,152,light_flex
1789707322.371104,172,light_flex
1789707322.404293,179,light_flex
1789707322.4044101,177,light_flex
1789707322.404479,174,light_flex
1789707322.404541,167,light_flex
1789707322.404604,164,light_flex
1789707322.404665,195,light_flex
1789707322.438106,186,light_flex
1789707322.4383569,166,light_flex
1789707322.438442,151,light_flex
1789707322.4387782,149,light_flex
1789707322.438868,143,light_flex
1789707322.439039,144,light_flex
1789707322.471945,140,light_flex
1789707322.472055,140,light_flex
1789707322.472107,153,light_flex
1789707322.472162,155,light_flex
1789707322.472218,163,light_flex
1789707322.472269,172,light_flex
1789707322.47232,162,light_flex
1789707322.506805,163,light_flex
1789707322.506926,164,light_flex
1789707322.507002,163,light_flex
1789707322.507072,159,light_flex
1789707322.507138,156,light_flex
1789707322.5072021,153,light_flex
1789707322.5396302,146,light_flex
1789707322.53986,142,light_flex
1789707322.539948,133,light_flex
1789707322.5400152,134,light_flex
1789707322.5400782,144,light_flex
1789707322.5401459,141,light_flex
1789707322.540214,161,light_flex
1789707322.573506,165,light_flex
1789707322.573621,162,light_flex
1789707322.573691,193,light_flex
1789707322.5737548,207,light_flex
1789707322.573817,205,light_flex
1789707322.57388,190,light_flex
1789707322.607324,180,light_flex
1789707322.607436,171,light_flex
1789707322.607508,155,light_flex
1789707322.607578,146,light_flex
1789707322.6076438,140,light_flex
1789707322.607708,141,light_flex
1789707322.6410859,179,light_flex
1789707322.6413062,188,light_flex
1789707322.641388,180,light_flex
1789707322.6414778,173,light_flex
1789707322.641551,169,light_flex
1789707322.641619,156,light_flex
1789707322.6416829,147,light_flex
1789707322.6748312,148,light_flex
1789707322.674933,142,light_flex
1789707322.675004,163,light_flex
1789707322.675062,182,light_flex
1789707322.6750982,167,light_flex
1789707322.675133,169,light_flex
1789707322.70864,193,light_flex
1789707322.7087412,212,light_flex
1789707322.708807,195,light_flex
1789707322.708871,213,light_flex
1789707322.7089438,199,light_flex
1789707322.709006,201,light_flex
1789707322.709068,195,light_flex
1789707322.742526,194,light_flex
1789707322.742624,182,light_flex
1789707322.742691,169,light_flex
1789707322.742754,165,light_flex
1789707322.742815,168,light_flex
1789707322.742877,170,light_flex
1789707322.776292,166,light_flex
1789707322.7763991,181,light_flex
1789707322.776466,164,light_flex
1789707322.776531,151,light_flex
1789707322.776594,159,light_flex
1789707322.7766569,154,light_flex
1789707322.8101041,145,light_flex
1789707322.810238,131,light_flex
1789707322.810308,123,light_flex
1789707322.810372,135,light_flex
1789707322.810434,120,light_flex
1789707322.810496,119,light_flex
1789707322.810559,114,light_flex
1789707322.8438752,129,light_flex
1789707322.844182,127,light_flex
1789707322.8442419,119,light_flex
1789707322.8442812,133,light_flex
1789707322.844316,126,light_flex
1789707322.8443499,126,light_flex
1789707322.877703,131,light_flex
1789707322.877811,132,light_flex
1789707322.877882,166,light_flex
1789707322.8779452,159,light_flex
1789707322.878019,157,light_flex
1789707322.878081,173,light_flex
1789707322.8781419,180,light_flex
1789707322.911586,208,light_flex
1789707322.911689,217,light_flex
1789707322.911754,217,light_flex
1789707322.911817,200,light_flex
1789707322.9118772,231,light_flex
1789707322.911938,229,light_flex
1789707322.9451,211,light_flex
1789707322.945159,195,light_flex
1789707322.945196,199,light_flex
1789707322.94523,198,light_flex
1789707322.945264,198,light_flex
1789707322.945297,191,light_flex
1789707322.979127,188,light_flex
1789707322.979264,182,light_flex
1789707322.9793391,172,light_flex
1789707322.979407,202,light_flex
1789707322.9794712,221,light_flex
1789707322.979533,241,light_flex
1789707322.979594,227,light_flex
1789707323.012946,216,light_flex
1789707323.0130482,202,light_flex
1789707323.013115,212,light_flex
1789707323.0131788,201,light_flex
1789707323.013263,195,light_flex
1789707323.013448,188,light_flex
1789707323.0469172,195,light_flex
1789707323.047039,198,light_flex
1789707323.0471098,189,light_flex
1789707323.047172,179,light_flex
1789707323.047232,184,light_flex
1789707323.047294,174,light_flex
1789707323.047352,165,light_flex
1789707323.0807061,159,light_flex
1789707323.080789,166,light_flex
1789707323.081084,171,light_flex
1789707323.081144,174,light_flex
1789707323.081187,190,light_flex
1789707323.081227,180,light_flex
1789707323.1143308,171,light_flex
1789707323.114429,169,light_flex
1789707323.114495,166,light_flex
1789707323.114558,167,light_flex
1789707323.114621,178,light_flex
1789707323.114683,183,light_flex
1789707323.148192,204,light_flex
1789707323.148345,232,light_flex
1789707323.14842,240,light_flex
1789707323.148486,226,light_flex
1789707323.148549,211,light_flex
1789707323.14861,198,light_flex
1789707323.148672,196,light_flex
1789707323.1820202,201,light_flex
1789707323.182123,183,light_flex
1789707323.182192,176,light_flex
1789707323.182258,191,light_flex
1789707323.1823208,186,light_flex
1789707323.182386,217,light_flex
1789707323.2158048,207,light_flex
1789707323.215913,215,light_flex
1789707323.215979,213,light_flex
1789707323.216042,208,light_flex
1789707323.216104,204,light_flex
1789707323.2161689,187,light_flex
1789707323.2162309,177,light_flex
1789707323.249845,173,light_flex
1789707323.249961,156,light_flex
1789707323.25012,147,light_flex
1789707323.2502122,179,light_flex
1789707323.250284,214,light_flex
1789707323.2503538,249,light_flex
1789707323.283447,249,light_flex
1789707323.2835462,227,light_flex
1789707323.2836108,208,light_flex
1789707323.283672,213,light_flex
1789707323.283732,199,light_flex
1789707323.28379,188,light_flex
1789707323.317209,174,light_flex
1789707323.317344,172,light_flex
1789707323.3174121,162,light_flex
1789707323.317476,157,light_flex
1789707323.317539,163,light_flex
1789707323.317601,189,light_flex
1789707323.317673,203,light_flex
1789707323.3510988,204,light_flex
1789707323.351229,199,light_flex
1789707323.3513,185,light_flex
1789707323.3513641,176,light_flex
1789707323.3514261,172,light_flex
1789707323.351488,187,light_flex
1789707323.3848388,183,light_flex
1789707323.384945,198,light_flex
1789707323.385013,202,light_flex
1789707323.385076,228,light_flex
1789707323.385138,234,light_flex
1789707323.385198,227,light_flex
1789707323.385258,220,light_flex
1789707323.418751,205,light_flex
1789707323.418852,188,light_flex
1789707323.4189298,186,light_flex
1789707323.418995,180,light_flex
1789707323.419057,167,light_flex
1789707323.4191191,153,light_flex
1789707323.45261,141,light_flex
1789707323.4527192,139,light_flex
1789707323.452787,141,light_flex
1789707323.452855,135,light_flex
1789707323.4529212,147,light_flex
1789707323.452986,149,light_flex
1789707323.486321,149,light_flex
1789707323.486453,161,light_flex
1789707323.48652,165,light_flex
1789707323.486583,155,light_flex
1789707323.4866428,158,light_flex
1789707323.486704,155,light_flex
1789707323.486777,156,light_flex
1789707323.520106,157,light_flex
1789707323.5202,152,light_flex
1789707323.520264,145,light_flex
1789707323.520326,134,light_flex
1789707323.520385,129,light_flex
1789707323.5204449,130,light_flex
1789707323.553896,126,light_flex
1789707323.553997,121,light_flex
1789707323.554065,127,light_flex
1789707323.554128,132,light_flex
1789707323.554191,126,light_flex
1789707323.554253,115,light_flex
1789707323.554315,113,light_flex
1789707323.587766,115,light_flex
1789707323.587861,128,light_flex
1789707323.587926,135,light_flex
1789707323.587988,133,light_flex
1789707323.588049,123,light_flex
1789707323.588108,114,light_flex
1789707323.6025238,110,light_flex
1789707323.602636,101,light_flex
1789707323.602696,91,light_flex
1789707323.607506,84,light_flex
1789707323.6129699,83,light_flex
1789707323.617951,91,light_flex
1789707323.623455,98,light_flex
1789707323.628286,96,light_flex
1789707323.633814,99,light_flex
1789707323.666708,103,light_flex
1789707323.666765,115,light_flex
1789707323.6667929,113,light_flex
1789707323.6668181,127,light_flex
1789707323.6668422,144,light_flex
1789707323.6668658,137,light_flex
1789707323.696998,122,light_flex
1789707323.697095,113,light_flex
1789707323.6972039,110,light_flex
1789707323.697278,101,light_flex
1789707323.697564,102,light_flex
1789707323.697642,98,light_flex
1789707323.7300758,101,light_flex
1789707323.730177,140,light_flex
1789707323.730242,161,light_flex
1789707323.7303119,151,light_flex
1789707323.7303832,141,light_flex
1789707323.730454,138,light_flex
1789707323.763826,130,light_flex
1789707323.763927,137,light_flex
1789707323.763995,135,light_flex
1789707323.7640588,126,light_flex
1789707323.764124,117,light_flex
1789707323.7641869,117,light_flex
1789707323.797598,145,light_flex
1789707323.797739,144,light_flex
1789707323.7978141,149,light_flex
1789707323.7978802,142,light_flex
1789707323.797943,133,light_flex
1789707323.798005,131,light_flex
1789707323.798068,129,light_flex
1789707323.8314931,123,light_flex
1789707323.8315892,146,light_flex
1789707323.831655,171,light_flex
1789707323.831718,180,light_flex
1789707323.831795,181,light_flex
1789707323.831858,193,light_flex
1789707323.8652852,200,light_flex
1789707323.8654048,183,light_flex
1789707323.865481,191,light_flex
1789707323.865549,175,light_flex
1789707323.865613,161,light_flex
1789707323.865678,152,light_flex
1789707323.8657432,146,light_flex
1789707323.899165,141,light_flex
1789707323.8992682,130,light_flex
1789707323.899339,134,light_flex
1789707323.8994071,132,light_flex
1789707323.899473,128,light_flex
1789707323.899541,126,light_flex
1789707323.932956,125,light_flex
1789707323.9330611,122,light_flex
1789707323.9331331,124,light_flex
1789707323.9332008,159,light_flex
1789707323.933263,179,light_flex
1789707323.933323,176,light_flex
1789707323.9667552,190,light_flex
1789707323.96689,197,light_flex
1789707323.966966,200,light_flex
1789707323.967037,200,light_flex
1789707323.967103,190,light_flex
1789707323.96717,184,light_flex
1789707323.9672399,173,light_flex
1789707324.000554,172,light_flex
1789707324.000718,166,light_flex
1789707324.000774,161,light_flex
1789707324.00082,157,light_flex
1789707324.0008588,149,light_flex
1789707324.000897,136,light_flex
1789707324.034325,121,light_flex
1789707324.034435,122,light_flex
1789707324.0345101,117,light_flex
1789707324.0345778,137,light_flex
1789707324.034646,158,light_flex
1789707324.0347111,166,light_flex
1789707324.034793,158,light_flex
1789707324.068181,147,light_flex
1789707324.068289,141,light_flex
1789707324.068361,139,light_flex
1789707324.068427,147,light_flex
1789707324.068494,147,light_flex
1789707324.068562,144,light_flex
1789707324.101931,140,light_flex
1789707324.102039,141,light_flex
1789707324.102109,146,light_flex
1789707324.102174,166,light_flex
1789707324.1022358,182,light_flex
1789707324.102297,175,light_flex
1789707324.135791,165,light_flex
1789707324.1359448,169,light_flex
1789707324.1360269,165,light_flex
1789707324.1360981,159,light_flex
1789707324.136163,150,light_flex
1789707324.1362271,138,light_flex
1789707324.136288,143,light_flex
1789707324.1697888,147,light_flex
1789707324.169954,136,light_flex
1789707324.170028,150,light_flex
1789707324.1700969,151,light_flex
1789707324.170176,149,light_flex
1789707324.1703591,154,light_flex
1789707324.2032928,155,light_flex
1789707324.2036512,155,light_flex
1789707324.2037241,151,light_flex
1789707324.203787,140,light_flex
1789707324.2038589,145,light_flex
1789707324.203924,143,light_flex
1789707324.204007,145,light_flex
1789707324.23705,160,light_flex
1789707324.2371478,171,light_flex
1789707324.237228,169,light_flex
1789707324.237291,168,light_flex
1789707324.237472,157,light_flex
1789707324.237536,158,light_flex
1789707324.270782,161,light_flex
1789707324.271072,182,light_flex
1789707324.2711391,185,light_flex
1789707324.2711868,172,light_flex
1789707324.271252,163,light_flex
1789707324.271298,148,light_flex
1789707324.304553,143,light_flex
1789707324.3046882,142,light_flex
1789707324.304758,151,light_flex
1789707324.304824,160,light_flex
1789707324.3049011,145,light_flex
1789707324.304963,135,light_flex
1789707324.3051362,125,light_flex
1789707324.338565,135,light_flex
1789707324.338655,153,light_flex
1789707324.3387089,170,light_flex
1789707324.3387551,157,light_flex
1789707324.3388002,143,light_flex
1789707324.3388429,149,light_flex
1789707324.372289,143,light_flex
1789707324.3723898,139,light_flex
1789707324.372519,130,light_flex
1789707324.3727272,123,light_flex
1789707324.3728352,115,light_flex
1789707324.372906,121,light_flex
1789707324.372973,143,light_flex
1789707324.406131,171,light_flex
1789707324.406202,175,light_flex
1789707324.4062421,168,light_flex
1789707324.406278,152,light_flex
1789707324.406313,145,light_flex
1789707324.406348,142,light_flex
1789707324.440052,141,light_flex
1789707324.440161,155,light_flex
1789707324.44023,145,light_flex
1789707324.440298,141,light_flex
1789707324.440361,147,light_flex
1789707324.4404218,146,light_flex
1789707324.4738271,150,light_flex
1789707324.473967,155,light_flex
1789707324.474037,163,light_flex
1789707324.4740999,189,light_flex
1789707324.4741619,208,light_flex
1789707324.4742231,200,light_flex
1789707324.474282,214,light_flex
1789707324.507661,210,light_flex
1789707324.507767,198,light_flex
1789707324.5078368,191,light_flex
1789707324.507911,183,light_flex
1789707324.507979,175,light_flex
1789707324.508208,186,light_flex
1789707324.5413718,190,light_flex
1789707324.5414772,188,light_flex
1789707324.541541,190,light_flex
1789707324.541603,203,light_flex
1789707324.541663,216,light_flex
1789707324.5417228,224,light_flex
1789707324.541782,224,light_flex
1789707324.5752451,219,light_flex
1789707324.575341,206,light_flex
1789707324.575406,190,light_flex
1789707324.575467,178,light_flex
1789707324.575528,178,light_flex
1789707324.575588,163,light_flex
1789707324.608981,167,light_flex
1789707324.60908,170,light_flex
1789707324.609146,172,light_flex
1789707324.60921,176,light_flex
1789707324.609272,178,light_flex
1789707324.609333,177,light_flex
1789707324.6427789,172,light_flex
1789707324.642899,177,light_flex
1789707324.642966,190,light_flex
1789707324.6430268,204,light_flex
1789707324.6430871,201,light_flex
1789707324.643147,187,light_flex
1789707324.6432068,172,light_flex
1789707324.676672,172,light_flex
1789707324.6767712,175,light_flex
1789707324.676838,163,light_flex
1789707324.676911,158,light_flex
1789707324.676973,157,light_flex
1789707324.677034,158,light_flex
1789707324.710436,150,light_flex
1789707324.7105448,157,light_flex
1789707324.710618,148,light_flex
1789707324.7106838,139,light_flex
1789707324.7107542,153,light_flex
1789707324.710824,176,light_flex
1789707324.710892,184,light_flex
1789707324.7444339,185,light_flex
1789707324.744541,210,light_flex
1789707324.7446132,216,light_flex
1789707324.7446778,217,light_flex
1789707324.744739,224,light_flex
1789707324.744799,228,light_flex
1789707324.778046,227,light_flex
1789707324.7781508,221,light_flex
1789707324.77822,228,light_flex
1789707324.778285,234,light_flex
1789707324.7783492,236,light_flex
1789707324.778412,261,light_flex
1789707324.811868,236,light_flex
1789707324.812001,222,light_flex
1789707324.812068,226,light_flex
1789707324.8121312,216,light_flex
1789707324.812192,226,light_flex
1789707324.8122509,214,light_flex
1789707324.812311,206,light_flex
1789707324.845602,210,light_flex
1789707324.845674,232,light_flex
1789707324.845713,269,light_flex
1789707324.845748,285,light_flex
1789707324.84578,276,light_flex
1789707324.845812,252,light_flex
1789707324.879342,228,light_flex
1789707324.8793752,221,light_flex
1789707324.8793962,200,light_flex
1789707324.879416,180,light_flex
1789707324.879436,178,light_flex
1789707324.879456,163,light_flex
1789707324.8794749,165,light_flex
1789707324.9130821,157,light_flex
1789707324.9131,155,light_flex
1789707324.913114,162,light_flex
1789707324.913127,152,light_flex
1789707324.91314,147,light_flex
1789707324.913153,147,light_flex
1789707324.946861,155,light_flex
1789707324.946889,148,light_flex
1789707324.946906,193,light_flex
1789707324.946923,206,light_flex
1789707324.946941,227,light_flex
1789707324.946958,222,light_flex
1789707324.980717,219,light_flex
1789707324.980753,231,light_flex
1789707324.980779,223,light_flex
1789707324.980802,206,light_flex
1789707324.9808252,200,light_flex
1789707324.980848,184,light_flex
1789707324.980871,169,light_flex
1789707325.014634,179,light_flex
1789707325.014691,184,light_flex
1789707325.0147269,191,light_flex
1789707325.01476,178,light_flex
1789707325.014793,174,light_flex
1789707325.014824,184,light_flex
1789707325.048539,179,light_flex
1789707325.0486422,185,light_flex
1789707325.0487092,174,light_flex
1789707325.048772,162,light_flex
1789707325.0488331,156,light_flex
1789707325.048893,177,light_flex
1789707325.048953,167,light_flex
1789707325.082434,169,light_flex
1789707325.082538,164,light_flex
1789707325.0826108,153,light_flex
1789707325.082676,143,light_flex
1789707325.082741,130,light_flex
1789707325.082804,132,light_flex
1789707325.1162932,133,light_flex
1789707325.1164029,137,light_flex
1789707325.1164749,162,light_flex
1789707325.11654,156,light_flex
1789707325.1166022,161,light_flex
1789707325.116663,158,light_flex
1789707325.1499991,156,light_flex
1789707325.150152,153,light_flex
1789707325.15023,141,light_flex
1789707325.1502998,139,light_flex
1789707325.150367,135,light_flex
1789707325.15043,147,light_flex
1789707325.150495,140,light_flex
1789707325.18384,155,light_flex
1789707325.1839418,172,light_flex
1789707325.184007,173,light_flex
1789707325.1840682,180,light_flex
1789707325.184128,171,light_flex
1789707325.184187,175,light_flex
1789707325.217543,177,light_flex
1789707325.217647,183,light_flex
1789707325.2177138,173,light_flex
1789707325.217779,173,light_flex
1789707325.2178419,167,light_flex
1789707325.2179031,159,light_flex
1789707325.2179651,183,light_flex
1789707325.2515578,174,light_flex
1789707325.2516658,167,light_flex
1789707325.2517571,159,light_flex
1789707325.251828,150,light_flex
1789707325.2518961,139,light_flex
1789707325.251959,128,light_flex
1789707325.285195,123,light_flex
1789707325.2852962,121,light_flex
1789707325.285363,137,light_flex
1789707325.285425,154,light_flex
1789707325.285485,142,light_flex
1789707325.285544,142,light_flex
1789707325.319238,140,light_flex
1789707325.31936,135,light_flex
1789707325.319427,136,light_flex
1789707325.319469,139,light_flex
1789707325.319506,134,light_flex
1789707325.31954,137,light_flex
1789707325.319573,132,light_flex
1789707325.3528829,122,light_flex
1789707325.352988,111,light_flex
1789707325.353055,106,light_flex
1789707325.353117,106,light_flex
1789707325.353178,109,light_flex
1789707325.353236,111,light_flex
1789707325.361105,106,light_flex
1789707325.361247,95,light_flex
1789707325.394078,106,light_flex
1789707325.394182,117,light_flex
1789707325.39425,135,light_flex
1789707325.394315,135,light_flex
1789707325.394379,131,light_flex
1789707325.394441,122,light_flex
1789707325.427895,128,light_flex
1789707325.42801,134,light_flex
1789707325.428077,127,light_flex
1789707325.428141,121,light_flex
1789707325.428202,123,light_flex
1789707325.428264,143,light_flex
1789707325.461514,160,light_flex
1789707325.4616141,160,light_flex
1789707325.461848,162,light_flex
1789707325.461895,160,light_flex
1789707325.461976,147,light_flex
1789707325.462019,134,light_flex
1789707325.462053,130,light_flex
1789707325.495543,123,light_flex
1789707325.495643,121,light_flex
1789707325.49571,119,light_flex
1789707325.495774,114,light_flex
1789707325.495836,112,light_flex
1789707325.495897,126,light_flex
1789707325.529296,141,light_flex
1789707325.529407,160,light_flex
1789707325.52948,147,light_flex
1789707325.5295491,138,light_flex
1789707325.5296159,128,light_flex
1789707325.529682,123,light_flex
1789707325.529747,121,light_flex
1789707325.563211,127,light_flex
1789707325.5633202,130,light_flex
1789707325.563392,124,light_flex
1789707325.563458,134,light_flex
1789707325.563521,160,light_flex
1789707325.563585,185,light_flex
1789707325.596884,171,light_flex
1789707325.59701,156,light_flex
1789707325.597085,154,light_flex
1789707325.597151,159,light_flex
1789707325.597215,155,light_flex
1789707325.5972779,161,light_flex
1789707325.630753,169,light_flex
1789707325.630904,178,light_flex
1789707325.63098,177,light_flex
1789707325.631049,178,light_flex
1789707325.631115,168,light_flex
1789707325.63118,158,light_flex
1789707325.6312451,156,light_flex
1789707325.664614,156,light_flex
1789707325.664714,148,light_flex
1789707325.664784,135,light_flex
1789707325.664852,126,light_flex
1789707325.66492,122,light_flex
1789707325.6649861,132,light_flex
1789707325.6983721,131,light_flex
1789707325.698485,172,light_flex
1789707325.69856,221,light_flex
1789707325.6986291,211,light_flex
1789707325.698695,196,light_flex
1789707325.698761,175,light_flex
1789707325.698827,161,light_flex
1789707325.7322838,171,light_flex
1789707325.732395,163,light_flex
1789707325.732469,154,light_flex
1789707325.7325351,141,light_flex
1789707325.732598,139,light_flex
1789707325.732658,143,light_flex
1789707325.76601,140,light_flex
1789707325.76611,158,light_flex
1789707325.766179,166,light_flex
1789707325.7662468,167,light_flex
1789707325.766313,149,light_flex
1789707325.766377,158,light_flex
1789707325.799975,170,light_flex
1789707325.800132,163,light_flex
1789707325.800212,172,light_flex
1789707325.8002791,178,light_flex
1789707325.800341,192,light_flex
1789707325.800402,222,light_flex
1789707325.8004632,211,light_flex
1789707325.833707,200,light_flex
1789707325.833824,198,light_flex
1789707325.8339,187,light_flex
1789707325.8339689,175,light_flex
1789707325.834034,159,light_flex
1789707325.834102,151,light_flex
1789707325.867367,139,light_flex
1789707325.867472,149,light_flex
1789707325.8675299,139,light_flex
1789707325.867578,133,light_flex
1789707325.867626,148,light_flex
1789707325.867672,140,light_flex
1789707325.867716,125,light_flex
1789707325.9012532,139,light_flex
1789707325.901352,139,light_flex
1789707325.90142,127,light_flex
1789707325.901484,121,light_flex
1789707325.901547,126,light_flex
1789707325.9016142,138,light_flex
1789707325.93508,146,light_flex
1789707325.9351869,143,light_flex
1789707325.935255,144,light_flex
1789707325.935319,147,light_flex
1789707325.935391,154,light_flex
1789707325.935454,157,light_flex
1789707325.968801,166,light_flex
1789707325.968927,156,light_flex
1789707325.968996,140,light_flex
1789707325.969059,133,light_flex
1789707325.969121,124,light_flex
1789707325.969185,119,light_flex
1789707325.969249,135,light_flex
1789707326.0028858,128,light_flex
1789707326.0029938,137,light_flex
1789707326.003069,133,light_flex
1789707326.0031402,124,light_flex
1789707326.003204,127,light_flex
1789707326.003264,122,light_flex
1789707326.03666,120,light_flex
1789707326.036853,114,light_flex
1789707326.036923,127,light_flex
1789707326.0369852,130,light_flex
1789707326.03705,124,light_flex
1789707326.037112,115,light_flex
1789707326.037171,125,light_flex
1789707326.070219,125,light_flex
1789707326.070307,111,light_flex
1789707326.070373,104,light_flex
1789707326.070435,114,light_flex
1789707326.070498,115,light_flex
1789707326.07056,122,light_flex
1789707326.1039732,136,light_flex
1789707326.104065,161,light_flex
1789707326.1041322,158,light_flex
1789707326.104195,159,light_flex
1789707326.1042812,147,light_flex
1789707326.104348,139,light_flex
1789707326.137841,153,light_flex
1789707326.1379771,171,light_flex
1789707326.138058,170,light_flex
1789707326.138121,161,light_flex
1789707326.138196,149,light_flex
1789707326.138314,138,light_flex
1789707326.138369,137,light_flex
1789707326.1717162,143,light_flex
1789707326.1719308,131,light_flex
1789707326.1720982,145,light_flex
1789707326.1721768,134,light_flex
1789707326.172244,130,light_flex
1789707326.172308,120,light_flex
1789707326.2055411,119,light_flex
1789707326.205654,118,light_flex
1789707326.205745,120,light_flex
1789707326.205886,111,light_flex
1789707326.206381,130,light_flex
1789707326.206464,123,light_flex
1789707326.2065349,122,light_flex
1789707326.239288,140,light_flex
1789707326.239382,151,light_flex
1789707326.239468,150,light_flex
1789707326.239536,155,light_flex
1789707326.239599,171,light_flex
1789707326.239661,171,light_flex
1789707326.273086,163,light_flex
1789707326.2731688,156,light_flex
1789707326.273215,145,light_flex
1789707326.273258,146,light_flex
1789707326.2733,143,light_flex
1789707326.273341,132,light_flex
1789707326.306918,123,light_flex
1789707326.3070562,119,light_flex
1789707326.3071291,171,light_flex
1789707326.307196,213,light_flex
1789707326.307264,212,light_flex
1789707326.307339,206,light_flex
1789707326.30741,187,light_flex
1789707326.340765,180,light_flex
1789707326.3408651,165,light_flex
1789707326.34093,163,light_flex
1789707326.340993,163,light_flex
1789707326.341055,160,light_flex
1789707326.341115,160,light_flex
1789707326.374629,166,light_flex
1789707326.374757,169,light_flex
1789707326.3750038,166,light_flex
1789707326.375139,197,light_flex
1789707326.375211,230,light_flex
1789707326.375278,241,light_flex
1789707326.37534,238,light_flex
1789707326.408396,217,light_flex
1789707326.4084952,200,light_flex
1789707326.408559,188,light_flex
1789707326.40862,185,light_flex
1789707326.408681,180,light_flex
1789707326.40874,174,light_flex
1789707326.442179,166,light_flex
1789707326.442276,160,light_flex
1789707326.442341,155,light_flex
1789707326.442403,145,light_flex
1789707326.442465,139,light_flex
1789707326.442525,141,light_flex
1789707326.475931,144,light_flex
1789707326.4760551,151,light_flex
1789707326.47612,159,light_flex
1789707326.476181,181,light_flex
1789707326.47624,181,light_flex
1789707326.4763,175,light_flex
1789707326.476358,182,light_flex
1789707326.509693,170,light_flex
1789707326.509758,156,light_flex
1789707326.5097978,148,light_flex
1789707326.509842,139,light_flex
1789707326.509877,135,light_flex
1789707326.509909,140,light_flex
1789707326.543541,134,light_flex
1789707326.543649,136,light_flex
1789707326.5437179,130,light_flex
1789707326.543783,122,light_flex
1789707326.5438468,118,light_flex
1789707326.5439098,155,light_flex
1789707326.543972,179,light_flex
1789707326.577769,237,light_flex
1789707326.577854,223,light_flex
1789707326.577898,208,light_flex
1789707326.5779421,185,light_flex
1789707326.5779788,171,light_flex
1789707326.578016,154,light_flex
1789707326.611278,163,light_flex
1789707326.6113799,152,light_flex
1789707326.611445,151,light_flex
1789707326.611506,169,light_flex
1789707326.611565,163,light_flex
1789707326.611647,150,light_flex
1789707326.6449559,140,light_flex
1789707326.645061,142,light_flex
1789707326.6451042,161,light_flex
1789707326.645141,186,light_flex
1789707326.645175,192,light_flex
1789707326.6452081,183,light_flex
1789707326.645241,168,light_flex
1789707326.678847,174,light_flex
1789707326.678972,175,light_flex
1789707326.679049,167,light_flex
1789707326.679148,159,light_flex
1789707326.6792178,157,light_flex
1789707326.6792908,152,light_flex
1789707326.7128189,160,light_flex
1789707326.713164,162,light_flex
1789707326.7132149,158,light_flex
1789707326.713293,149,light_flex
1789707326.7134259,139,light_flex
1789707326.713662,151,light_flex
1789707326.713703,155,light_flex
1789707326.746476,157,light_flex
1789707326.7465742,165,light_flex
1789707326.746728,168,light_flex
1789707326.746803,174,light_flex
1789707326.746869,172,light_flex
1789707326.746929,163,light_flex
1789707326.7810612,149,light_flex
1789707326.781179,142,light_flex
1789707326.781249,137,light_flex
1789707326.7813041,135,light_flex
1789707326.7813592,129,light_flex
1789707326.78145,125,light_flex
1789707326.808534,119,light_flex
1789707326.808667,118,light_flex
1789707326.808736,119,light_flex
1789707326.808799,114,light_flex
1789707326.8088598,106,light_flex
1789707326.8089118,97,light_flex
1789707326.813691,90,light_flex
1789707326.847105,121,light_flex
1789707326.847168,147,light_flex
1789707326.847208,144,light_flex
1789707326.847244,149,light_flex
1789707326.847282,140,light_flex
1789707326.847324,141,light_flex
1789707326.880524,133,light_flex
1789707326.880627,119,light_flex
1789707326.880694,113,light_flex
1789707326.880757,110,light_flex
1789707326.88082,111,light_flex
1789707326.880882,117,light_flex
1789707326.909021,112,light_flex
1789707326.909251,103,light_flex
1789707326.909308,108,light_flex
1789707326.909454,108,light_flex
1789707326.909503,101,light_flex
1789707326.909533,98,light_flex
1789707326.941827,105,light_flex
1789707326.941922,103,light_flex
1789707326.941986,101,light_flex
1789707326.942048,104,light_flex
1789707326.942108,133,light_flex
1789707326.942168,165,light_flex
1789707326.9757,163,light_flex
1789707326.975788,163,light_flex
1789707326.975838,153,light_flex
1789707326.975883,147,light_flex
1789707326.975921,135,light_flex
1789707326.9759629,136,light_flex
1789707327.009345,160,light_flex
1789707327.009472,177,light_flex
1789707327.0095391,175,light_flex
1789707327.009601,177,light_flex
1789707327.0096629,175,light_flex
1789707327.009724,177,light_flex
1789707327.009797,176,light_flex
1789707327.0432189,162,light_flex
1789707327.0432901,154,light_flex
1789707327.043327,173,light_flex
1789707327.0433621,178,light_flex
1789707327.043394,172,light_flex
1789707327.0434282,168,light_flex
1789707327.077016,166,light_flex
1789707327.077122,159,light_flex
1789707327.07719,162,light_flex
1789707327.077255,155,light_flex
1789707327.077319,174,light_flex
1789707327.0773811,175,light_flex
1789707327.077441,175,light_flex
1789707327.1111622,198,light_flex
1789707327.111278,197,light_flex
1789707327.111319,188,light_flex
1789707327.111354,175,light_flex
1789707327.1113868,166,light_flex
1789707327.1114292,163,light_flex
1789707327.144664,187,light_flex
1789707327.1447659,214,light_flex
1789707327.144833,199,light_flex
1789707327.144896,182,light_flex
1789707327.144958,171,light_flex
1789707327.145018,170,light_flex
1789707327.178772,159,light_flex
1789707327.178874,155,light_flex
1789707327.178912,151,light_flex
1789707327.178946,155,light_flex
1789707327.1789792,164,light_flex
1789707327.179029,154,light_flex
1789707327.179115,142,light_flex
1789707327.212378,142,light_flex
1789707327.212492,172,light_flex
1789707327.212577,172,light_flex
1789707327.212645,179,light_flex
1789707327.2127092,179,light_flex
1789707327.212777,165,light_flex
1789707327.246132,157,light_flex
1789707327.246214,186,light_flex
1789707327.246252,206,light_flex
1789707327.2462878,201,light_flex
1789707327.246419,192,light_flex
1789707327.2464561,181,light_flex
1789707327.2468,165,light_flex
1789707327.279833,161,light_flex
1789707327.280179,153,light_flex
1789707327.280253,146,light_flex
1789707327.280315,136,light_flex
1789707327.280374,127,light_flex
1789707327.280444,169,light_flex
1789707327.3138182,175,light_flex
1789707327.313898,183,light_flex
1789707327.3139489,170,light_flex
1789707327.313996,154,light_flex
1789707327.314042,146,light_flex
1789707327.314087,143,light_flex
1789707327.347491,131,light_flex
1789707327.3476322,123,light_flex
1789707327.347703,129,light_flex
1789707327.347767,141,light_flex
1789707327.347829,135,light_flex
1789707327.3478909,137,light_flex
1789707327.3479528,147,light_flex
1789707327.381346,145,light_flex
1789707327.38146,144,light_flex
1789707327.381535,131,light_flex
1789707327.3816,126,light_flex
1789707327.381663,175,light_flex
1789707327.381726,241,light_flex
1789707327.4150999,240,light_flex
1789707327.415206,233,light_flex
1789707327.415273,218,light_flex
1789707327.415336,209,light_flex
1789707327.4154,199,light_flex
1789707327.4154618,191,light_flex
1789707327.415526,176,light_flex
1789707327.448603,174,light_flex
1789707327.44864,165,light_flex
1789707327.448663,153,light_flex
1789707327.4486852,147,light_flex
1789707327.448708,142,light_flex
1789707327.4487302,139,light_flex
1789707327.4824052,125,light_flex
1789707327.482443,145,light_flex
1789707327.482466,156,light_flex
1789707327.4824882,167,light_flex
1789707327.48251,168,light_flex
1789707327.482532,163,light_flex
1789707327.5163038,179,light_flex
1789707327.516408,180,light_flex
1789707327.51647,184,light_flex
1789707327.5165288,175,light_flex
1789707327.516588,188,light_flex
1789707327.5166469,181,light_flex
1789707327.5167072,174,light_flex
1789707327.550176,161,light_flex
1789707327.5502641,163,light_flex
1789707327.5503302,163,light_flex
1789707327.550391,160,light_flex
1789707327.550451,162,light_flex
1789707327.5505111,154,light_flex
1789707327.583971,148,light_flex
1789707327.5840619,166,light_flex
1789707327.584127,172,light_flex
1789707327.584188,172,light_flex
1789707327.584248,167,light_flex
1789707327.584309,159,light_flex
1789707327.5843809,166,light_flex
1789707327.6178958,174,light_flex
1789707327.6179829,159,light_flex
1789707327.618048,144,light_flex
1789707327.61811,149,light_flex
1789707327.61817,156,light_flex
1789707327.618243,158,light_flex
1789707327.651788,158,light_flex
1789707327.6518688,177,light_flex
1789707327.651911,164,light_flex
1789707327.651947,157,light_flex
1789707327.651984,141,light_flex
1789707327.652021,132,light_flex
1789707327.685611,122,light_flex
1789707327.685745,120,light_flex
1789707327.685814,122,light_flex
1789707327.685877,119,light_flex
1789707327.6859388,129,light_flex
1789707327.6860008,130,light_flex
1789707327.6860611,131,light_flex
1789707327.719525,136,light_flex
1789707327.719632,135,light_flex
1789707327.719703,146,light_flex
1789707327.719767,144,light_flex
1789707327.71983,131,light_flex
1789707327.719894,131,light_flex
1789707327.753237,125,light_flex
1789707327.753323,118,light_flex
1789707327.753372,124,light_flex
1789707327.753417,115,light_flex
1789707327.753462,115,light_flex
1789707327.753505,123,light_flex
1789707327.753549,129,light_flex
1789707327.7871108,130,light_flex
1789707327.787224,124,light_flex
1789707327.787294,116,light_flex
1789707327.787359,108,light_flex
1789707327.787424,109,light_flex
1789707327.787488,136,light_flex
1789707327.8208792,165,light_flex
1789707327.820981,187,light_flex
1789707327.821047,182,light_flex
1789707327.82111,209,light_flex
1789707327.821172,228,light_flex
1789707327.821234,215,light_flex
1789707327.8546932,216,light_flex
1789707327.8548322,227,light_flex
1789707327.854909,213,light_flex
1789707327.85498,198,light_flex
1789707327.855047,181,light_flex
1789707327.855113,167,light_flex
1789707327.855179,154,light_flex
1789707327.8885188,154,light_flex
1789707327.888621,159,light_flex
1789707327.8886888,172,light_flex
1789707327.8887522,195,light_flex
1789707327.888814,197,light_flex
1789707327.888876,202,light_flex
1789707327.922306,198,light_flex
1789707327.9224188,182,light_flex
1789707327.922493,170,light_flex
1789707327.9225652,159,light_flex
1789707327.922633,148,light_flex
1789707327.9227788,139,light_flex
1789707327.9229639,133,light_flex
1789707327.9563022,124,light_flex
1789707327.956439,143,light_flex
1789707327.956662,154,light_flex
1789707327.9567518,150,light_flex
1789707327.956949,185,light_flex
1789707327.957023,174,light_flex
1789707327.990769,176,light_flex
1789707327.991033,163,light_flex
1789707327.991328,153,light_flex
1789707327.9913962,151,light_flex
1789707327.991458,137,light_flex
1789707327.991519,142,light_flex
1789707328.023846,148,light_flex
1789707328.023992,153,light_flex
1789707328.024066,150,light_flex
1789707328.024131,147,light_flex
1789707328.024195,134,light_flex
1789707328.02426,133,light_flex
1789707328.024329,127,light_flex
1789707328.057576,133,light_flex
1789707328.057674,162,light_flex
1789707328.0577412,156,light_flex
1789707328.057804,154,light_flex
1789707328.057867,142,light_flex
1789707328.057929,139,light_flex
1789707328.091433,153,light_flex
1789707328.0915442,173,light_flex
1789707328.091615,161,light_flex
1789707328.091681,146,light_flex
1789707328.091744,134,light_flex
1789707328.091907,126,light_flex
1789707328.092097,116,light_flex
1789707328.1253529,114,light_flex
1789707328.125479,123,light_flex
1789707328.125537,131,light_flex
1789707328.125576,134,light_flex
1789707328.125616,124,light_flex
1789707328.125806,114,light_flex
1789707328.15892,135,light_flex
1789707328.159022,156,light_flex
1789707328.1590898,177,light_flex
1789707328.159155,160,light_flex
1789707328.159232,157,light_flex
1789707328.159296,143,light_flex
1789707328.1927922,128,light_flex
1789707328.192938,130,light_flex
1789707328.1930099,137,light_flex
1789707328.193074,173,light_flex
1789707328.1931362,174,light_flex
1789707328.193195,184,light_flex
1789707328.193254,178,light_flex
1789707328.2266319,168,light_flex
1789707328.226733,168,light_flex
1789707328.2268002,163,light_flex
1789707328.2268631,157,light_flex
1789707328.226926,157,light_flex
1789707328.226988,150,light_flex
1789707328.260414,156,light_flex
1789707328.2605,164,light_flex
1789707328.260556,169,light_flex
1789707328.260708,171,light_flex
1789707328.260767,162,light_flex
1789707328.2608168,148,light_flex
1789707328.260863,145,light_flex
1789707328.2942898,145,light_flex
1789707328.2943912,158,light_flex
1789707328.294584,187,light_flex
1789707328.29467,184,light_flex
1789707328.294743,167,light_flex
1789707328.29481,164,light_flex
1789707328.3280718,158,light_flex
1789707328.328172,152,light_flex
1789707328.3282418,147,light_flex
1789707328.328305,148,light_flex
1789707328.328366,135,light_flex
1789707328.328426,136,light_flex
1789707328.3618839,139,light_flex
1789707328.362026,140,light_flex
1789707328.362106,140,light_flex
1789707328.362197,143,light_flex
1789707328.3622642,136,light_flex
1789707328.362326,143,light_flex
1789707328.362387,130,light_flex
1789707328.39342,136,light_flex
1789707328.3934982,133,light_flex
1789707328.393555,123,light_flex
1789707328.3936052,112,light_flex
1789707328.3936472,105,light_flex
1789707328.393683,95,light_flex
1789707328.3987,91,light_flex
1789707328.403786,91,light_flex
1789707328.437206,100,light_flex
1789707328.4372962,119,light_flex
1789707328.437362,147,light_flex
1789707328.437443,146,light_flex
1789707328.437506,151,light_flex
1789707328.437574,147,light_flex
1789707328.470402,154,light_flex
1789707328.470517,156,light_flex
1789707328.4705868,149,light_flex
1789707328.470664,141,light_flex
1789707328.470732,133,light_flex
1789707328.470794,138,light_flex
1789707328.504224,130,light_flex
1789707328.504351,123,light_flex
1789707328.5044281,122,light_flex
1789707328.5046568,123,light_flex
1789707328.504713,123,light_flex
1789707328.504769,122,light_flex
1789707328.5048141,116,light_flex
1789707328.5305889,112,light_flex
1789707328.530695,112,light_flex
1789707328.530766,107,light_flex
1789707328.530833,100,light_flex
1789707328.5308878,97,light_flex
1789707328.535795,94,light_flex
1789707328.541109,89,light_flex
1789707328.5461109,94,light_flex
1789707328.579315,110,light_flex
1789707328.579673,138,light_flex
1789707328.579745,160,light_flex
1789707328.5797892,153,light_flex
1789707328.5798268,148,light_flex
1789707328.579867,136,light_flex
1789707328.6129768,126,light_flex
1789707328.613081,119,light_flex
1789707328.613151,112,light_flex
1789707328.613248,110,light_flex
1789707328.61357,102,light_flex
1789707328.613664,101,light_flex
1789707328.647003,105,light_flex
1789707328.647109,127,light_flex
1789707328.6471622,133,light_flex
1789707328.6472,139,light_flex
1789707328.647233,133,light_flex
1789707328.647267,121,light_flex
1789707328.64731,112,light_flex
1789707328.680618,111,light_flex
1789707328.6807182,123,light_flex
1789707328.680785,133,light_flex
1789707328.680846,131,light_flex
1789707328.680908,152,light_flex
1789707328.68097,156,light_flex
1789707328.7142751,142,light_flex
1789707328.714396,131,light_flex
1789707328.714474,150,light_flex
1789707328.714551,155,light_flex
1789707328.7146869,155,light_flex
1789707328.714761,159,light_flex
1789707328.714828,163,light_flex
1789707328.748234,159,light_flex
1789707328.748333,155,light_flex
1789707328.7484019,143,light_flex
1789707328.748498,138,light_flex
1789707328.748568,127,light_flex
1789707328.74864,115,light_flex
1789707328.782072,111,light_flex
1789707328.7821782,108,light_flex
1789707328.7822459,106,light_flex
1789707328.782311,113,light_flex
1789707328.7823749,117,light_flex
1789707328.7824361,126,light_flex
1789707328.8157818,129,light_flex
1789707328.815914,130,light_flex
1789707328.815984,152,light_flex
1789707328.816062,167,light_flex
1789707328.8161302,153,light_flex
1789707328.8161972,139,light_flex
1789707328.816261,137,light_flex
1789707328.8495958,141,light_flex
1789707328.8496692,147,light_flex
1789707328.8497121,146,light_flex
1789707328.8497531,141,light_flex
1789707328.8497941,127,light_flex
1789707328.8498309,143,light_flex
1789707328.883395,151,light_flex
1789707328.883498,145,light_flex
1789707328.883565,135,light_flex
1789707328.883627,127,light_flex
1789707328.883687,115,light_flex
1789707328.883759,107,light_flex
1789707328.883819,152,light_flex
1789707328.917203,199,light_flex
1789707328.9173021,203,light_flex
1789707328.9173691,208,light_flex
1789707328.917433,202,light_flex
1789707328.917496,187,light_flex
1789707328.9175591,169,light_flex
1789707328.951027,158,light_flex
1789707328.951144,172,light_flex
1789707328.951261,164,light_flex
1789707328.951336,155,light_flex
1789707328.951402,157,light_flex
1789707328.951468,161,light_flex
1789707328.984847,171,light_flex
1789707328.9849868,166,light_flex
1789707328.985058,166,light_flex
1789707328.985122,167,light_flex
1789707328.985184,158,light_flex
1789707328.985246,146,light_flex
1789707328.985307,141,light_flex
1789707329.018594,160,light_flex
1789707329.018699,176,light_flex
1789707329.0187678,175,light_flex
1789707329.0188339,159,light_flex
1789707329.0188968,180,light_flex
1789707329.018961,187,light_flex
1789707329.0524852,191,light_flex
1789707329.052613,175,light_flex
1789707329.052683,170,light_flex
1789707329.0527518,171,light_flex
1789707329.052827,185,light_flex
1789707329.052911,176,light_flex
1789707329.052979,210,light_flex
1789707329.086265,215,light_flex
1789707329.086366,220,light_flex
1789707329.086431,202,light_flex
1789707329.086493,191,light_flex
1789707329.086556,188,light_flex
1789707329.0866182,173,light_flex
1789707329.120072,160,light_flex
1789707329.1201751,155,light_flex
1789707329.1202419,182,light_flex
1789707329.1203048,185,light_flex
1789707329.120367,170,light_flex
1789707329.120429,161,light_flex
1789707329.1538298,151,light_flex
1789707329.153973,153,light_flex
1789707329.154041,146,light_flex
1789707329.154104,133,light_flex
1789707329.154166,124,light_flex
1789707329.1542258,121,light_flex
1789707329.154287,119,light_flex
1789707329.174829,115,light_flex
1789707329.175013,111,light_flex
1789707329.17507,104,light_flex
1789707329.175104,99,light_flex
1789707329.207829,102,light_flex
1789707329.207935,135,light_flex
1789707329.208003,164,light_flex
1789707329.2080798,179,light_flex
1789707329.208144,200,light_flex
1789707329.2082071,191,light_flex
1789707329.241573,172,light_flex
1789707329.2416902,157,light_flex
1789707329.241764,148,light_flex
1789707329.2418299,141,light_flex
1789707329.242074,145,light_flex
1789707329.242142,136,light_flex
1789707329.275305,133,light_flex
1789707329.275442,142,light_flex
1789707329.27551,161,light_flex
1789707329.275575,157,light_flex
1789707329.275637,147,light_flex
1789707329.275698,144,light_flex
1789707329.2757592,133,light_flex
1789707329.3092532,125,light_flex
1789707329.309352,125,light_flex
1789707329.309392,119,light_flex
1789707329.309427,113,light_flex
1789707329.309462,121,light_flex
1789707329.309495,128,light_flex
1789707329.3429189,118,light_flex
1789707329.343024,118,light_flex
1789707329.343091,119,light_flex
1789707329.343153,120,light_flex
1789707329.343213,120,light_flex
1789707329.3432739,121,light_flex
1789707329.343335,116,light_flex
1789707329.35951,105,light_flex
1789707329.359597,103,light_flex
1789707329.359654,96,light_flex
1789707329.370368,104,light_flex
1789707329.37045,95,light_flex
1789707329.375359,94,light_flex
1789707329.3803892,88,light_flex
1789707329.38573,93,light_flex
1789707329.418795,112,light_flex
1789707329.4188879,138,light_flex
1789707329.418953,147,light_flex
1789707329.419016,137,light_flex
1789707329.4190762,127,light_flex
1789707329.419138,130,light_flex
1789707329.4525251,128,light_flex
1789707329.452628,120,light_flex
1789707329.452693,119,light_flex
1789707329.452755,124,light_flex
1789707329.452817,124,light_flex
1789707329.452878,123,light_flex
1789707329.48638,120,light_flex
1789707329.486513,126,light_flex
1789707329.486583,137,light_flex
1789707329.486646,136,light_flex
1789707329.486707,127,light_flex
1789707329.4867682,117,light_flex
1789707329.486828,130,light_flex
1789707329.5202591,136,light_flex
1789707329.520365,134,light_flex
1789707329.520433,131,light_flex
1789707329.520501,125,light_flex
1789707329.520566,127,light_flex
1789707329.520628,130,light_flex
1789707329.554024,127,light_flex
1789707329.5541341,117,light_flex
1789707329.554205,108,light_flex
1789707329.5542688,140,light_flex
1789707329.5543292,163,light_flex
1789707329.55439,180,light_flex
1789707329.554451,161,light_flex
1789707329.587976,147,light_flex
1789707329.588089,133,light_flex
1789707329.588185,134,light_flex
1789707329.588254,132,light_flex
1789707329.588316,124,light_flex
1789707329.5883782,119,light_flex
1789707329.621669,121,light_flex
1789707329.6217659,121,light_flex
1789707329.6218328,111,light_flex
1789707329.621896,150,light_flex
1789707329.6219578,178,light_flex
1789707329.622019,216,light_flex
1789707329.655411,198,light_flex
1789707329.655542,182,light_flex
1789707329.65562,167,light_flex
1789707329.655683,155,light_flex
1789707329.655807,148,light_flex
1789707329.655901,151,light_flex
1789707329.655974,148,light_flex
1789707329.689462,138,light_flex
1789707329.6896262,132,light_flex
1789707329.689718,126,light_flex
1789707329.689794,116,light_flex
1789707329.6900458,106,light_flex
1789707329.690284,129,light_flex
1789707329.72341,137,light_flex
1789707329.7247329,134,light_flex
1789707329.7248142,127,light_flex
1789707329.724882,132,light_flex
1789707329.7251241,152,light_flex
1789707329.725239,154,light_flex
1789707329.725308,144,light_flex
1789707329.757664,158,light_flex
1789707329.757767,178,light_flex
1789707329.757834,163,light_flex
1789707329.757899,152,light_flex
1789707329.757965,138,light_flex
1789707329.7580311,137,light_flex
1789707329.7907798,138,light_flex
1789707329.7908711,137,light_flex
1789707329.790923,131,light_flex
1789707329.7909691,134,light_flex
1789707329.791014,142,light_flex
1789707329.791061,134,light_flex
1789707329.824586,126,light_flex
1789707329.8247218,126,light_flex
1789707329.824801,129,light_flex
1789707329.824865,123,light_flex
1789707329.824929,115,light_flex
1789707329.824991,110,light_flex
1789707329.825052,103,light_flex
1789707329.8583481,109,light_flex
1789707329.85845,106,light_flex
1789707329.858521,114,light_flex
1789707329.85859,127,light_flex
1789707329.858655,143,light_flex
1789707329.858745,148,light_flex
1789707329.892103,147,light_flex
1789707329.892205,159,light_flex
1789707329.8922722,165,light_flex
1789707329.8923352,160,light_flex
1789707329.892396,153,light_flex
1789707329.892458,152,light_flex
1789707329.892519,157,light_flex
1789707329.9259038,157,light_flex
1789707329.926004,147,light_flex
1789707329.926084,135,light_flex
1789707329.9261491,125,light_flex
1789707329.926214,116,light_flex
1789707329.9262772,119,light_flex
1789707329.9598248,130,light_flex
1789707329.9599192,120,light_flex
1789707329.959983,111,light_flex
1789707329.960045,115,light_flex
1789707329.960105,112,light_flex
1789707329.960164,122,light_flex
1789707329.99341,118,light_flex
1789707329.993485,111,light_flex
1789707329.993524,108,light_flex
1789707329.993623,105,light_flex
1789707329.993669,108,light_flex
1789707329.993706,112,light_flex
1789707329.993741,101,light_flex
1789707330.0274,117,light_flex
1789707330.027499,136,light_flex
1789707330.0275671,139,light_flex
1789707330.027642,129,light_flex
1789707330.0277052,125,light_flex
1789707330.0277681,121,light_flex
1789707330.051529,113,light_flex
1789707330.0516129,106,light_flex
1789707330.0516648,105,light_flex
1789707330.051714,100,light_flex
1789707330.0517519,98,light_flex
1789707330.056643,92,light_flex
1789707330.0617778,85,light_flex
1789707330.067155,82,light_flex
1789707330.1004212,112,light_flex
1789707330.1006021,122,light_flex
1789707330.100689,123,light_flex
1789707330.1007628,119,light_flex
1789707330.100833,113,light_flex
1789707330.100899,110,light_flex
1789707330.133964,115,light_flex
1789707330.134062,131,light_flex
1789707330.134132,153,light_flex
1789707330.134198,149,light_flex
1789707330.134261,153,light_flex
1789707330.134324,143,light_flex
1789707330.167715,129,light_flex
1789707330.167844,117,light_flex
1789707330.167913,107,light_flex
1789707330.167978,101,light_flex
1789707330.16804,115,light_flex
1789707330.168101,135,light_flex
1789707330.168163,132,light_flex
1789707330.201621,138,light_flex
1789707330.2017128,145,light_flex
1789707330.201781,139,light_flex
1789707330.201847,159,light_flex
1789707330.20191,154,light_flex
1789707330.201973,141,light_flex
1789707330.235306,135,light_flex
1789707330.235404,125,light_flex
1789707330.235472,135,light_flex
1789707330.2355359,133,light_flex
1789707330.235599,131,light_flex
1789707330.235661,128,light_flex
1789707330.2357209,129,light_flex
1789707330.2577322,120,light_flex
1789707330.258264,112,light_flex
1789707330.258344,107,light_flex
1789707330.2583969,99,light_flex
1789707330.262329,96,light_flex
1789707330.295475,104,light_flex
1789707330.295562,127,light_flex
1789707330.2956228,166,light_flex
1789707330.295682,159,light_flex
1789707330.295756,147,light_flex
1789707330.295815,139,light_flex
1789707330.329226,135,light_flex
1789707330.3293152,132,light_flex
1789707330.32938,120,light_flex
1789707330.329441,122,light_flex
1789707330.329501,148,light_flex
1789707330.329561,175,light_flex
1789707330.363036,176,light_flex
1789707330.363182,161,light_flex
1789707330.363254,145,light_flex
1789707330.36332,139,light_flex
1789707330.3633852,170,light_flex
1789707330.3634508,192,light_flex
1789707330.3635159,196,light_flex
1789707330.39694,185,light_flex
1789707330.397043,170,light_flex
1789707330.397117,175,light_flex
1789707330.397186,164,light_flex
1789707330.3972511,160,light_flex
1789707330.3973172,164,light_flex
1789707330.430676,154,light_flex
1789707330.430778,159,light_flex
1789707330.430825,149,light_flex
1789707330.43085,137,light_flex
1789707330.4308748,130,light_flex
1789707330.430899,128,light_flex
1789707330.430923,140,light_flex
1789707330.4644952,140,light_flex
1789707330.464556,133,light_flex
1789707330.464592,133,light_flex
1789707330.4646242,127,light_flex
1789707330.464663,128,light_flex
1789707330.464706,121,light_flex
1789707330.489766,118,light_flex
1789707330.4899049,108,light_flex
1789707330.489973,101,light_flex
1789707330.490144,102,light_flex
1789707330.490211,95,light_flex
1789707330.494633,90,light_flex
1789707330.527526,102,light_flex
1789707330.5275688,142,light_flex
1789707330.527597,170,light_flex
1789707330.527654,175,light_flex
1789707330.527714,159,light_flex
1789707330.527772,155,light_flex
1789707330.5616362,150,light_flex
1789707330.5617568,141,light_flex
1789707330.561831,129,light_flex
1789707330.561898,119,light_flex
1789707330.561964,108,light_flex
1789707330.5620322,103,light_flex
1789707330.574065,101,light_flex
1789707330.574174,103,light_flex
1789707330.574228,99,light_flex
1789707330.607023,100,light_flex
1789707330.607126,107,light_flex
1789707330.607193,106,light_flex
1789707330.6072562,112,light_flex
1789707330.607317,119,light_flex
1789707330.607378,118,light_flex
1789707330.640794,112,light_flex
1789707330.640896,119,light_flex
1789707330.640963,110,light_flex
1789707330.6410282,109,light_flex
1789707330.641092,100,light_flex
1789707330.6411572,144,light_flex
1789707330.675034,180,light_flex
1789707330.675207,180,light_flex
1789707330.675296,166,light_flex
1789707330.6753652,151,light_flex
1789707330.675431,144,light_flex
1789707330.675499,155,light_flex
1789707330.675561,164,light_flex
1789707330.708479,169,light_flex
1789707330.708576,175,light_flex
1789707330.708642,166,light_flex
1789707330.7087061,157,light_flex
1789707330.70877,145,light_flex
1789707330.708832,135,light_flex
1789707330.7423098,126,light_flex
1789707330.742393,116,light_flex
1789707330.7424362,119,light_flex
1789707330.742477,129,light_flex
1789707330.742514,119,light_flex
1789707330.742555,117,light_flex
1789707330.74259,114,light_flex
1789707330.759027,106,light_flex
1789707330.759129,101,light_flex
1789707330.759186,97,light_flex
1789707330.769857,101,light_flex
1789707330.769931,92,light_flex
1789707330.774685,88,light_flex
1789707330.779815,96,light_flex
1789707330.812992,104,light_flex
1789707330.813072,105,light_flex
1789707330.813121,120,light_flex
1789707330.81318,122,light_flex
1789707330.813222,115,light_flex
1789707330.8132591,112,light_flex
1789707330.8273962,114,light_flex
1789707330.827484,105,light_flex
1789707330.827539,97,light_flex
1789707330.832729,90,light_flex
1789707330.837885,85,light_flex
1789707330.842977,98,light_flex
1789707330.853417,101,light_flex
1789707330.853459,98,light_flex
1789707330.858877,97,light_flex
1789707330.864148,94,light_flex
1789707330.897082,107,light_flex
1789707330.897179,109,light_flex
1789707330.8972511,102,light_flex
1789707330.897322,114,light_flex
1789707330.897393,116,light_flex
1789707330.8974621,137,light_flex
1789707330.9310248,159,light_flex
1789707330.931131,164,light_flex
1789707330.931206,147,light_flex
1789707330.931394,136,light_flex
1789707330.9314728,145,light_flex
1789707330.931542,151,light_flex
1789707330.964753,143,light_flex
1789707330.964879,146,light_flex
1789707330.964952,139,light_flex
1789707330.9650218,142,light_flex
1789707330.96509,135,light_flex
1789707330.965157,124,light_flex
1789707330.965222,114,light_flex
1789707330.9985962,108,light_flex
1789707330.9987001,107,light_flex
1789707330.99877,123,light_flex
1789707330.998849,153,light_flex
1789707330.998915,147,light_flex
1789707330.998979,134,light_flex
1789707331.0323641,138,light_flex
1789707331.032476,144,light_flex
1789707331.032552,138,light_flex
1789707331.032622,132,light_flex
1789707331.032691,125,light_flex
1789707331.032755,116,light_flex
1789707331.03282,107,light_flex
1789707331.038316,98,light_flex
1789707331.043581,90,light_flex
1789707331.048803,91,light_flex
1789707331.0538518,84,light_flex
1789707331.060079,80,light_flex
1789707331.064523,81,light_flex
1789707331.069839,79,light_flex
1789707331.074795,84,light_flex
1789707331.080041,90,light_flex
1789707331.085275,96,light_flex
1789707331.118484,111,light_flex
1789707331.1185741,129,light_flex
1789707331.118639,129,light_flex
1789707331.118701,124,light_flex
1789707331.118761,115,light_flex
1789707331.1188219,110,light_flex
1789707331.1523461,108,light_flex
1789707338.461817,167,hard_flex
1789707338.461836,154,hard_flex
1789707338.461846,145,hard_flex
1789707338.461857,132,hard_flex
1789707338.461867,138,hard_flex
1789707338.461876,152,hard_flex
1789707338.461886,152,hard_flex
1789707338.461896,146,hard_flex
1789707338.461905,138,hard_flex
1789707338.4619148,125,hard_flex
1789707338.461925,113,hard_flex
1789707338.461935,112,hard_flex
1789707338.461945,109,hard_flex
1789707338.461953,99,hard_flex
1789707338.461961,92,hard_flex
1789707338.4619699,116,hard_flex
1789707338.461979,111,hard_flex
1789707338.4619882,130,hard_flex
1789707338.461997,137,hard_flex
1789707338.462006,130,hard_flex
1789707338.462015,122,hard_flex
1789707338.462024,115,hard_flex
1789707338.4620328,113,hard_flex
1789707338.4620428,113,hard_flex
1789707338.462052,111,hard_flex
1789707338.462094,107,hard_flex
1789707338.4621031,99,hard_flex
1789707338.462111,99,hard_flex
1789707338.4621198,94,hard_flex
1789707338.4621272,95,hard_flex
1789707338.462136,106,hard_flex
1789707338.462144,99,hard_flex
1789707338.4621508,94,hard_flex
1789707338.4621592,94,hard_flex
1789707338.462166,95,hard_flex
1789707338.462173,88,hard_flex
1789707338.462181,87,hard_flex
1789707338.462189,86,hard_flex
1789707338.4621959,81,hard_flex
1789707338.462204,76,hard_flex
1789707338.4622111,78,hard_flex
1789707338.462219,87,hard_flex
1789707338.4622269,90,hard_flex
1789707338.462234,88,hard_flex
1789707338.4622421,89,hard_flex
1789707338.462251,101,hard_flex
1789707338.46226,111,hard_flex
1789707338.4622688,104,hard_flex
1789707338.462276,93,hard_flex
1789707338.462284,90,hard_flex
1789707338.462291,99,hard_flex
1789707338.4622998,100,hard_flex
1789707338.4623091,114,hard_flex
1789707338.4623191,112,hard_flex
1789707338.462328,113,hard_flex
1789707338.462337,119,hard_flex
1789707338.462346,130,hard_flex
1789707338.462357,156,hard_flex
1789707338.4623659,179,hard_flex
1789707338.4623811,163,hard_flex
1789707338.46239,149,hard_flex
1789707338.462399,139,hard_flex
1789707338.4624078,140,hard_flex
1789707338.462417,133,hard_flex
1789707338.4624262,126,hard_flex
1789707338.4624362,119,hard_flex
1789707338.462445,118,hard_flex
1789707338.462454,108,hard_flex
1789707338.462463,106,hard_flex
1789707338.462472,117,hard_flex
1789707338.4624808,117,hard_flex
1789707338.46249,108,hard_flex
1789707338.4624991,100,hard_flex
1789707338.462506,93,hard_flex
1789707338.462514,89,hard_flex
1789707338.462521,96,hard_flex
1789707338.4625301,110,hard_flex
1789707338.4625401,111,hard_flex
1789707338.46255,146,hard_flex
1789707338.462559,150,hard_flex
1789707338.462568,199,hard_flex
1789707338.4625769,199,hard_flex
1789707338.4625862,195,hard_flex
1789707338.462595,193,hard_flex
1789707338.462604,184,hard_flex
1789707338.462615,172,hard_flex
1789707338.462624,166,hard_flex
1789707338.462636,158,hard_flex
1789707338.462645,149,hard_flex
1789707338.4626539,136,hard_flex
1789707338.462663,126,hard_flex
1789707338.4626718,116,hard_flex
1789707338.462681,111,hard_flex
1789707338.462691,107,hard_flex
1789707338.4627001,144,hard_flex
1789707338.462709,166,hard_flex
1789707338.462718,172,hard_flex
1789707338.4627268,164,hard_flex
1789707338.462736,163,hard_flex
1789707338.4627452,164,hard_flex
1789707338.462754,162,hard_flex
1789707338.462763,151,hard_flex
1789707338.462772,137,hard_flex
1789707338.462781,131,hard_flex
1789707338.4627898,120,hard_flex
1789707338.462799,127,hard_flex
1789707338.462809,134,hard_flex
1789707338.4628181,138,hard_flex
1789707338.462827,127,hard_flex
1789707338.462836,142,hard_flex
1789707338.4628448,145,hard_flex
1789707338.462854,143,hard_flex
1789707338.4628632,147,hard_flex
1789707338.462875,154,hard_flex
1789707338.4628868,141,hard_flex
1789707338.462896,134,hard_flex
1789707338.4629052,128,hard_flex
1789707338.462914,116,hard_flex
1789707338.462923,107,hard_flex
1789707338.46293,98,hard_flex
1789707338.462938,92,hard_flex
1789707338.462945,85,hard_flex
1789707338.462954,105,hard_flex
1789707338.4629629,121,hard_flex
1789707338.462972,127,hard_flex
1789707338.4629812,124,hard_flex
1789707338.46299,120,hard_flex
1789707338.462999,116,hard_flex
1789707338.463008,131,hard_flex
1789707338.463018,123,hard_flex
1789707338.463027,131,hard_flex
1789707338.4630358,150,hard_flex
1789707338.4630451,155,hard_flex
1789707338.4630542,164,hard_flex
1789707338.463063,149,hard_flex
1789707338.463072,139,hard_flex
1789707338.463081,124,hard_flex
1789707338.46309,121,hard_flex
1789707338.4630988,137,hard_flex
1789707338.463108,140,hard_flex
1789707338.4631171,146,hard_flex
1789707338.46313,146,hard_flex
1789707338.463142,131,hard_flex
1789707338.4631512,129,hard_flex
1789707338.46316,131,hard_flex
1789707338.463169,123,hard_flex
1789707338.463178,121,hard_flex
1789707338.463187,112,hard_flex
1789707338.4631958,101,hard_flex
1789707338.4632041,97,hard_flex
1789707338.463211,97,hard_flex
1789707338.463219,92,hard_flex
1789707338.463226,86,hard_flex
1789707338.463233,81,hard_flex
1789707338.4632409,89,hard_flex
1789707338.46325,106,hard_flex
1789707338.463259,134,hard_flex
1789707338.463268,142,hard_flex
1789707338.463277,147,hard_flex
1789707338.463286,140,hard_flex
1789707338.463295,135,hard_flex
1789707338.463304,125,hard_flex
1789707338.4633129,114,hard_flex
1789707338.4633222,109,hard_flex
1789707338.463331,103,hard_flex
1789707338.46334,103,hard_flex
1789707338.463349,113,hard_flex
1789707338.463358,122,hard_flex
1789707338.463367,116,hard_flex
1789707338.463378,119,hard_flex
1789707338.4633899,113,hard_flex
1789707338.463399,107,hard_flex
1789707338.4634082,119,hard_flex
1789707338.463417,138,hard_flex
1789707338.463426,144,hard_flex
1789707338.463435,147,hard_flex
1789707338.463444,145,hard_flex
1789707338.4634528,160,hard_flex
1789707338.4634619,173,hard_flex
1789707338.4634712,161,hard_flex
1789707338.46348,148,hard_flex
1789707338.463489,139,hard_flex
1789707338.4634979,154,hard_flex
1789707338.463507,165,hard_flex
1789707338.463516,150,hard_flex
1789707338.463525,159,hard_flex
1789707338.463534,164,hard_flex
1789707338.463543,168,hard_flex
1789707338.463552,176,hard_flex
1789707338.463561,175,hard_flex
1789707338.4635699,176,hard_flex
1789707338.463579,178,hard_flex
1789707338.463588,165,hard_flex
1789707338.463597,150,hard_flex
1789707338.463606,146,hard_flex
1789707338.463615,132,hard_flex
1789707338.463626,121,hard_flex
1789707338.463638,116,hard_flex
1789707338.463647,113,hard_flex
1789707338.463656,114,hard_flex
1789707338.463665,106,hard_flex
1789707338.463674,102,hard_flex
1789707338.463682,94,hard_flex
1789707338.4636889,96,hard_flex
1789707338.4636958,94,hard_flex
1789707338.463704,92,hard_flex
1789707338.463711,88,hard_flex
1789707338.463719,84,hard_flex
1789707338.463726,79,hard_flex
1789707338.463734,75,hard_flex
1789707338.4637408,73,hard_flex
1789707338.4637492,77,hard_flex
1789707338.463756,80,hard_flex
1789707338.463763,82,hard_flex
1789707338.4637709,79,hard_flex
1789707338.463778,79,hard_flex
1789707338.463786,75,hard_flex
1789707338.4637928,91,hard_flex
1789707338.4638011,99,hard_flex
1789707338.463808,94,hard_flex
1789707338.463816,98,hard_flex
1789707338.463823,90,hard_flex
1789707338.463831,83,hard_flex
1789707338.4638379,77,hard_flex
1789707338.463846,70,hard_flex
1789707338.4638531,67,hard_flex
1789707338.463861,71,hard_flex
1789707338.463868,70,hard_flex
1789707338.463878,85,hard_flex
1789707338.4638872,102,hard_flex
1789707338.463899,117,hard_flex
1789707338.4639082,129,hard_flex
1789707338.463917,137,hard_flex
1789707338.463927,124,hard_flex
1789707338.463936,113,hard_flex
1789707338.463945,105,hard_flex
1789707338.4639518,99,hard_flex
1789707338.4639602,96,hard_flex
1789707338.463969,109,hard_flex
1789707338.463978,113,hard_flex
1789707338.4639869,137,hard_flex
1789707338.463996,150,hard_flex
1789707338.4640052,141,hard_flex
1789707338.464014,134,hard_flex
1789707338.464023,129,hard_flex
1789707338.464032,121,hard_flex
1789707338.464041,123,hard_flex
1789707338.4640498,126,hard_flex
1789707338.4640589,127,hard_flex
1789707338.464104,126,hard_flex
1789707338.464113,128,hard_flex
1789707338.464122,118,hard_flex
1789707338.464131,112,hard_flex
1789707338.46414,114,hard_flex
1789707338.464149,110,hard_flex
1789707338.464158,101,hard_flex
1789707338.464169,101,hard_flex
1789707338.464177,99,hard_flex
1789707338.4641862,96,hard_flex
1789707338.464194,93,hard_flex
1789707338.464201,86,hard_flex
1789707338.4642088,91,hard_flex
1789707338.464216,88,hard_flex
1789707338.464224,84,hard_flex
1789707338.464231,90,hard_flex
1789707338.4642382,91,hard_flex
1789707338.464247,105,hard_flex
1789707338.464256,126,hard_flex
1789707338.4642649,126,hard_flex
1789707338.464274,119,hard_flex
1789707338.464283,115,hard_flex
1789707338.464292,123,hard_flex
1789707338.464301,122,hard_flex
1789707338.46431,117,hard_flex
1789707338.464319,106,hard_flex
1789707338.464328,100,hard_flex
1789707338.4643352,94,hard_flex
1789707338.464342,96,hard_flex
1789707338.46435,94,hard_flex
1789707338.4643571,91,hard_flex
1789707338.464365,95,hard_flex
1789707338.464374,102,hard_flex
1789707338.464383,100,hard_flex
1789707338.4643898,89,hard_flex
1789707338.464397,86,hard_flex
1789707338.464405,89,hard_flex
1789707338.464412,99,hard_flex
1789707338.464424,107,hard_flex
1789707338.4644349,117,hard_flex
1789707338.464444,110,hard_flex
1789707338.4644532,107,hard_flex
1789707338.464462,117,hard_flex
1789707338.464471,138,hard_flex
1789707338.46448,129,hard_flex
1789707338.464489,128,hard_flex
1789707338.4644969,130,hard_flex
1789707338.4645069,122,hard_flex
1789707338.4645162,116,hard_flex
1789707338.464525,107,hard_flex
1789707338.464532,99,hard_flex
1789707338.464541,106,hard_flex
1789707338.4645498,109,hard_flex
1789707338.464559,105,hard_flex
1789707338.4645681,101,hard_flex
1789707338.464577,105,hard_flex
1789707338.464586,109,hard_flex
1789707338.4645948,101,hard_flex
1789707338.464603,94,hard_flex
1789707338.46461,89,hard_flex
1789707338.464617,82,hard_flex
1789707338.464625,76,hard_flex
1789707338.464632,71,hard_flex
1789707338.464639,66,hard_flex
1789707338.4646468,62,hard_flex
1789707338.4646552,59,hard_flex
1789707338.464662,76,hard_flex
1789707338.464672,86,hard_flex
1789707338.464681,101,hard_flex
1789707338.46469,95,hard_flex
1789707338.464698,86,hard_flex
1789707338.464705,93,hard_flex
1789707338.464712,91,hard_flex
1789707338.4647198,89,hard_flex
1789707338.464727,86,hard_flex
1789707338.4647338,84,hard_flex
1789707338.464742,77,hard_flex
1789707338.464749,71,hard_flex
1789707338.464757,67,hard_flex
1789707338.4647639,61,hard_flex
1789707338.464772,58,hard_flex
1789707338.464779,55,hard_flex
1789707338.4647858,56,hard_flex
1789707338.4647942,55,hard_flex
1789707338.464801,55,hard_flex
1789707338.464809,52,hard_flex
1789707338.464816,50,hard_flex
1789707338.464823,46,hard_flex
1789707338.4648309,45,hard_flex
1789707338.4648378,43,hard_flex
1789707338.464845,42,hard_flex
1789707338.464853,40,hard_flex
1789707338.46486,38,hard_flex
1789707338.464868,36,hard_flex
1789707338.464875,34,hard_flex
1789707338.464882,34,hard_flex
1789707338.46489,34,hard_flex
1789707338.464897,34,hard_flex
1789707338.4649038,34,hard_flex
1789707338.464912,34,hard_flex
1789707338.464919,39,hard_flex
1789707338.464929,48,hard_flex
1789707338.464938,54,hard_flex
1789707338.464946,53,hard_flex
1789707338.4649532,52,hard_flex
1789707338.46496,50,hard_flex
1789707338.464968,47,hard_flex
1789707338.464975,43,hard_flex
1789707338.464983,42,hard_flex
1789707338.46499,41,hard_flex
1789707338.464997,40,hard_flex
1789707338.4650052,37,hard_flex
1789707338.465012,36,hard_flex
1789707338.46502,34,hard_flex
1789707338.465027,34,hard_flex
1789707338.465035,35,hard_flex
1789707338.4650419,34,hard_flex
1789707338.465049,33,hard_flex
1789707338.4650571,33,hard_flex
1789707338.465064,32,hard_flex
1789707338.4650712,33,hard_flex
1789707338.465079,33,hard_flex
1789707338.465086,33,hard_flex
1789707338.4650939,32,hard_flex
1789707338.465101,30,hard_flex
1789707338.465109,32,hard_flex
1789707338.4651158,32,hard_flex
1789707338.4651232,32,hard_flex
1789707338.465131,33,hard_flex
1789707338.465138,32,hard_flex
1789707338.465146,30,hard_flex
1789707338.465153,31,hard_flex
1789707338.46516,32,hard_flex
1789707338.4651678,33,hard_flex
1789707338.4651752,33,hard_flex
1789707338.465185,32,hard_flex
1789707338.465193,31,hard_flex
1789707338.465201,31,hard_flex
1789707338.465209,33,hard_flex
1789707338.465216,36,hard_flex
1789707338.4652228,38,hard_flex
1789707338.4652312,38,hard_flex
1789707338.465238,37,hard_flex
1789707338.465246,35,hard_flex
1789707338.465253,35,hard_flex
1789707338.46526,34,hard_flex
1789707338.465268,33,hard_flex
1789707338.4652748,32,hard_flex
1789707338.4652832,31,hard_flex
1789707338.46529,30,hard_flex
1789707338.465297,30,hard_flex
1789707338.465305,30,hard_flex
1789707338.465312,30,hard_flex
1789707338.4653199,30,hard_flex
1789707338.465327,30,hard_flex
1789707338.4653351,31,hard_flex
1789707338.465342,30,hard_flex
1789707338.4653492,31,hard_flex
1789707338.465357,29,hard_flex
1789707338.465364,31,hard_flex
1789707338.465371,29,hard_flex
1789707338.465379,34,hard_flex
1789707338.465386,36,hard_flex
1789707338.465394,36,hard_flex
1789707338.4654012,34,hard_flex
1789707338.465408,34,hard_flex
1789707338.465416,32,hard_flex
1789707338.465423,31,hard_flex
1789707338.46543,31,hard_flex
1789707338.465445,30,hard_flex
1789707338.4654531,30,hard_flex
1789707338.465461,29,hard_flex
1789707338.465468,28,hard_flex
1789707338.465476,30,hard_flex
1789707338.465483,29,hard_flex
1789707338.4654899,32,hard_flex
1789707338.4654982,36,hard_flex
1789707338.4655051,34,hard_flex
1789707338.465513,32,hard_flex
1789707338.4655201,34,hard_flex
1789707338.465527,34,hard_flex
1789707338.465535,34,hard_flex
1789707338.4655418,35,hard_flex
1789707338.465549,33,hard_flex
1789707338.465557,32,hard_flex
1789707338.465564,31,hard_flex
1789707338.4655712,32,hard_flex
1789707338.465579,32,hard_flex
1789707338.465586,33,hard_flex
1789707338.465593,33,hard_flex
1789707338.465601,31,hard_flex
1789707338.465608,31,hard_flex
1789707338.465615,32,hard_flex
1789707338.4656231,32,hard_flex
1789707338.46563,31,hard_flex
1789707338.4656372,32,hard_flex
1789707338.465645,30,hard_flex
1789707338.465652,29,hard_flex
1789707338.4656599,31,hard_flex
1789707338.465667,31,hard_flex
1789707338.465674,29,hard_flex
1789707338.465682,30,hard_flex
1789707338.4656918,28,hard_flex
1789707338.4657001,28,hard_flex
1789707338.465708,27,hard_flex
1789707338.465715,28,hard_flex
1789707338.4657228,28,hard_flex
1789707338.46573,28,hard_flex
1789707338.465738,27,hard_flex
1789707338.465745,26,hard_flex
1789707338.4657521,26,hard_flex
1789707338.46576,27,hard_flex
1789707338.465767,28,hard_flex
1789707338.465774,27,hard_flex
1789707338.465782,26,hard_flex
1789707338.4657888,25,hard_flex
1789707338.465796,27,hard_flex
1789707338.465804,30,hard_flex
1789707338.465811,41,hard_flex
1789707338.465819,37,hard_flex
1789707338.465826,36,hard_flex
1789707338.465833,28,hard_flex
1789707338.4658408,28,hard_flex
1789707338.465848,28,hard_flex
1789707338.465855,30,hard_flex
1789707338.465863,27,hard_flex
1789707338.4658701,28,hard_flex
1789707338.465877,29,hard_flex
1789707338.465885,28,hard_flex
1789707338.465892,28,hard_flex
1789707338.4659,31,hard_flex
1789707338.4659069,29,hard_flex
1789707338.465914,27,hard_flex
1789707338.465922,28,hard_flex
1789707338.465929,29,hard_flex
1789707338.465937,29,hard_flex
1789707338.4659462,32,hard_flex
1789707338.4659562,30,hard_flex
1789707338.465964,28,hard_flex
1789707338.465971,29,hard_flex
1789707338.4659789,29,hard_flex
1789707338.465986,30,hard_flex
1789707338.465994,30,hard_flex
1789707338.4660008,29,hard_flex
1789707338.466008,28,hard_flex
1789707338.466017,27,hard_flex
1789707338.4660249,30,hard_flex
1789707338.466033,29,hard_flex
1789707338.466041,31,hard_flex
1789707338.466048,35,hard_flex
1789707338.466055,33,hard_flex
1789707338.466063,32,hard_flex
1789707338.46607,35,hard_flex
1789707338.466086,35,hard_flex
1789707338.466094,34,hard_flex
1789707338.466101,36,hard_flex
1789707338.4661078,34,hard_flex
1789707338.4661162,33,hard_flex
1789707338.466123,36,hard_flex
1789707338.46613,36,hard_flex
1789707338.4661381,34,hard_flex
1789707338.466145,35,hard_flex
1789707338.466152,37,hard_flex
1789707338.46616,35,hard_flex
1789707338.466167,35,hard_flex
1789707338.466175,38,hard_flex
1789707338.466182,36,hard_flex
1789707338.4661891,36,hard_flex
1789707338.466197,38,hard_flex
1789707338.466204,36,hard_flex
1789707338.466214,36,hard_flex
1789707338.466222,40,hard_flex
1789707338.46623,39,hard_flex
1789707338.466238,37,hard_flex
1789707338.4662452,37,hard_flex
1789707338.466252,36,hard_flex
1789707338.46626,34,hard_flex
1789707338.4662669,36,hard_flex
1789707338.466274,35,hard_flex
1789707338.466282,33,hard_flex
1789707338.4662888,33,hard_flex
1789707338.4662971,32,hard_flex
1789707338.466304,32,hard_flex
1789707338.466311,31,hard_flex
1789707338.466319,33,hard_flex
1789707338.466326,30,hard_flex
1789707338.466333,28,hard_flex
1789707338.466341,30,hard_flex
1789707338.466348,30,hard_flex
1789707338.466357,150,hard_flex
1789707338.466366,316,hard_flex
1789707338.4663749,431,hard_flex
1789707338.466384,526,hard_flex
1789707338.466393,607,hard_flex
1789707338.466402,749,hard_flex
1789707338.466411,902,hard_flex
1789707338.46642,340,hard_flex
1789707338.466429,463,hard_flex
1789707338.4664378,473,hard_flex
1789707338.466447,494,hard_flex
1789707338.466455,391,hard_flex
1789707338.4664671,353,hard_flex
1789707338.4664772,316,hard_flex
1789707338.466486,284,hard_flex
1789707338.466495,265,hard_flex
1789707338.4665039,227,hard_flex
1789707338.466513,206,hard_flex
1789707338.4665222,185,hard_flex
1789707338.466531,166,hard_flex
1789707338.46654,151,hard_flex
1789707338.466549,137,hard_flex
1789707338.466558,123,hard_flex
1789707338.4665668,115,hard_flex
1789707338.4665759,105,hard_flex
1789707338.466583,94,hard_flex
1789707338.466591,87,hard_flex
1789707338.4665978,81,hard_flex
1789707338.4666061,75,hard_flex
1789707338.466613,70,hard_flex
1789707338.46662,65,hard_flex
1789707338.466628,60,hard_flex
1789707338.466635,57,hard_flex
1789707338.4666429,56,hard_flex
1789707338.46665,52,hard_flex
1789707338.466657,49,hard_flex
1789707338.466665,47,hard_flex
1789707338.4666722,53,hard_flex
1789707338.46668,53,hard_flex
1789707338.466687,55,hard_flex
1789707338.4666948,58,hard_flex
1789707338.466702,51,hard_flex
1789707338.466712,52,hard_flex
1789707338.466719,46,hard_flex
1789707338.4667299,43,hard_flex
1789707338.4667368,43,hard_flex
1789707338.466744,43,hard_flex
1789707338.466752,39,hard_flex
1789707338.466759,38,hard_flex
1789707338.466766,37,hard_flex
1789707338.466774,35,hard_flex
1789707338.466781,33,hard_flex
1789707338.466789,33,hard_flex
1789707338.466796,32,hard_flex
1789707338.4668028,30,hard_flex
1789707338.466811,29,hard_flex
1789707338.466818,29,hard_flex
1789707338.466826,28,hard_flex
1789707338.4668329,29,hard_flex
1789707338.46684,29,hard_flex
1789707338.466848,27,hard_flex
1789707338.4668548,27,hard_flex
1789707338.466862,26,hard_flex
1789707338.46687,28,hard_flex
1789707338.466877,28,hard_flex
1789707338.4668841,27,hard_flex
1789707338.466892,26,hard_flex
1789707338.466899,25,hard_flex
1789707338.466906,25,hard_flex
1789707338.466914,26,hard_flex
1789707338.4669209,26,hard_flex
1789707338.466929,29,hard_flex
1789707338.466936,39,hard_flex
1789707338.466944,42,hard_flex
1789707338.466951,39,hard_flex
1789707338.466958,40,hard_flex
1789707338.466968,41,hard_flex
1789707338.466975,39,hard_flex
1789707338.466985,36,hard_flex
1789707338.4669921,35,hard_flex
1789707338.466999,34,hard_flex
1789707338.467007,33,hard_flex
1789707338.4670138,34,hard_flex
1789707338.4670222,33,hard_flex
1789707338.467029,31,hard_flex
1789707338.467036,33,hard_flex
1789707338.467044,32,hard_flex
1789707338.467051,31,hard_flex
1789707338.467059,39,hard_flex
1789707338.467066,49,hard_flex
1789707338.4670742,51,hard_flex
1789707338.467081,55,hard_flex
1789707338.467089,56,hard_flex
1789707338.467096,53,hard_flex
1789707338.467103,53,hard_flex
1789707338.4671109,55,hard_flex
1789707338.467118,51,hard_flex
1789707338.4671261,48,hard_flex
1789707338.467133,47,hard_flex
1789707338.4671402,45,hard_flex
1789707338.467148,42,hard_flex
1789707338.467155,42,hard_flex
1789707338.4671621,40,hard_flex
1789707338.46717,37,hard_flex
1789707338.467177,38,hard_flex
1789707338.4671848,37,hard_flex
1789707338.4671922,35,hard_flex
1789707338.4672,35,hard_flex
1789707338.467207,35,hard_flex
1789707338.467214,33,hard_flex
1789707338.4672241,32,hard_flex
1789707338.467232,31,hard_flex
1789707338.467241,31,hard_flex
1789707338.4672482,31,hard_flex
1789707338.467256,30,hard_flex
1789707338.467263,29,hard_flex
1789707338.46727,27,hard_flex
1789707338.467278,27,hard_flex
1789707338.467285,28,hard_flex
1789707338.4672918,27,hard_flex
1789707338.4673002,28,hard_flex
1789707338.467307,27,hard_flex
1789707338.467314,26,hard_flex
1789707338.467322,27,hard_flex
1789707338.467329,26,hard_flex
1789707338.467337,27,hard_flex
1789707338.4673438,27,hard_flex
1789707338.467351,27,hard_flex
1789707338.467359,26,hard_flex
1789707338.467366,25,hard_flex
1789707338.4673731,25,hard_flex
1789707338.467381,26,hard_flex
1789707338.467388,26,hard_flex
1789707338.467395,25,hard_flex
1789707338.467403,25,hard_flex
1789707338.4674098,25,hard_flex
1789707338.4674182,25,hard_flex
1789707338.467425,26,hard_flex
1789707338.467432,26,hard_flex
1789707338.4674401,25,hard_flex
1789707338.467447,24,hard_flex
1789707338.467455,24,hard_flex
1789707338.4674618,25,hard_flex
1789707338.467469,25,hard_flex
1789707338.467479,26,hard_flex
1789707338.4674869,25,hard_flex
1789707338.467495,24,hard_flex
1789707338.467503,25,hard_flex
1789707338.46751,25,hard_flex
1789707338.467517,26,hard_flex
1789707338.467525,26,hard_flex
1789707338.467532,25,hard_flex
1789707338.4675388,24,hard_flex
1789707338.467547,24,hard_flex
1789707338.467554,25,hard_flex
1789707338.467562,25,hard_flex
1789707338.4675689,25,hard_flex
1789707338.467576,25,hard_flex
1789707338.467584,24,hard_flex
1789707338.4675908,24,hard_flex
1789707338.4675992,24,hard_flex
1789707338.467606,25,hard_flex
1789707338.467613,25,hard_flex
1789707338.4676201,25,hard_flex
1789707338.467628,24,hard_flex
1789707338.467635,24,hard_flex
1789707338.4676428,25,hard_flex
1789707338.46765,25,hard_flex
1789707338.4676569,25,hard_flex
1789707338.467665,26,hard_flex
1789707338.467672,25,hard_flex
1789707338.46768,25,hard_flex
1789707338.467687,26,hard_flex
1789707338.467694,26,hard_flex
1789707338.467702,26,hard_flex
1789707338.4677088,26,hard_flex
1789707338.467716,25,hard_flex
1789707338.467724,26,hard_flex
1789707338.467733,25,hard_flex
1789707338.467744,26,hard_flex
1789707338.467752,26,hard_flex
1789707338.4677591,25,hard_flex
1789707338.467766,25,hard_flex
1789707338.467774,24,hard_flex
1789707338.467781,25,hard_flex
1789707338.4677892,25,hard_flex
1789707338.4677958,25,hard_flex
1789707338.4678028,24,hard_flex
1789707338.467811,24,hard_flex
1789707338.467818,23,hard_flex
1789707338.467826,23,hard_flex
1789707338.467833,24,hard_flex
1789707338.46784,24,hard_flex
1789707338.4678478,24,hard_flex
1789707338.4678552,23,hard_flex
1789707338.4678621,24,hard_flex
1789707338.46787,24,hard_flex
1789707338.4678771,24,hard_flex
1789707338.467885,25,hard_flex
1789707338.467893,24,hard_flex
1789707338.467901,24,hard_flex
1789707338.4679081,24,hard_flex
1789707338.467916,24,hard_flex
1789707338.467923,25,hard_flex
1789707338.4679308,26,hard_flex
1789707338.467938,25,hard_flex
1789707338.467947,25,hard_flex
1789707338.467956,25,hard_flex
1789707338.4679658,24,hard_flex
1789707338.467975,25,hard_flex
1789707338.467985,25,hard_flex
1789707338.467995,24,hard_flex
1789707338.468006,24,hard_flex
1789707338.4680152,24,hard_flex
1789707338.468025,25,hard_flex
1789707338.468034,25,hard_flex
1789707338.468044,25,hard_flex
1789707338.4681668,25,hard_flex
1789707338.468179,24,hard_flex
1789707338.4681878,24,hard_flex
1789707338.468197,25,hard_flex
1789707338.4682062,25,hard_flex
1789707338.468215,26,hard_flex
1789707338.468223,25,hard_flex
1789707338.468232,24,hard_flex
1789707338.468241,23,hard_flex
1789707338.4682481,24,hard_flex
1789707338.468256,24,hard_flex
1789707338.4682639,25,hard_flex
1789707338.468273,25,hard_flex
1789707338.468283,24,hard_flex
1789707338.4682932,24,hard_flex
1789707338.468301,25,hard_flex
1789707338.46831,25,hard_flex
1789707338.468318,26,hard_flex
1789707338.4683352,25,hard_flex
1789707338.468344,25,hard_flex
1789707338.468352,24,hard_flex
1789707338.468359,24,hard_flex
1789707338.468367,25,hard_flex
1789707338.468375,25,hard_flex
1789707338.468382,25,hard_flex
1789707338.46839,25,hard_flex
1789707338.468398,25,hard_flex
1789707338.468405,25,hard_flex
1789707338.4684129,25,hard_flex
1789707338.468423,26,hard_flex
1789707338.468431,26,hard_flex
1789707338.468439,26,hard_flex
1789707338.468447,25,hard_flex
1789707338.4684548,26,hard_flex
1789707338.468462,25,hard_flex
1789707338.46847,26,hard_flex
1789707338.468478,26,hard_flex
1789707338.468485,25,hard_flex
1789707338.468493,26,hard_flex
1789707338.468501,25,hard_flex
1789707338.468509,25,hard_flex
1789707338.468516,26,hard_flex
1789707338.468524,25,hard_flex
1789707338.468532,25,hard_flex
1789707338.4685388,24,hard_flex
1789707338.468547,24,hard_flex
1789707338.468555,25,hard_flex
1789707338.468562,25,hard_flex
1789707338.46857,25,hard_flex
1789707338.468578,25,hard_flex
1789707338.468585,24,hard_flex
1789707338.468593,25,hard_flex
1789707338.468601,25,hard_flex
1789707338.468608,25,hard_flex
1789707338.46862,25,hard_flex
1789707338.468628,24,hard_flex
1789707338.4686358,24,hard_flex
1789707338.4686432,24,hard_flex
1789707338.468651,25,hard_flex
1789707338.468659,25,hard_flex
1789707338.468666,25,hard_flex
1789707338.468674,24,hard_flex
1789707338.468683,24,hard_flex
1789707338.4686909,24,hard_flex
1789707338.468699,25,hard_flex
1789707338.468707,25,hard_flex
1789707338.468714,25,hard_flex
1789707338.4687219,25,hard_flex
1789707338.468731,24,hard_flex
1789707338.4687412,24,hard_flex
1789707338.46875,25,hard_flex
1789707338.46876,25,hard_flex
1789707338.468769,24,hard_flex
1789707338.468779,23,hard_flex
1789707338.468787,23,hard_flex
1789707338.4687948,23,hard_flex
1789707338.4688032,25,hard_flex
1789707338.468811,25,hard_flex
1789707338.468818,25,hard_flex
1789707338.468826,25,hard_flex
1789707338.468836,25,hard_flex
1789707338.468846,25,hard_flex
1789707338.4688551,26,hard_flex
1789707338.468863,29,hard_flex
1789707338.4688718,28,hard_flex
1789707338.46888,29,hard_flex
1789707338.468905,31,hard_flex
1789707338.468919,30,hard_flex
1789707338.468928,29,hard_flex
1789707338.468937,30,hard_flex
1789707338.4689448,29,hard_flex
1789707338.46897,28,hard_flex
1789707338.468993,28,hard_flex
1789707338.469047,27,hard_flex
1789707338.469064,27,hard_flex
1789707338.469074,28,hard_flex
1789707338.4690838,28,hard_flex
1789707338.4690921,27,hard_flex
1789707338.4691,26,hard_flex
1789707338.4691079,25,hard_flex
1789707338.469117,25,hard_flex
1789707338.469125,26,hard_flex
1789707338.4691331,27,hard_flex
1789707338.469141,25,hard_flex
1789707338.4691489,24,hard_flex
1789707338.4691682,26,hard_flex
1789707338.4691782,26,hard_flex
1789707338.469187,26,hard_flex
1789707338.469196,26,hard_flex
1789707338.469206,26,hard_flex
1789707338.469216,25,hard_flex
1789707338.469226,26,hard_flex
1789707338.469235,27,hard_flex
1789707338.4692428,27,hard_flex
1789707338.469252,26,hard_flex
1789707338.46926,24,hard_flex
1789707338.469268,25,hard_flex
1789707338.469276,24,hard_flex
1789707338.469284,25,hard_flex
1789707338.469292,25,hard_flex
1789707338.4692988,25,hard_flex
1789707338.469307,24,hard_flex
1789707338.469315,29,hard_flex
1789707338.469322,33,hard_flex
1789707338.4693298,32,hard_flex
1789707338.4693382,31,hard_flex
1789707338.469345,33,hard_flex
1789707338.469353,32,hard_flex
1789707338.469364,30,hard_flex
1789707338.469376,32,hard_flex
1789707338.469385,35,hard_flex
1789707338.469394,37,hard_flex
1789707338.469402,36,hard_flex
1789707338.4694111,34,hard_flex
1789707338.469419,33,hard_flex
1789707338.469428,31,hard_flex
1789707338.469436,31,hard_flex
1789707338.469444,32,hard_flex
1789707338.469453,33,hard_flex
1789707338.469461,31,hard_flex
1789707338.46947,30,hard_flex
1789707338.469478,29,hard_flex
1789707338.4694872,29,hard_flex
1789707338.469495,30,hard_flex
1789707338.469504,30,hard_flex
1789707338.469512,28,hard_flex
1789707338.4695208,27,hard_flex
1789707338.469528,26,hard_flex
1789707338.469537,27,hard_flex
1789707338.469544,28,hard_flex
1789707338.469552,27,hard_flex
1789707338.4695601,28,hard_flex
1789707338.469567,27,hard_flex
1789707338.469575,26,hard_flex
1789707338.469583,27,hard_flex
1789707338.46959,27,hard_flex
1789707338.469598,27,hard_flex
1789707338.469606,26,hard_flex
1789707338.469613,25,hard_flex
1789707338.469621,27,hard_flex
1789707338.4696288,27,hard_flex
1789707338.4696379,28,hard_flex
1789707338.4696472,29,hard_flex
1789707338.469654,28,hard_flex
1789707338.469662,26,hard_flex
1789707338.469669,28,hard_flex
1789707338.469677,28,hard_flex
1789707338.469685,28,hard_flex
1789707338.469692,28,hard_flex
1789707338.4697,28,hard_flex
1789707338.469707,26,hard_flex
1789707338.4697149,27,hard_flex
1789707338.469723,31,hard_flex
1789707338.469731,35,hard_flex
1789707338.469739,41,hard_flex
1789707338.4697459,48,hard_flex
1789707338.4697542,48,hard_flex
1789707338.469762,44,hard_flex
1789707338.469769,47,hard_flex
1789707338.4697769,45,hard_flex
1789707338.469785,42,hard_flex
1789707338.469792,42,hard_flex
1789707338.4698,40,hard_flex
1789707338.469808,37,hard_flex
1789707338.469815,36,hard_flex
1789707338.469823,35,hard_flex
1789707338.469831,36,hard_flex
1789707338.4698381,34,hard_flex
1789707338.469846,32,hard_flex
1789707338.4698539,32,hard_flex
1789707338.469862,32,hard_flex
1789707338.4698691,31,hard_flex
1789707338.469877,31,hard_flex
1789707338.4698849,29,hard_flex
1789707338.469894,29,hard_flex
1789707338.469902,28,hard_flex
1789707338.46991,28,hard_flex
1789707338.469918,28,hard_flex
1789707338.4699252,29,hard_flex
1789707338.469933,27,hard_flex
1789707338.469942,27,hard_flex
1789707338.469949,26,hard_flex
1789707338.469957,27,hard_flex
1789707338.469964,28,hard_flex
1789707338.469972,28,hard_flex
1789707338.46998,28,hard_flex
1789707338.4699872,27,hard_flex
1789707338.469995,26,hard_flex
1789707338.470003,28,hard_flex
1789707338.470011,28,hard_flex
1789707338.4700181,28,hard_flex
1789707338.470026,29,hard_flex
1789707338.470034,28,hard_flex
1789707338.470041,28,hard_flex
1789707338.4700491,27,hard_flex
1789707338.470057,27,hard_flex
1789707338.4700642,29,hard_flex
1789707338.470072,28,hard_flex
1789707338.47008,28,hard_flex
1789707338.4700868,27,hard_flex
1789707338.4700952,26,hard_flex
1789707338.470103,28,hard_flex
1789707338.47011,29,hard_flex
1789707338.4701178,28,hard_flex
1789707338.4701262,27,hard_flex
1789707338.470134,26,hard_flex
1789707338.470141,26,hard_flex
1789707338.470149,27,hard_flex
1789707338.4701571,27,hard_flex
1789707338.470165,27,hard_flex
1789707338.470172,27,hard_flex
1789707338.47018,27,hard_flex
1789707338.470189,26,hard_flex
1789707338.470196,27,hard_flex
1789707338.4702039,27,hard_flex
1789707338.470212,26,hard_flex
1789707338.47022,25,hard_flex
1789707338.470227,26,hard_flex
1789707338.4702349,26,hard_flex
1789707338.470242,26,hard_flex
1789707338.47025,27,hard_flex
1789707338.470258,26,hard_flex
1789707338.4702652,25,hard_flex
1789707338.470273,25,hard_flex
1789707338.47028,24,hard_flex
1789707338.4702878,26,hard_flex
1789707338.4702961,26,hard_flex
1789707338.470304,27,hard_flex
1789707338.4703119,26,hard_flex
1789707338.470319,25,hard_flex
1789707338.4703271,25,hard_flex
1789707338.470334,26,hard_flex
1789707338.470342,26,hard_flex
1789707338.47035,27,hard_flex
1789707338.470382,26,hard_flex
1789707338.47039,25,hard_flex
1789707338.470398,25,hard_flex
1789707338.4704058,27,hard_flex
1789707338.470413,27,hard_flex
1789707338.470421,27,hard_flex
1789707338.470429,26,hard_flex
1789707338.470437,26,hard_flex
1789707338.470444,26,hard_flex
1789707338.470452,26,hard_flex
1789707338.47046,27,hard_flex
1789707338.470467,27,hard_flex
1789707338.470475,25,hard_flex
1789707338.4704828,26,hard_flex
1789707338.4704902,26,hard_flex
1789707338.470498,26,hard_flex
1789707338.470506,26,hard_flex
1789707338.4705129,26,hard_flex
1789707338.470521,25,hard_flex
1789707338.470529,25,hard_flex
1789707338.470536,25,hard_flex
1789707338.4705439,26,hard_flex
1789707338.470552,27,hard_flex
1789707338.470559,26,hard_flex
1789707338.470567,26,hard_flex
1789707338.470575,24,hard_flex
1789707338.470582,25,hard_flex
1789707338.4705899,26,hard_flex
1789707338.470598,25,hard_flex
1789707338.4706051,26,hard_flex
1789707338.470613,26,hard_flex
1789707338.4706209,25,hard_flex
1789707338.470628,25,hard_flex
1789707338.4706361,26,hard_flex
1789707338.470644,26,hard_flex
1789707338.470651,27,hard_flex
1789707338.470659,26,hard_flex
1789707338.470666,25,hard_flex
1789707338.470674,25,hard_flex
1789707338.4706821,25,hard_flex
1789707338.470689,26,hard_flex
1789707338.470697,27,hard_flex
1789707338.4707048,26,hard_flex
1789707338.470712,26,hard_flex
1789707338.47072,25,hard_flex
1789707338.470728,26,hard_flex
1789707338.470735,26,hard_flex
1789707338.470743,27,hard_flex
1789707338.4707499,27,hard_flex
1789707338.470758,25,hard_flex
1789707338.470766,25,hard_flex
1789707338.470773,27,hard_flex
1789707338.4707808,27,hard_flex
1789707338.4707892,26,hard_flex
1789707338.470796,25,hard_flex
1789707338.470804,24,hard_flex
1789707338.470811,24,hard_flex
1789707338.470819,25,hard_flex
1789707338.470827,26,hard_flex
1789707338.470834,26,hard_flex
1789707338.4708421,24,hard_flex
1789707338.47085,24,hard_flex
1789707338.470857,24,hard_flex
1789707338.470865,24,hard_flex
1789707338.470873,26,hard_flex
1789707338.47088,26,hard_flex
1789707338.470888,25,hard_flex
1789707338.4708962,25,hard_flex
1789707338.4709032,24,hard_flex
1789707338.470911,25,hard_flex
1789707338.470918,26,hard_flex
1789707338.470926,25,hard_flex
1789707338.470934,25,hard_flex
1789707338.4709408,24,hard_flex
1789707338.4709492,24,hard_flex
1789707338.470956,25,hard_flex
1789707338.470964,26,hard_flex
1789707338.4709718,26,hard_flex
1789707338.4709802,25,hard_flex
1789707338.470987,24,hard_flex
1789707338.470995,24,hard_flex
1789707338.4710028,25,hard_flex
1789707338.47101,25,hard_flex
1789707338.471018,27,hard_flex
1789707338.471026,26,hard_flex
1789707338.471033,25,hard_flex
1789707338.471041,25,hard_flex
1789707338.471049,25,hard_flex
1789707338.471056,27,hard_flex
1789707338.471064,27,hard_flex
1789707338.471071,26,hard_flex
1789707338.4710789,26,hard_flex
1789707338.4710872,26,hard_flex
1789707338.471095,27,hard_flex
1789707338.471102,27,hard_flex
1789707338.4711099,27,hard_flex
1789707338.471118,26,hard_flex
1789707338.471125,26,hard_flex
1789707338.471133,25,hard_flex
1789707338.4711401,26,hard_flex
1789707338.471148,27,hard_flex
1789707338.471156,26,hard_flex
1789707338.4711628,26,hard_flex
1789707338.4711711,25,hard_flex
1789707338.471179,25,hard_flex
1789707338.471186,26,hard_flex
1789707338.471194,27,hard_flex
1789707338.471201,28,hard_flex
1789707338.471209,28,hard_flex
1789707338.471217,26,hard_flex
1789707338.471225,26,hard_flex
1789707338.471232,27,hard_flex
1789707338.47124,26,hard_flex
1789707338.471248,27,hard_flex
1789707338.471255,26,hard_flex
1789707338.471263,25,hard_flex
1789707338.4712708,26,hard_flex
1789707338.4712782,26,hard_flex
1789707338.471286,26,hard_flex
1789707338.471294,27,hard_flex
1789707338.471301,27,hard_flex
1789707338.471309,26,hard_flex
1789707338.471317,25,hard_flex
1789707338.471324,26,hard_flex
1789707338.471332,26,hard_flex
1789707338.47134,26,hard_flex
1789707338.4713469,25,hard_flex
1789707338.471355,26,hard_flex
1789707338.471363,25,hard_flex
1789707338.47137,26,hard_flex
1789707338.4713778,26,hard_flex
1789707338.4713862,28,hard_flex
1789707338.471394,27,hard_flex
1789707338.4714031,25,hard_flex
1789707338.471413,26,hard_flex
1789707338.471423,26,hard_flex
1789707338.471432,27,hard_flex
1789707338.471442,26,hard_flex
1789707338.4714508,26,hard_flex
1789707338.47146,25,hard_flex
1789707338.47147,26,hard_flex
1789707338.471479,26,hard_flex
1789707338.471489,28,hard_flex
1789707338.471499,27,hard_flex
1789707338.471508,27,hard_flex
1789707338.4715168,26,hard_flex
1789707338.471524,26,hard_flex
1789707338.471532,26,hard_flex
1789707338.47154,27,hard_flex
1789707338.4715478,27,hard_flex
1789707338.471555,26,hard_flex
1789707338.471563,25,hard_flex
1789707338.471571,25,hard_flex
1789707338.4715781,27,hard_flex
1789707338.471586,27,hard_flex
1789707338.471593,27,hard_flex
1789707338.471601,27,hard_flex
1789707338.4716108,26,hard_flex
1789707338.47162,25,hard_flex
1789707338.47163,26,hard_flex
1789707338.4716392,26,hard_flex
1789707338.471648,26,hard_flex
1789707338.471658,26,hard_flex
1789707338.471667,25,hard_flex
1789707338.4716759,24,hard_flex
1789707338.471683,24,hard_flex
1789707338.47169,25,hard_flex
1789707338.4716978,26,hard_flex
1789707338.4717052,25,hard_flex
1789707338.471713,25,hard_flex
1789707338.47172,26,hard_flex
1789707338.471728,26,hard_flex
1789707338.471735,27,hard_flex
1789707338.4717429,27,hard_flex
1789707338.4717498,26,hard_flex
1789707338.4717581,26,hard_flex
1789707338.471765,25,hard_flex
1789707338.47178,26,hard_flex
1789707338.472538,27,hard_flex
1789707338.477866,27,hard_flex
1789707338.4831119,26,hard_flex
1789707338.4881651,26,hard_flex
1789707338.4934862,26,hard_flex
1789707338.49874,26,hard_flex
1789707338.5039082,26,hard_flex
1789707338.5092108,27,hard_flex
1789707338.514467,27,hard_flex
1789707338.519753,25,hard_flex
1789707338.5249379,25,hard_flex
1789707338.530219,26,hard_flex
1789707338.535574,26,hard_flex
1789707338.540831,26,hard_flex
1789707338.545886,27,hard_flex
1789707338.551243,25,hard_flex
1789707338.556548,25,hard_flex
1789707338.5616078,25,hard_flex
1789707338.5669582,25,hard_flex
1789707338.572193,26,hard_flex
1789707338.577558,26,hard_flex
1789707338.582601,24,hard_flex
1789707338.587883,24,hard_flex
1789707338.593211,25,hard_flex
1789707338.598528,25,hard_flex
1789707338.603594,25,hard_flex
1789707338.608871,25,hard_flex
1789707338.614215,24,hard_flex
1789707338.6194701,24,hard_flex
1789707338.62463,27,hard_flex
1789707338.62994,27,hard_flex
1789707338.63534,27,hard_flex
1789707338.640617,26,hard_flex
1789707338.645679,25,hard_flex
1789707338.6509151,25,hard_flex
1789707338.657366,27,hard_flex
1789707338.661247,27,hard_flex
1789707338.666773,27,hard_flex
1789707338.671893,28,hard_flex
1789707338.677214,27,hard_flex
1789707338.6824372,27,hard_flex
1789707338.687659,27,hard_flex
1789707338.692904,27,hard_flex
1789707338.6982331,27,hard_flex
1789707338.703667,27,hard_flex
1789707338.708647,27,hard_flex
1789707338.7138848,27,hard_flex
1789707338.719245,26,hard_flex
1789707338.72431,27,hard_flex
1789707338.729557,27,hard_flex
1789707338.734994,27,hard_flex
1789707338.740073,26,hard_flex
1789707338.745392,26,hard_flex
1789707338.75074,25,hard_flex
1789707338.756076,26,hard_flex
1789707338.761012,26,hard_flex
1789707338.76633,27,hard_flex
1789707338.7715468,26,hard_flex
1789707338.7768629,25,hard_flex
1789707338.782015,25,hard_flex
1789707338.787182,25,hard_flex
1789707338.792382,25,hard_flex
1789707338.7977118,27,hard_flex
1789707338.803027,26,hard_flex
1789707338.808337,25,hard_flex
1789707338.8134248,25,hard_flex
1789707338.8186471,29,hard_flex
1789707338.8239949,31,hard_flex
1789707338.829201,58,hard_flex
1789707338.8346481,69,hard_flex
1789707338.839697,76,hard_flex
1789707338.845175,78,hard_flex
1789707338.850143,83,hard_flex
1789707338.855865,81,hard_flex
1789707338.860458,85,hard_flex
1789707338.8659809,81,hard_flex
1789707338.871286,91,hard_flex
1789707338.876443,99,hard_flex
1789707338.881642,97,hard_flex
1789707338.914594,119,hard_flex
1789707338.914676,146,hard_flex
1789707338.914742,159,hard_flex
1789707338.9148018,148,hard_flex
1789707338.914864,174,hard_flex
1789707338.914925,221,hard_flex
1789707338.948535,248,hard_flex
1789707338.948641,253,hard_flex
1789707338.948714,323,hard_flex
1789707338.948782,315,hard_flex
1789707338.948847,304,hard_flex
1789707338.9489112,295,hard_flex
1789707338.982216,277,hard_flex
1789707338.982357,297,hard_flex
1789707338.9825048,398,hard_flex
1789707338.9825852,427,hard_flex
1789707338.9826539,446,hard_flex
1789707338.98272,507,hard_flex
1789707338.9827871,534,hard_flex
1789707339.016181,514,hard_flex
1789707339.0162802,521,hard_flex
1789707339.016347,591,hard_flex
1789707339.0164092,688,hard_flex
1789707339.0164711,857,hard_flex
1789707339.016531,933,hard_flex
1789707339.049841,933,hard_flex
1789707339.0499442,933,hard_flex
1789707339.0500119,933,hard_flex
1789707339.050076,933,hard_flex
1789707339.050142,933,hard_flex
1789707339.050205,933,hard_flex
1789707339.050267,911,hard_flex
1789707339.083831,853,hard_flex
1789707339.08393,821,hard_flex
1789707339.083997,819,hard_flex
1789707339.0840619,810,hard_flex
1789707339.0841238,820,hard_flex
1789707339.0841868,867,hard_flex
1789707339.117491,822,hard_flex
1789707339.117586,901,hard_flex
1789707339.1176488,933,hard_flex
1789707339.117711,933,hard_flex
1789707339.117771,934,hard_flex
1789707339.1178298,934,hard_flex
1789707339.1512609,934,hard_flex
1789707339.151411,934,hard_flex
1789707339.151489,934,hard_flex
1789707339.151556,933,hard_flex
1789707339.151619,933,hard_flex
1789707339.151684,933,hard_flex
1789707339.151744,933,hard_flex
1789707339.185136,934,hard_flex
1789707339.185803,934,hard_flex
1789707339.185898,934,hard_flex
1789707339.1859672,934,hard_flex
1789707339.1860359,934,hard_flex
1789707339.186103,934,hard_flex
1789707339.218953,934,hard_flex
1789707339.21906,933,hard_flex
1789707339.2191281,933,hard_flex
1789707339.219191,934,hard_flex
1789707339.21926,933,hard_flex
1789707339.219321,932,hard_flex
1789707339.219381,927,hard_flex
1789707339.252749,877,hard_flex
1789707339.252821,891,hard_flex
1789707339.252861,933,hard_flex
1789707339.252898,933,hard_flex
1789707339.252935,934,hard_flex
1789707339.252971,934,hard_flex
1789707339.2865999,934,hard_flex
1789707339.2867048,934,hard_flex
1789707339.286775,934,hard_flex
1789707339.2868512,933,hard_flex
1789707339.286915,933,hard_flex
1789707339.286979,933,hard_flex
1789707339.320329,934,hard_flex
1789707339.320451,933,hard_flex
1789707339.320517,934,hard_flex
1789707339.320579,934,hard_flex
1789707339.32064,934,hard_flex
1789707339.3207018,934,hard_flex
1789707339.320765,934,hard_flex
1789707339.3542788,934,hard_flex
1789707339.354379,934,hard_flex
1789707339.354445,934,hard_flex
1789707339.354507,934,hard_flex
1789707339.354568,934,hard_flex
1789707339.3546271,934,hard_flex
1789707339.387986,934,hard_flex
1789707339.388073,934,hard_flex
1789707339.388115,934,hard_flex
1789707339.388145,934,hard_flex
1789707339.388171,934,hard_flex
1789707339.3881972,934,hard_flex
1789707339.388223,934,hard_flex
1789707339.422097,934,hard_flex
1789707339.422215,934,hard_flex
1789707339.42494,934,hard_flex
1789707339.4250062,934,hard_flex
1789707339.42505,934,hard_flex
1789707339.425088,934,hard_flex
1789707339.4556339,934,hard_flex
1789707339.455856,934,hard_flex
1789707339.455946,934,hard_flex
1789707339.4560351,934,hard_flex
1789707339.457181,933,hard_flex
1789707339.4572642,933,hard_flex
1789707339.489258,933,hard_flex
1789707339.4894028,909,hard_flex
1789707339.489595,933,hard_flex
1789707339.489723,933,hard_flex
1789707339.489918,934,hard_flex
1789707339.4899998,934,hard_flex
1789707339.490112,934,hard_flex
1789707339.5234509,934,hard_flex
1789707339.523565,934,hard_flex
1789707339.523615,934,hard_flex
1789707339.523659,933,hard_flex
1789707339.523702,934,hard_flex
1789707339.523746,933,hard_flex
1789707339.557152,933,hard_flex
1789707339.5572429,858,hard_flex
1789707339.5572941,792,hard_flex
1789707339.557342,848,hard_flex
1789707339.5574,896,hard_flex
1789707339.557447,874,hard_flex
1789707339.557492,822,hard_flex
1789707339.591566,923,hard_flex
1789707339.59165,933,hard_flex
1789707339.591703,933,hard_flex
1789707339.591754,890,hard_flex
1789707339.5918021,836,hard_flex
1789707339.591847,767,hard_flex
1789707339.624722,699,hard_flex
1789707339.624793,694,hard_flex
1789707339.624834,683,hard_flex
1789707339.624869,642,hard_flex
1789707339.624903,682,hard_flex
1789707339.624935,654,hard_flex
1789707339.658478,672,hard_flex
1789707339.658607,706,hard_flex
1789707339.6586728,662,hard_flex
1789707339.6587362,640,hard_flex
1789707339.6587992,656,hard_flex
1789707339.658873,642,hard_flex
1789707339.658933,586,hard_flex
1789707339.6923048,539,hard_flex
1789707339.6924002,534,hard_flex
1789707339.692466,504,hard_flex
1789707339.69253,504,hard_flex
1789707339.6925921,523,hard_flex
1789707339.6926541,495,hard_flex
1789707339.725868,469,hard_flex
1789707339.7259269,512,hard_flex
1789707339.726054,567,hard_flex
1789707339.7261,567,hard_flex
1789707339.72614,534,hard_flex
1789707339.726227,502,hard_flex
1789707339.72628,503,hard_flex
1789707339.759948,595,hard_flex
1789707339.7600472,584,hard_flex
1789707339.760112,541,hard_flex
1789707339.760174,532,hard_flex
1789707339.7602339,585,hard_flex
1789707339.760295,630,hard_flex
1789707339.7937741,669,hard_flex
1789707339.793874,690,hard_flex
1789707339.79394,665,hard_flex
1789707339.7940211,737,hard_flex
1789707339.794085,762,hard_flex
1789707339.794146,720,hard_flex
1789707339.8275142,727,hard_flex
1789707339.82764,730,hard_flex
1789707339.8277068,714,hard_flex
1789707339.82777,673,hard_flex
1789707339.8278341,651,hard_flex
1789707339.827898,623,hard_flex
1789707339.8279612,667,hard_flex
1789707339.8616068,695,hard_flex
1789707339.861792,705,hard_flex
1789707339.861835,700,hard_flex
1789707339.861875,738,hard_flex
1789707339.86191,805,hard_flex
1789707339.861943,821,hard_flex
1789707339.895123,801,hard_flex
1789707339.895227,850,hard_flex
1789707339.8952901,933,hard_flex
1789707339.895351,934,hard_flex
1789707339.8954098,934,hard_flex
1789707339.895468,934,hard_flex
1789707339.895526,934,hard_flex
1789707339.929031,934,hard_flex
1789707339.9291258,934,hard_flex
1789707339.9291909,934,hard_flex
1789707339.9292521,934,hard_flex
1789707339.929312,933,hard_flex
1789707339.929384,933,hard_flex
1789707339.96273,933,hard_flex
1789707339.962829,933,hard_flex
1789707339.9628952,933,hard_flex
1789707339.9629571,933,hard_flex
1789707339.963019,933,hard_flex
1789707339.963082,933,hard_flex
1789707339.99662,933,hard_flex
1789707339.9967492,933,hard_flex
1789707339.996804,933,hard_flex
1789707339.99685,916,hard_flex
1789707339.996889,933,hard_flex
1789707339.9969332,934,hard_flex
1789707339.996972,934,hard_flex
1789707340.030423,933,hard_flex
1789707340.0305269,933,hard_flex
1789707340.0306041,933,hard_flex
1789707340.0306802,933,hard_flex
1789707340.030848,933,hard_flex
1789707340.0309381,922,hard_flex
1789707340.0642712,923,hard_flex
1789707340.064379,933,hard_flex
1789707340.06445,933,hard_flex
1789707340.064516,933,hard_flex
1789707340.0645802,933,hard_flex
1789707340.0646431,931,hard_flex
1789707340.064707,865,hard_flex
1789707340.098163,818,hard_flex
1789707340.0982652,816,hard_flex
1789707340.0983412,762,hard_flex
1789707340.09841,764,hard_flex
1789707340.098475,766,hard_flex
1789707340.0985548,804,hard_flex
1789707340.131903,794,hard_flex
1789707340.1320052,761,hard_flex
1789707340.13208,783,hard_flex
1789707340.1321511,800,hard_flex
1789707340.1322181,760,hard_flex
1789707340.132283,732,hard_flex
1789707340.1657012,673,hard_flex
1789707340.165837,627,hard_flex
1789707340.165906,594,hard_flex
1789707340.165969,554,hard_flex
1789707340.166052,570,hard_flex
1789707340.1661172,595,hard_flex
1789707340.166191,592,hard_flex
1789707340.199544,607,hard_flex
1789707340.199643,606,hard_flex
1789707340.199713,589,hard_flex
1789707340.199778,655,hard_flex
1789707340.199842,738,hard_flex
1789707340.199904,716,hard_flex
1789707340.233299,707,hard_flex
1789707340.233401,656,hard_flex
1789707340.233469,611,hard_flex
1789707340.2335339,735,hard_flex
1789707340.233599,777,hard_flex
1789707340.233662,843,hard_flex
1789707340.2337248,886,hard_flex
1789707340.2679129,845,hard_flex
1789707340.267978,806,hard_flex
1789707340.26801,748,hard_flex
1789707340.268042,852,hard_flex
1789707340.268072,933,hard_flex
1789707340.268102,933,hard_flex
1789707340.3006332,934,hard_flex
1789707340.300719,934,hard_flex
1789707340.3007832,933,hard_flex
1789707340.300844,933,hard_flex
1789707340.3009028,933,hard_flex
1789707340.3009632,934,hard_flex
1789707340.3344798,934,hard_flex
1789707340.334666,934,hard_flex
1789707340.334744,934,hard_flex
1789707340.334806,934,hard_flex
1789707340.334881,934,hard_flex
1789707340.334913,934,hard_flex
1789707340.3349361,934,hard_flex
1789707340.368405,934,hard_flex
1789707340.368514,934,hard_flex
1789707340.3685892,934,hard_flex
1789707340.368649,934,hard_flex
1789707340.3687081,934,hard_flex
1789707340.368767,934,hard_flex
1789707340.402156,934,hard_flex
1789707340.4023,934,hard_flex
1789707340.402364,934,hard_flex
1789707340.402436,934,hard_flex
1789707340.402496,934,hard_flex
1789707340.402555,934,hard_flex
1789707340.402614,934,hard_flex
1789707340.436047,934,hard_flex
1789707340.436131,934,hard_flex
1789707340.436192,934,hard_flex
1789707340.436251,934,hard_flex
1789707340.43631,934,hard_flex
1789707340.436367,934,hard_flex
1789707340.46987,934,hard_flex
1789707340.469961,934,hard_flex
1789707340.470025,934,hard_flex
1789707340.4700851,934,hard_flex
1789707340.470145,934,hard_flex
1789707340.4702039,934,hard_flex
1789707340.503669,934,hard_flex
1789707340.503795,934,hard_flex
1789707340.5038679,934,hard_flex
1789707340.503936,934,hard_flex
1789707340.503999,934,hard_flex
1789707340.504062,934,hard_flex
1789707340.504124,934,hard_flex
1789707340.53749,934,hard_flex
1789707340.53759,933,hard_flex
1789707340.537653,933,hard_flex
1789707340.537716,926,hard_flex
1789707340.5377762,924,hard_flex
1789707340.537833,931,hard_flex
1789707340.571332,830,hard_flex
1789707340.571457,768,hard_flex
1789707340.5715241,697,hard_flex
1789707340.571585,654,hard_flex
1789707340.571646,774,hard_flex
1789707340.572405,864,hard_flex
1789707340.572481,846,hard_flex
1789707340.6053061,779,hard_flex
1789707340.605406,729,hard_flex
1789707340.605473,779,hard_flex
1789707340.605536,736,hard_flex
1789707340.605597,695,hard_flex
1789707340.605738,676,hard_flex
1789707340.6390378,635,hard_flex
1789707340.6391602,615,hard_flex
1789707340.639544,590,hard_flex
1789707340.639765,599,hard_flex
1789707340.63984,578,hard_flex
1789707340.639906,582,hard_flex
1789707340.6727931,577,hard_flex
1789707340.672926,552,hard_flex
1789707340.6729689,575,hard_flex
1789707340.673024,595,hard_flex
1789707340.6730618,595,hard_flex
1789707340.673093,567,hard_flex
1789707340.673122,534,hard_flex
1789707340.7066371,493,hard_flex
1789707340.706746,525,hard_flex
1789707340.7068229,499,hard_flex
1789707340.706891,488,hard_flex
1789707340.7069619,511,hard_flex
1789707340.707026,545,hard_flex
1789707340.7404952,505,hard_flex
1789707340.7406,504,hard_flex
1789707340.740669,507,hard_flex
1789707340.740736,467,hard_flex
1789707340.7408,483,hard_flex
1789707340.740865,455,hard_flex
1789707340.74094,425,hard_flex
1789707340.7744482,406,hard_flex
1789707340.774563,399,hard_flex
1789707340.774647,388,hard_flex
1789707340.7747252,372,hard_flex
1789707340.7747982,365,hard_flex
1789707340.774868,333,hard_flex
1789707340.808056,335,hard_flex
1789707340.8081632,356,hard_flex
1789707340.80823,375,hard_flex
1789707340.808295,402,hard_flex
1789707340.808358,379,hard_flex
1789707340.808419,357,hard_flex
1789707340.841986,375,hard_flex
1789707340.84211,380,hard_flex
1789707340.8421671,355,hard_flex
1789707340.8422122,326,hard_flex
1789707340.842253,299,hard_flex
1789707340.8422909,277,hard_flex
1789707340.842328,329,hard_flex
1789707340.8757749,307,hard_flex
1789707340.8758621,368,hard_flex
1789707340.875913,373,hard_flex
1789707340.875961,362,hard_flex
1789707340.8760052,360,hard_flex
1789707340.8760478,382,hard_flex
1789707340.909455,380,hard_flex
1789707340.909544,346,hard_flex
1789707340.90959,316,hard_flex
1789707340.9096289,289,hard_flex
1789707340.909665,268,hard_flex
1789707340.9097002,256,hard_flex
1789707340.909738,292,hard_flex
1789707340.943352,312,hard_flex
1789707340.943456,356,hard_flex
1789707340.943525,379,hard_flex
1789707340.943593,392,hard_flex
1789707340.943659,368,hard_flex
1789707340.943723,340,hard_flex
1789707340.977589,341,hard_flex
1789707340.977663,339,hard_flex
1789707340.977709,311,hard_flex
1789707340.977823,299,hard_flex
1789707340.977868,275,hard_flex
1789707340.9779048,271,hard_flex
1789707341.010977,247,hard_flex
1789707341.011138,231,hard_flex
1789707341.0112178,239,hard_flex
1789707341.0113301,243,hard_flex
1789707341.011394,238,hard_flex
1789707341.0114539,245,hard_flex
1789707341.0115168,269,hard_flex
1789707341.044576,268,hard_flex
1789707341.0446389,294,hard_flex
1789707341.044681,314,hard_flex
1789707341.044721,307,hard_flex
1789707341.044759,277,hard_flex
1789707341.0447948,254,hard_flex
1789707341.0784352,272,hard_flex
1789707341.0785348,274,hard_flex
1789707341.0785978,264,hard_flex
1789707341.078659,242,hard_flex
1789707341.078718,234,hard_flex
1789707341.078777,219,hard_flex
1789707341.078846,217,hard_flex
1789707341.112315,223,hard_flex
1789707341.112389,214,hard_flex
1789707341.11243,204,hard_flex
1789707341.11247,188,hard_flex
1789707341.112509,172,hard_flex
1789707341.1125472,192,hard_flex
1789707341.146131,185,hard_flex
1789707341.146234,201,hard_flex
1789707341.146301,235,hard_flex
1789707341.146365,245,hard_flex
1789707341.146482,248,hard_flex
1789707341.1465988,256,hard_flex
1789707341.180487,274,hard_flex
1789707341.180694,263,hard_flex
1789707341.180748,245,hard_flex
1789707341.180789,236,hard_flex
1789707341.180825,235,hard_flex
1789707341.180862,252,hard_flex
1789707341.1808991,251,hard_flex
1789707341.21377,231,hard_flex
1789707341.213869,213,hard_flex
1789707341.2139342,203,hard_flex
1789707341.2139971,187,hard_flex
1789707341.214058,186,hard_flex
1789707341.214118,192,hard_flex
1789707341.247519,194,hard_flex
1789707341.247626,178,hard_flex
1789707341.247707,213,hard_flex
1789707341.247772,226,hard_flex
1789707341.2478368,266,hard_flex
1789707341.2479029,254,hard_flex
1789707341.247968,261,hard_flex
1789707341.281404,253,hard_flex
1789707341.281505,251,hard_flex
1789707341.2815711,236,hard_flex
1789707341.281634,212,hard_flex
1789707341.281696,201,hard_flex
1789707341.281756,200,hard_flex
1789707341.315247,183,hard_flex
1789707341.315358,173,hard_flex
1789707341.315434,185,hard_flex
1789707341.3155048,179,hard_flex
1789707341.315572,195,hard_flex
1789707341.315639,190,hard_flex
1789707341.3489149,201,hard_flex
1789707341.349041,205,hard_flex
1789707341.349108,201,hard_flex
1789707341.3491719,197,hard_flex
1789707341.349233,189,hard_flex
1789707341.3492951,173,hard_flex
1789707341.349356,157,hard_flex
1789707341.3829272,150,hard_flex
1789707341.383004,169,hard_flex
1789707341.383044,174,hard_flex
1789707341.3830788,176,hard_flex
1789707341.383119,161,hard_flex
1789707341.383156,150,hard_flex
1789707341.416578,146,hard_flex
1789707341.416685,158,hard_flex
1789707341.416765,148,hard_flex
1789707341.416832,136,hard_flex
1789707341.416896,125,hard_flex
1789707341.41696,119,hard_flex
1789707341.417024,133,hard_flex
1789707341.450476,122,hard_flex
1789707341.450562,132,hard_flex
1789707341.450613,148,hard_flex
1789707341.4506612,151,hard_flex
1789707341.45071,164,hard_flex
1789707341.450757,155,hard_flex
1789707341.4841971,146,hard_flex
1789707341.484303,159,hard_flex
1789707341.484372,152,hard_flex
1789707341.484638,148,hard_flex
1789707341.4847062,155,hard_flex
1789707341.4847722,154,hard_flex
1789707341.518056,146,hard_flex
1789707341.518201,129,hard_flex
1789707341.518272,124,hard_flex
1789707341.518337,134,hard_flex
1789707341.5184,134,hard_flex
1789707341.518464,142,hard_flex
1789707341.5185258,165,hard_flex
1789707341.5518231,154,hard_flex
1789707341.5519192,150,hard_flex
1789707341.551984,144,hard_flex
1789707341.5520482,139,hard_flex
1789707341.552109,132,hard_flex
1789707341.5521688,129,hard_flex
1789707341.586421,126,hard_flex
1789707341.586563,126,hard_flex
1789707341.586616,166,hard_flex
1789707341.586657,196,hard_flex
1789707341.5866969,211,hard_flex
1789707341.586735,195,hard_flex
1789707341.586771,191,hard_flex
1789707341.619379,180,hard_flex
1789707341.619448,173,hard_flex
1789707341.6194859,165,hard_flex
1789707341.619518,179,hard_flex
1789707341.6195478,184,hard_flex
1789707341.619574,168,hard_flex
1789707341.653205,161,hard_flex
1789707341.653273,178,hard_flex
1789707341.653306,174,hard_flex
1789707341.653336,179,hard_flex
1789707341.653363,178,hard_flex
1789707341.6533902,187,hard_flex
1789707341.6870348,193,hard_flex
1789707341.687187,194,hard_flex
1789707341.687263,191,hard_flex
1789707341.687333,190,hard_flex
1789707341.6873999,185,hard_flex
1789707341.687468,172,hard_flex
1789707341.6875331,164,hard_flex
1789707341.720907,169,hard_flex
1789707341.7210088,169,hard_flex
1789707341.7210822,183,hard_flex
1789707341.7211468,169,hard_flex
1789707341.721209,172,hard_flex
1789707341.721271,177,hard_flex
1789707341.754727,169,hard_flex
1789707341.7548218,155,hard_flex
1789707341.754875,153,hard_flex
1789707341.754926,160,hard_flex
1789707341.754977,146,hard_flex
1789707341.755025,134,hard_flex
1789707341.755072,124,hard_flex
1789707341.788994,124,hard_flex
1789707341.7892501,123,hard_flex
1789707341.789303,127,hard_flex
1789707341.789719,128,hard_flex
1789707341.7897658,147,hard_flex
1789707341.789802,149,hard_flex
1789707341.8223739,153,hard_flex
1789707341.822471,160,hard_flex
1789707341.82254,164,hard_flex
1789707341.822612,163,hard_flex
1789707341.822675,161,hard_flex
1789707341.822737,158,hard_flex
1789707341.856354,147,hard_flex
1789707341.8564951,169,hard_flex
1789707341.856555,194,hard_flex
1789707341.856769,188,hard_flex
1789707341.856842,203,hard_flex
1789707341.856891,201,hard_flex
1789707341.856937,206,hard_flex
1789707341.890089,200,hard_flex
1789707341.890194,199,hard_flex
1789707341.8902779,187,hard_flex
1789707341.8903449,184,hard_flex
1789707341.89041,174,hard_flex
1789707341.890471,185,hard_flex
1789707341.9238122,200,hard_flex
1789707341.923916,196,hard_flex
1789707341.923985,193,hard_flex
1789707341.924053,181,hard_flex
1789707341.924118,197,hard_flex
1789707341.9241788,198,hard_flex
1789707341.9242392,200,hard_flex
1789707341.9575932,206,hard_flex
1789707341.957695,187,hard_flex
1789707341.957763,179,hard_flex
1789707341.957824,171,hard_flex
1789707341.9578838,182,hard_flex
1789707341.9579551,180,hard_flex
1789707341.991297,175,hard_flex
1789707341.991362,163,hard_flex
1789707341.9913962,163,hard_flex
1789707341.991426,166,hard_flex
1789707341.991455,150,hard_flex
1789707341.991484,156,hard_flex
1789707342.025097,153,hard_flex
1789707342.0251899,154,hard_flex
1789707342.025229,163,hard_flex
1789707342.025264,161,hard_flex
1789707342.025297,162,hard_flex
1789707342.0253298,173,hard_flex
1789707342.025363,183,hard_flex
1789707342.05905,166,hard_flex
1789707342.059156,150,hard_flex
1789707342.059241,142,hard_flex
1789707342.0593112,141,hard_flex
1789707342.059384,131,hard_flex
1789707342.059447,127,hard_flex
1789707342.09281,122,hard_flex
1789707342.0929122,120,hard_flex
1789707342.092978,170,hard_flex
1789707342.0930402,209,hard_flex
1789707342.0931032,199,hard_flex
1789707342.093163,185,hard_flex
1789707342.093222,171,hard_flex
1789707342.126606,165,hard_flex
1789707342.126667,168,hard_flex
1789707342.126705,175,hard_flex
1789707342.1267378,181,hard_flex
1789707342.1267729,167,hard_flex
1789707342.126807,154,hard_flex
1789707342.160393,149,hard_flex
1789707342.1604931,158,hard_flex
1789707342.1605608,185,hard_flex
1789707342.160635,181,hard_flex
1789707342.160696,210,hard_flex
1789707342.160757,239,hard_flex
1789707342.194153,230,hard_flex
1789707342.1942122,213,hard_flex
1789707342.1942348,226,hard_flex
1789707342.194255,228,hard_flex
1789707342.1942751,208,hard_flex
1789707342.194295,193,hard_flex
1789707342.194315,183,hard_flex
1789707342.227784,172,hard_flex
1789707342.227804,155,hard_flex
1789707342.227817,149,hard_flex
1789707342.22783,142,hard_flex
1789707342.227842,133,hard_flex
1789707342.2278552,127,hard_flex
1789707342.2615218,122,hard_flex
1789707342.261547,132,hard_flex
1789707342.261562,124,hard_flex
1789707342.261578,137,hard_flex
1789707342.261596,172,hard_flex
1789707342.261611,167,hard_flex
1789707342.261626,165,hard_flex
1789707342.2954822,157,hard_flex
1789707342.295514,160,hard_flex
1789707342.2955341,154,hard_flex
1789707342.2955542,141,hard_flex
1789707342.295573,128,hard_flex
1789707342.295593,122,hard_flex
1789707342.3154,117,hard_flex
1789707342.3154318,110,hard_flex
1789707342.315459,105,hard_flex
1789707342.3154821,99,hard_flex
1789707342.3205981,92,hard_flex
1789707342.325747,90,hard_flex
1789707342.331053,92,hard_flex
1789707342.3363578,96,hard_flex
1789707342.341454,93,hard_flex
1789707342.3467462,88,hard_flex
1789707342.351949,98,hard_flex
1789707342.385418,114,hard_flex
1789707342.385521,115,hard_flex
1789707342.385579,119,hard_flex
1789707342.385631,134,hard_flex
1789707342.385687,125,hard_flex
1789707342.385731,127,hard_flex
1789707342.4191191,122,hard_flex
1789707342.419231,142,hard_flex
1789707342.419302,160,hard_flex
1789707342.419366,147,hard_flex
1789707342.419429,143,hard_flex
1789707342.419492,149,hard_flex
1789707342.4526799,137,hard_flex
1789707342.4527822,145,hard_flex
1789707342.452823,181,hard_flex
1789707342.4528599,240,hard_flex
1789707342.452895,227,hard_flex
1789707342.452929,216,hard_flex
1789707342.4529622,201,hard_flex
1789707342.486572,183,hard_flex
1789707342.486687,165,hard_flex
1789707342.486758,161,hard_flex
1789707342.4868212,156,hard_flex
1789707342.486884,162,hard_flex
1789707342.486946,182,hard_flex
1789707342.520323,200,hard_flex
1789707342.5204248,211,hard_flex
1789707342.520494,231,hard_flex
1789707342.520558,226,hard_flex
1789707342.520619,232,hard_flex
1789707342.52068,232,hard_flex
1789707342.5207412,221,hard_flex
1789707342.554195,215,hard_flex
1789707342.554292,199,hard_flex
1789707342.5543559,182,hard_flex
1789707342.554419,166,hard_flex
1789707342.55448,161,hard_flex
1789707342.554542,176,hard_flex
1789707342.588087,215,hard_flex
1789707342.5882292,209,hard_flex
1789707342.588286,195,hard_flex
1789707342.5883331,220,hard_flex
1789707342.588376,247,hard_flex
1789707342.588419,235,hard_flex
1789707342.621768,226,hard_flex
1789707342.621896,212,hard_flex
1789707342.621967,211,hard_flex
1789707342.6220312,205,hard_flex
1789707342.622098,186,hard_flex
1789707342.622159,176,hard_flex
1789707342.622218,175,hard_flex
1789707342.656542,182,hard_flex
1789707342.656638,199,hard_flex
1789707342.656687,193,hard_flex
1789707342.656733,182,hard_flex
1789707342.656777,194,hard_flex
1789707342.65682,212,hard_flex
1789707342.6895208,222,hard_flex
1789707342.689643,234,hard_flex
1789707342.689718,235,hard_flex
1789707342.689785,223,hard_flex
1789707342.6898508,217,hard_flex
1789707342.689916,203,hard_flex
1789707342.6900601,194,hard_flex
1789707342.723284,195,hard_flex
1789707342.723382,201,hard_flex
1789707342.723448,207,hard_flex
1789707342.723509,207,hard_flex
1789707342.7235682,201,hard_flex
1789707342.723627,204,hard_flex
1789707342.75701,198,hard_flex
1789707342.757115,189,hard_flex
1789707342.757183,206,hard_flex
1789707342.757247,234,hard_flex
1789707342.75731,247,hard_flex
1789707342.757372,241,hard_flex
1789707342.791593,238,hard_flex
1789707342.791702,235,hard_flex
1789707342.791923,254,hard_flex
1789707342.791959,270,hard_flex
1789707342.791991,256,hard_flex
1789707342.792022,235,hard_flex
1789707342.792053,253,hard_flex
1789707342.824618,279,hard_flex
1789707342.8246841,358,hard_flex
1789707342.8247209,350,hard_flex
1789707342.824756,356,hard_flex
1789707342.824789,335,hard_flex
1789707342.824821,355,hard_flex
1789707342.858353,351,hard_flex
1789707342.8584561,355,hard_flex
1789707342.858521,350,hard_flex
1789707342.8585842,421,hard_flex
1789707342.858647,417,hard_flex
1789707342.85871,527,hard_flex
1789707342.85877,545,hard_flex
1789707342.892152,624,hard_flex
1789707342.8922172,585,hard_flex
1789707342.8922539,550,hard_flex
1789707342.892289,564,hard_flex
1789707342.892323,565,hard_flex
1789707342.8923562,565,hard_flex
1789707342.925906,558,hard_flex
1789707342.925983,543,hard_flex
1789707342.92608,504,hard_flex
1789707342.926178,468,hard_flex
1789707342.9262238,430,hard_flex
1789707342.926261,417,hard_flex
1789707342.959813,438,hard_flex
1789707342.9599419,439,hard_flex
1789707342.960011,429,hard_flex
1789707342.960074,481,hard_flex
1789707342.960136,575,hard_flex
1789707342.9601972,663,hard_flex
1789707342.960259,674,hard_flex
1789707342.993794,665,hard_flex
1789707342.993902,640,hard_flex
1789707342.993976,606,hard_flex
1789707342.994157,565,hard_flex
1789707342.994221,516,hard_flex
1789707342.9944031,511,hard_flex
1789707343.027413,492,hard_flex
1789707343.02751,491,hard_flex
1789707343.027574,521,hard_flex
1789707343.0276349,476,hard_flex
1789707343.027694,446,hard_flex
1789707343.027752,452,hard_flex
1789707343.0278091,425,hard_flex
1789707343.061225,386,hard_flex
1789707343.0613198,383,hard_flex
1789707343.061387,381,hard_flex
1789707343.061449,372,hard_flex
1789707343.0615098,343,hard_flex
1789707343.0615711,367,hard_flex
1789707343.0950432,359,hard_flex
1789707343.095158,347,hard_flex
1789707343.095225,326,hard_flex
1789707343.095287,315,hard_flex
1789707343.095347,305,hard_flex
1789707343.095406,287,hard_flex
1789707343.1288698,285,hard_flex
1789707343.129005,283,hard_flex
1789707343.12908,281,hard_flex
1789707343.129142,280,hard_flex
1789707343.129202,282,hard_flex
1789707343.129262,277,hard_flex
1789707343.12932,263,hard_flex
1789707343.162716,261,hard_flex
1789707343.1628218,242,hard_flex
1789707343.162891,263,hard_flex
1789707343.162956,271,hard_flex
1789707343.1630201,308,hard_flex
1789707343.163084,292,hard_flex
1789707343.196469,281,hard_flex
1789707343.196552,287,hard_flex
1789707343.196586,324,hard_flex
1789707343.196615,366,hard_flex
1789707343.196644,355,hard_flex
1789707343.196674,348,hard_flex
1789707343.196702,351,hard_flex
1789707343.2304692,337,hard_flex
1789707343.23053,304,hard_flex
1789707343.230568,298,hard_flex
1789707343.230603,282,hard_flex
1789707343.230637,264,hard_flex
1789707343.2306712,248,hard_flex
1789707343.26416,271,hard_flex
1789707343.26427,249,hard_flex
1789707343.264339,248,hard_flex
1789707343.264406,243,hard_flex
1789707343.2644842,234,hard_flex
1789707343.264548,212,hard_flex
1789707343.298013,194,hard_flex
1789707343.2981591,191,hard_flex
1789707343.298236,191,hard_flex
1789707343.298305,192,hard_flex
1789707343.298372,189,hard_flex
1789707343.2984378,200,hard_flex
1789707343.2985,197,hard_flex
1789707343.331863,200,hard_flex
1789707343.3319712,210,hard_flex
1789707343.332045,196,hard_flex
1789707343.332115,178,hard_flex
1789707343.332181,171,hard_flex
1789707343.332247,159,hard_flex
1789707343.36558,146,hard_flex
1789707343.3657012,142,hard_flex
1789707343.365775,131,hard_flex
1789707343.3658419,127,hard_flex
1789707343.365907,130,hard_flex
1789707343.365969,139,hard_flex
1789707343.3660312,141,hard_flex
1789707343.399591,142,hard_flex
1789707343.399704,141,hard_flex
1789707343.3997738,156,hard_flex
1789707343.399837,166,hard_flex
1789707343.3999,162,hard_flex
1789707343.399961,150,hard_flex
1789707343.4332852,145,hard_flex
1789707343.433409,133,hard_flex
1789707343.4334888,128,hard_flex
1789707343.433565,123,hard_flex
1789707343.433634,134,hard_flex
1789707343.433698,135,hard_flex
1789707343.467076,125,hard_flex
1789707343.467225,151,hard_flex
1789707343.467315,184,hard_flex
1789707343.4673831,171,hard_flex
1789707343.4674492,168,hard_flex
1789707343.467514,180,hard_flex
1789707343.467577,190,hard_flex
1789707343.500795,175,hard_flex
1789707343.5008671,165,hard_flex
1789707343.500905,163,hard_flex
1789707343.50094,161,hard_flex
1789707343.5009742,156,hard_flex
1789707343.501007,151,hard_flex
1789707343.5345972,162,hard_flex
1789707343.534682,174,hard_flex
1789707343.534726,160,hard_flex
1789707343.534827,156,hard_flex
1789707343.534879,146,hard_flex
1789707343.534917,136,hard_flex
1789707343.534954,136,hard_flex
1789707343.568607,155,hard_flex
1789707343.5686982,172,hard_flex
1789707343.568768,158,hard_flex
1789707343.568821,149,hard_flex
1789707343.568866,145,hard_flex
1789707343.569078,150,hard_flex
1789707343.6022751,161,hard_flex
1789707343.60236,207,hard_flex
1789707343.602417,239,hard_flex
1789707343.602798,232,hard_flex
1789707343.602932,219,hard_flex
1789707343.603007,198,hard_flex
1789707343.636346,179,hard_flex
1789707343.636578,159,hard_flex
1789707343.637003,157,hard_flex
1789707343.6371908,151,hard_flex
1789707343.637289,139,hard_flex
1789707343.637368,144,hard_flex
1789707343.637527,168,hard_flex
1789707343.67008,171,hard_flex
1789707343.6701922,160,hard_flex
1789707343.670261,162,hard_flex
1789707343.6703842,162,hard_flex
1789707343.670463,165,hard_flex
1789707343.6705248,177,hard_flex
1789707343.704003,185,hard_flex
1789707343.70417,178,hard_flex
1789707343.704245,169,hard_flex
1789707343.70431,159,hard_flex
1789707343.70437,145,hard_flex
1789707343.70443,151,hard_flex
1789707343.704502,146,hard_flex
1789707343.737462,152,hard_flex
1789707343.737526,152,hard_flex
1789707343.73765,156,hard_flex
1789707343.737696,155,hard_flex
1789707343.7377338,181,hard_flex
1789707343.737768,200,hard_flex
1789707343.771081,195,hard_flex
1789707343.771204,185,hard_flex
1789707343.771272,180,hard_flex
1789707343.771318,187,hard_flex
1789707343.7713752,192,hard_flex
1789707343.7714188,187,hard_flex
1789707343.805134,182,hard_flex
1789707343.805228,191,hard_flex
1789707343.805276,180,hard_flex
1789707343.805321,166,hard_flex
1789707343.805364,153,hard_flex
1789707343.8054059,159,hard_flex
1789707343.805449,162,hard_flex
1789707343.839054,158,hard_flex
1789707343.839239,166,hard_flex
1789707343.839307,166,hard_flex
1789707343.83937,191,hard_flex
1789707343.8394182,186,hard_flex
1789707343.839465,183,hard_flex
1789707343.8730628,175,hard_flex
1789707343.873139,166,hard_flex
1789707343.873179,154,hard_flex
1789707343.873215,146,hard_flex
1789707343.8732631,153,hard_flex
1789707343.873302,167,hard_flex
1789707343.873336,159,hard_flex
1789707343.906572,146,hard_flex
1789707343.9066722,135,hard_flex
1789707343.906741,172,hard_flex
1789707343.906795,187,hard_flex
1789707343.9068449,183,hard_flex
1789707343.906891,176,hard_flex
1789707343.94035,170,hard_flex
1789707343.940438,158,hard_flex
1789707343.94049,179,hard_flex
1789707343.940539,186,hard_flex
1789707343.940588,189,hard_flex
1789707343.940635,187,hard_flex
1789707343.9741418,204,hard_flex
1789707343.974298,192,hard_flex
1789707343.974381,218,hard_flex
1789707343.9744709,244,hard_flex
1789707343.974549,231,hard_flex
1789707343.974617,213,hard_flex
1789707343.9746912,202,hard_flex
1789707344.0079958,195,hard_flex
1789707344.008076,197,hard_flex
1789707344.008116,199,hard_flex
1789707344.0081658,191,hard_flex
1789707344.008202,197,hard_flex
1789707344.008235,195,hard_flex
1789707344.04204,209,hard_flex
1789707344.042315,207,hard_flex
1789707344.042378,202,hard_flex
1789707344.042411,186,hard_flex
1789707344.04245,171,hard_flex
1789707344.0424771,175,hard_flex
1789707344.042502,176,hard_flex
1789707344.075511,162,hard_flex
1789707344.0756109,166,hard_flex
1789707344.0756748,191,hard_flex
1789707344.075735,195,hard_flex
1789707344.075795,191,hard_flex
1789707344.07602,210,hard_flex
1789707344.1093729,208,hard_flex
1789707344.109461,226,hard_flex
1789707344.1095092,217,hard_flex
1789707344.1095538,215,hard_flex
1789707344.1095989,205,hard_flex
1789707344.109642,194,hard_flex
1789707344.1432261,182,hard_flex
1789707344.143362,179,hard_flex
1789707344.143431,173,hard_flex
1789707344.1434948,165,hard_flex
1789707344.143557,154,hard_flex
1789707344.143618,143,hard_flex
1789707344.14368,136,hard_flex
1789707344.1771252,135,hard_flex
1789707344.178,128,hard_flex
1789707344.178142,159,hard_flex
1789707344.1781912,169,hard_flex
1789707344.178229,181,hard_flex
1789707344.1782641,188,hard_flex
1789707344.2108061,186,hard_flex
1789707344.210906,167,hard_flex
1789707344.210973,150,hard_flex
1789707344.211037,148,hard_flex
1789707344.2111008,154,hard_flex
1789707344.2111628,166,hard_flex
1789707344.211224,159,hard_flex
1789707344.244684,155,hard_flex
1789707344.244788,144,hard_flex
1789707344.244858,136,hard_flex
1789707344.2449222,149,hard_flex
1789707344.244985,157,hard_flex
1789707344.245049,169,hard_flex
1789707344.278367,175,hard_flex
1789707344.278433,169,hard_flex
1789707344.278461,165,hard_flex
1789707344.2784882,157,hard_flex
1789707344.278513,169,hard_flex
1789707344.278539,193,hard_flex
1789707344.31202,193,hard_flex
1789707344.3121548,180,hard_flex
1789707344.3122072,188,hard_flex
1789707344.3122509,174,hard_flex
1789707344.312294,171,hard_flex
1789707344.312336,175,hard_flex
1789707344.3123782,168,hard_flex
1789707344.3459032,175,hard_flex
1789707344.345985,164,hard_flex
1789707344.346046,158,hard_flex
1789707344.346106,145,hard_flex
1789707344.3461661,138,hard_flex
1789707344.3462248,130,hard_flex
1789707344.37961,126,hard_flex
1789707344.379667,122,hard_flex
1789707344.379717,129,hard_flex
1789707344.3798301,154,hard_flex
1789707344.379928,177,hard_flex
1789707344.379967,189,hard_flex
1789707344.380002,198,hard_flex
1789707344.4135559,178,hard_flex
1789707344.413644,177,hard_flex
1789707344.413706,159,hard_flex
1789707344.4137669,150,hard_flex
1789707344.413826,149,hard_flex
1789707344.413889,156,hard_flex
1789707344.447389,155,hard_flex
1789707344.447469,149,hard_flex
1789707344.447514,141,hard_flex
1789707344.447555,132,hard_flex
1789707344.447593,154,hard_flex
1789707344.4476311,148,hard_flex
1789707344.481261,143,hard_flex
1789707344.481382,140,hard_flex
1789707344.481453,140,hard_flex
1789707344.4815302,127,hard_flex
1789707344.481596,125,hard_flex
1789707344.481672,124,hard_flex
1789707344.481737,131,hard_flex
1789707344.514998,127,hard_flex
1789707344.5150862,125,hard_flex
1789707344.515131,112,hard_flex
1789707344.515167,126,hard_flex
1789707344.515202,141,hard_flex
1789707344.5152361,177,hard_flex
1789707344.549084,179,hard_flex
1789707344.54922,168,hard_flex
1789707344.549301,168,hard_flex
1789707344.5493782,188,hard_flex
1789707344.5494468,185,hard_flex
1789707344.54951,182,hard_flex
1789707344.5495732,172,hard_flex
1789707344.583064,183,hard_flex
1789707344.5831602,185,hard_flex
1789707344.58321,191,hard_flex
1789707344.583255,172,hard_flex
1789707344.583293,162,hard_flex
1789707344.583327,181,hard_flex
1789707344.616637,186,hard_flex
1789707344.616748,196,hard_flex
1789707344.616821,204,hard_flex
1789707344.6168919,217,hard_flex
1789707344.616957,214,hard_flex
1789707344.617019,202,hard_flex
1789707344.6505458,198,hard_flex
1789707344.650702,185,hard_flex
1789707344.650752,176,hard_flex
1789707344.6509628,167,hard_flex
1789707344.6510139,175,hard_flex
1789707344.651062,182,hard_flex
1789707344.651097,170,hard_flex
1789707344.684277,199,hard_flex
1789707344.684387,220,hard_flex
1789707344.684458,226,hard_flex
1789707344.684526,214,hard_flex
1789707344.684591,209,hard_flex
1789707344.684654,201,hard_flex
1789707344.718048,190,hard_flex
1789707344.7181592,186,hard_flex
1789707344.718233,213,hard_flex
1789707344.7183008,220,hard_flex
1789707344.7183669,223,hard_flex
1789707344.718434,218,hard_flex
1789707344.718495,241,hard_flex
1789707344.751926,224,hard_flex
1789707344.752032,225,hard_flex
1789707344.752102,263,hard_flex
1789707344.752167,246,hard_flex
1789707344.752233,259,hard_flex
1789707344.752309,278,hard_flex
1789707344.785762,271,hard_flex
1789707344.7858748,262,hard_flex
1789707344.7859468,247,hard_flex
1789707344.786016,248,hard_flex
1789707344.78608,256,hard_flex
1789707344.786144,266,hard_flex
1789707344.8195179,321,hard_flex
1789707344.81967,368,hard_flex
1789707344.819743,390,hard_flex
1789707344.8198102,377,hard_flex
1789707344.8198771,443,hard_flex
1789707344.819942,473,hard_flex
1789707344.820004,523,hard_flex
1789707344.853371,621,hard_flex
1789707344.8534741,624,hard_flex
1789707344.853544,632,hard_flex
1789707344.85361,604,hard_flex
1789707344.853673,598,hard_flex
1789707344.853735,590,hard_flex
1789707344.887172,581,hard_flex
1789707344.887286,551,hard_flex
1789707344.8873558,513,hard_flex
1789707344.887421,524,hard_flex
1789707344.887485,586,hard_flex
1789707344.8875468,664,hard_flex
1789707344.887609,646,hard_flex
1789707344.921045,648,hard_flex
1789707344.921153,654,hard_flex
1789707344.921223,666,hard_flex
1789707344.921288,642,hard_flex
1789707344.921351,586,hard_flex
1789707344.921504,554,hard_flex
1789707344.954748,528,hard_flex
1789707344.954858,502,hard_flex
1789707344.9549282,479,hard_flex
1789707344.954994,510,hard_flex
1789707344.955059,551,hard_flex
1789707344.955125,570,hard_flex
1789707344.988597,530,hard_flex
1789707344.989387,500,hard_flex
1789707344.989722,623,hard_flex
1789707344.989804,657,hard_flex
1789707344.9898748,660,hard_flex
1789707344.9899552,628,hard_flex
1789707344.9900212,604,hard_flex
1789707345.022439,595,hard_flex
1789707345.02271,566,hard_flex
1789707345.022805,589,hard_flex
1789707345.022878,541,hard_flex
1789707345.0229461,500,hard_flex
1789707345.023009,523,hard_flex
1789707345.056622,495,hard_flex
1789707345.0572748,487,hard_flex
1789707345.057363,501,hard_flex
1789707345.05743,534,hard_flex
1789707345.057493,541,hard_flex
1789707345.0577102,548,hard_flex
1789707345.057804,504,hard_flex
1789707345.090345,519,hard_flex
1789707345.0904572,498,hard_flex
1789707345.090534,479,hard_flex
1789707345.090604,472,hard_flex
1789707345.090671,430,hard_flex
1789707345.090734,404,hard_flex
1789707345.12406,441,hard_flex
1789707345.1241689,494,hard_flex
1789707345.1242392,466,hard_flex
1789707345.124303,454,hard_flex
1789707345.124367,451,hard_flex
1789707345.124426,447,hard_flex
1789707345.1574929,432,hard_flex
1789707345.157645,427,hard_flex
1789707345.157716,417,hard_flex
1789707345.157782,408,hard_flex
1789707345.157844,476,hard_flex
1789707345.157904,569,hard_flex
1789707345.157963,567,hard_flex
1789707345.191349,579,hard_flex
1789707345.191423,575,hard_flex
1789707345.1914592,586,hard_flex
1789707345.191496,562,hard_flex
1789707345.19153,525,hard_flex
1789707345.191563,482,hard_flex
1789707345.2251961,503,hard_flex
1789707345.225465,532,hard_flex
1789707345.225555,505,hard_flex
1789707345.225627,468,hard_flex
1789707345.2256908,505,hard_flex
1789707345.225754,537,hard_flex
1789707345.225816,517,hard_flex
1789707345.25904,491,hard_flex
1789707345.259138,458,hard_flex
1789707345.2592058,435,hard_flex
1789707345.2592692,416,hard_flex
1789707345.259331,419,hard_flex
1789707345.259392,412,hard_flex
1789707345.29269,433,hard_flex
1789707345.292758,396,hard_flex
1789707345.292795,377,hard_flex
1789707345.29283,387,hard_flex
1789707345.292864,357,hard_flex
1789707345.292898,334,hard_flex
1789707345.326636,313,hard_flex
1789707345.326779,294,hard_flex
1789707345.32685,276,hard_flex
1789707345.326985,291,hard_flex
1789707345.327063,297,hard_flex
1789707345.3271291,283,hard_flex
1789707345.327193,272,hard_flex
1789707345.360439,251,hard_flex
1789707345.360538,232,hard_flex
1789707345.360607,217,hard_flex
1789707345.360673,204,hard_flex
1789707345.360737,206,hard_flex
1789707345.360801,202,hard_flex
1789707345.394222,193,hard_flex
1789707345.3943522,207,hard_flex
1789707345.394608,213,hard_flex
1789707345.394677,230,hard_flex
1789707345.394745,217,hard_flex
1789707345.3947809,206,hard_flex
1789707345.394805,190,hard_flex
1789707345.4280598,184,hard_flex
1789707345.428129,180,hard_flex
1789707345.428169,181,hard_flex
1789707345.4282072,183,hard_flex
1789707345.428243,168,hard_flex
1789707345.428279,151,hard_flex
1789707345.461748,147,hard_flex
1789707345.461822,142,hard_flex
1789707345.461865,155,hard_flex
1789707345.461905,167,hard_flex
1789707345.461942,196,hard_flex
1789707345.461979,219,hard_flex
1789707345.4956522,207,hard_flex
1789707345.495784,206,hard_flex
1789707345.495851,210,hard_flex
1789707345.4959118,220,hard_flex
1789707345.4959722,226,hard_flex
1789707345.496033,211,hard_flex
1789707345.496093,210,hard_flex
1789707345.5294678,212,hard_flex
1789707345.529564,214,hard_flex
1789707345.529633,204,hard_flex
1789707345.529699,186,hard_flex
1789707345.5297658,180,hard_flex
1789707345.52983,167,hard_flex
1789707345.563253,185,hard_flex
1789707345.563339,188,hard_flex
1789707345.563384,190,hard_flex
1789707345.563425,180,hard_flex
1789707345.563473,172,hard_flex
1789707345.564693,170,hard_flex
1789707345.56493,193,hard_flex
1789707345.597148,194,hard_flex
1789707345.597256,235,hard_flex
1789707345.5973299,220,hard_flex
1789707345.597402,215,hard_flex
1789707345.597468,221,hard_flex
1789707345.5975318,210,hard_flex
1789707345.630929,195,hard_flex
1789707345.631039,192,hard_flex
1789707345.6311119,198,hard_flex
1789707345.631179,204,hard_flex
1789707345.631246,195,hard_flex
1789707345.6313112,190,hard_flex
1789707345.664754,181,hard_flex
1789707345.6648982,192,hard_flex
1789707345.664973,199,hard_flex
1789707345.665041,198,hard_flex
1789707345.665104,187,hard_flex
1789707345.665167,177,hard_flex
1789707345.66523,185,hard_flex
1789707345.698673,186,hard_flex
1789707345.698781,182,hard_flex
1789707345.698852,174,hard_flex
1789707345.6989188,175,hard_flex
1789707345.6989849,157,hard_flex
1789707345.699052,146,hard_flex
1789707345.732382,142,hard_flex
1789707345.732501,136,hard_flex
1789707345.732595,176,hard_flex
1789707345.732672,212,hard_flex
1789707345.7327402,207,hard_flex
1789707345.732807,197,hard_flex
1789707345.7328708,180,hard_flex
1789707345.7662861,172,hard_flex
1789707345.766419,168,hard_flex
1789707345.7665012,182,hard_flex
1789707345.766575,191,hard_flex
1789707345.766643,177,hard_flex
1789707345.766709,167,hard_flex
1789707345.8001091,173,hard_flex
1789707345.800241,158,hard_flex
1789707345.800323,167,hard_flex
1789707345.8003972,164,hard_flex
1789707345.80047,177,hard_flex
1789707345.800653,222,hard_flex
1789707345.833838,248,hard_flex
1789707345.8339782,239,hard_flex
1789707345.8340511,221,hard_flex
1789707345.834122,213,hard_flex
1789707345.834191,202,hard_flex
1789707345.8342552,210,hard_flex
1789707345.834322,199,hard_flex
1789707345.8675258,191,hard_flex
1789707345.867606,181,hard_flex
1789707345.86765,164,hard_flex
1789707345.867691,148,hard_flex
1789707345.86774,138,hard_flex
1789707345.867778,167,hard_flex
1789707345.9014668,197,hard_flex
1789707345.901577,191,hard_flex
1789707345.9016519,191,hard_flex
1789707345.901723,174,hard_flex
1789707345.9017951,169,hard_flex
1789707345.901864,165,hard_flex
1789707345.901933,167,hard_flex
1789707345.935332,163,hard_flex
1789707345.935431,160,hard_flex
1789707345.935502,155,hard_flex
1789707345.9355662,168,hard_flex
1789707345.93563,162,hard_flex
1789707345.935692,153,hard_flex
1789707345.9697611,148,hard_flex
1789707345.9699311,140,hard_flex
1789707345.970001,157,hard_flex
1789707345.9700649,172,hard_flex
1789707345.970141,191,hard_flex
1789707345.97022,185,hard_flex
1789707346.0028028,186,hard_flex
1789707346.0031202,186,hard_flex
1789707346.003235,183,hard_flex
1789707346.003338,172,hard_flex
1789707346.003422,174,hard_flex
1789707346.003495,183,hard_flex
1789707346.003689,186,hard_flex
1789707346.037268,191,hard_flex
1789707346.0374541,183,hard_flex
1789707346.037531,189,hard_flex
1789707346.037598,186,hard_flex
1789707346.037663,190,hard_flex
1789707346.037726,209,hard_flex
1789707346.0704808,200,hard_flex
1789707346.0706408,197,hard_flex
1789707346.0707572,193,hard_flex
1789707346.070822,182,hard_flex
1789707346.070884,181,hard_flex
1789707346.070944,174,hard_flex
1789707346.071004,189,hard_flex
1789707346.104396,193,hard_flex
1789707346.1044962,198,hard_flex
1789707346.104563,208,hard_flex
1789707346.104626,202,hard_flex
1789707346.1046882,187,hard_flex
1789707346.1047528,190,hard_flex
1789707346.137942,181,hard_flex
1789707346.138038,186,hard_flex
1789707346.138106,192,hard_flex
1789707346.138303,176,hard_flex
1789707346.1383832,171,hard_flex
1789707346.1384451,182,hard_flex
1789707346.171828,180,hard_flex
1789707346.171965,189,hard_flex
1789707346.172044,170,hard_flex
1789707346.172129,175,hard_flex
1789707346.1721961,166,hard_flex
1789707346.172373,188,hard_flex
1789707346.172426,207,hard_flex
1789707346.205525,213,hard_flex
1789707346.2055948,199,hard_flex
1789707346.205657,200,hard_flex
1789707346.205716,195,hard_flex
1789707346.205775,220,hard_flex
1789707346.205833,229,hard_flex
1789707346.239548,233,hard_flex
1789707346.239659,214,hard_flex
1789707346.239726,201,hard_flex
1789707346.239789,186,hard_flex
1789707346.23985,213,hard_flex
1789707346.23991,222,hard_flex
1789707346.2399738,208,hard_flex
1789707346.2734468,195,hard_flex
1789707346.2735648,196,hard_flex
1789707346.273648,194,hard_flex
1789707346.2737129,188,hard_flex
1789707346.273779,180,hard_flex
1789707346.273847,169,hard_flex
1789707346.307194,176,hard_flex
1789707346.307317,176,hard_flex
1789707346.3073978,166,hard_flex
1789707346.3074749,170,hard_flex
1789707346.307543,171,hard_flex
1789707346.307607,163,hard_flex
1789707346.341331,173,hard_flex
1789707346.3414989,181,hard_flex
1789707346.34158,184,hard_flex
1789707346.341651,186,hard_flex
1789707346.341717,179,hard_flex
1789707346.3417861,161,hard_flex
1789707346.341853,155,hard_flex
1789707346.3750532,142,hard_flex
1789707346.375168,136,hard_flex
1789707346.375246,125,hard_flex
1789707346.375316,121,hard_flex
1789707346.3753831,130,hard_flex
1789707346.375448,142,hard_flex
1789707346.408701,148,hard_flex
1789707346.408857,151,hard_flex
1789707346.408926,145,hard_flex
1789707346.408978,143,hard_flex
1789707346.409027,141,hard_flex
1789707346.4090722,156,hard_flex
1789707346.409119,146,hard_flex
1789707346.435882,130,hard_flex
1789707346.435992,119,hard_flex
1789707346.4361038,116,hard_flex
1789707346.436369,105,hard_flex
1789707346.4365,98,hard_flex
1789707346.468828,118,hard_flex
1789707346.4689322,136,hard_flex
1789707346.469005,157,hard_flex
1789707346.469075,195,hard_flex
1789707346.469141,202,hard_flex
1789707346.469205,190,hard_flex
1789707346.5039139,179,hard_flex
1789707346.504025,167,hard_flex
1789707346.504138,151,hard_flex
1789707346.504203,159,hard_flex
1789707346.504265,172,hard_flex
1789707346.5043259,163,hard_flex
1789707346.536608,156,hard_flex
1789707346.536802,151,hard_flex
1789707346.536905,147,hard_flex
1789707346.536971,139,hard_flex
1789707346.537034,144,hard_flex
1789707346.5370948,139,hard_flex
1789707346.537156,135,hard_flex
1789707346.5701382,137,hard_flex
1789707346.570307,133,hard_flex
1789707346.570388,151,hard_flex
1789707346.570452,144,hard_flex
1789707346.570513,146,hard_flex
1789707346.570611,145,hard_flex
1789707346.603903,149,hard_flex
1789707346.604012,174,hard_flex
1789707346.604098,181,hard_flex
1789707346.604178,202,hard_flex
1789707346.60424,207,hard_flex
1789707346.604309,216,hard_flex
1789707346.604369,213,hard_flex
1789707346.637672,203,hard_flex
1789707346.637748,192,hard_flex
1789707346.637797,188,hard_flex
1789707346.637842,189,hard_flex
1789707346.637886,175,hard_flex
1789707346.637929,158,hard_flex
1789707346.671577,144,hard_flex
1789707346.67166,134,hard_flex
1789707346.671718,123,hard_flex
1789707346.6717691,111,hard_flex
1789707346.671819,117,hard_flex
1789707346.671865,124,hard_flex
1789707346.7053251,133,hard_flex
1789707346.705468,125,hard_flex
1789707346.7055402,114,hard_flex
1789707346.7057312,112,hard_flex
1789707346.7059178,111,hard_flex
1789707346.70617,112,hard_flex
1789707346.706254,132,hard_flex
1789707346.739485,151,hard_flex
1789707346.739601,155,hard_flex
1789707346.7396748,189,hard_flex
1789707346.739742,223,hard_flex
1789707346.739806,212,hard_flex
1789707346.7398698,200,hard_flex
1789707346.773074,188,hard_flex
1789707346.7731829,184,hard_flex
1789707346.773265,168,hard_flex
1789707346.7733629,168,hard_flex
1789707346.773432,159,hard_flex
1789707346.773608,170,hard_flex
1789707346.773686,170,hard_flex
1789707346.806852,199,hard_flex
1789707346.8069818,197,hard_flex
1789707346.807063,217,hard_flex
1789707346.807134,205,hard_flex
1789707346.807203,194,hard_flex
1789707346.8072698,225,hard_flex
1789707346.84049,240,hard_flex
1789707346.840563,252,hard_flex
1789707346.840596,240,hard_flex
1789707346.840627,241,hard_flex
1789707346.8406558,227,hard_flex
1789707346.8406851,221,hard_flex
1789707346.874411,214,hard_flex
1789707346.8745542,206,hard_flex
1789707346.8746262,188,hard_flex
1789707346.8746922,172,hard_flex
1789707346.8747551,163,hard_flex
1789707346.874818,160,hard_flex
1789707346.874881,171,hard_flex
1789707346.9082901,194,hard_flex
1789707346.908395,185,hard_flex
1789707346.908461,194,hard_flex
1789707346.908523,201,hard_flex
1789707346.9085839,181,hard_flex
1789707346.9086442,178,hard_flex
1789707346.942056,183,hard_flex
1789707346.942144,178,hard_flex
1789707346.942188,178,hard_flex
1789707346.9422238,168,hard_flex
1789707346.942258,199,hard_flex
1789707346.942292,205,hard_flex
1789707346.9423292,207,hard_flex
1789707346.975796,233,hard_flex
1789707346.9759018,243,hard_flex
1789707346.9759748,237,hard_flex
1789707346.976044,218,hard_flex
1789707346.9761128,212,hard_flex
1789707346.976178,196,hard_flex
1789707347.00962,200,hard_flex
1789707347.0096982,200,hard_flex
1789707347.009739,216,hard_flex
1789707347.009774,207,hard_flex
1789707347.00981,195,hard_flex
1789707347.009845,194,hard_flex
1789707347.0433621,219,hard_flex
1789707347.043494,213,hard_flex
1789707347.043562,209,hard_flex
1789707347.043624,265,hard_flex
1789707347.043686,278,hard_flex
1789707347.0437472,293,hard_flex
1789707347.043807,270,hard_flex
1789707347.0772102,254,hard_flex
1789707347.077294,233,hard_flex
1789707347.0773382,217,hard_flex
1789707347.077376,244,hard_flex
1789707347.077413,266,hard_flex
1789707347.0774589,259,hard_flex
1789707347.1110651,239,hard_flex
1789707347.1111732,267,hard_flex
1789707347.1112661,291,hard_flex
1789707347.111336,298,hard_flex
1789707347.1114,295,hard_flex
1789707347.1114619,273,hard_flex
1789707347.1115232,270,hard_flex
1789707347.145047,263,hard_flex
1789707347.1451268,267,hard_flex
1789707347.145171,264,hard_flex
1789707347.145205,273,hard_flex
1789707347.145239,267,hard_flex
1789707347.145271,259,hard_flex
1789707347.1786299,252,hard_flex
1789707347.178731,261,hard_flex
1789707347.1788049,269,hard_flex
1789707347.1788669,273,hard_flex
1789707347.1789281,265,hard_flex
1789707347.178988,262,hard_flex
1789707347.212325,292,hard_flex
1789707347.212425,318,hard_flex
1789707347.212464,319,hard_flex
1789707347.2124999,298,hard_flex
1789707347.2125351,293,hard_flex
1789707347.212569,277,hard_flex
1789707347.2126021,288,hard_flex
1789707347.246294,271,hard_flex
1789707347.2464519,281,hard_flex
1789707347.246567,289,hard_flex
1789707347.246637,296,hard_flex
1789707347.246701,278,hard_flex
1789707347.246774,251,hard_flex
1789707347.2800949,238,hard_flex
1789707347.28021,255,hard_flex
1789707347.280281,286,hard_flex
1789707347.2803452,272,hard_flex
1789707347.2804081,248,hard_flex
1789707347.280468,259,hard_flex
1789707347.2805288,239,hard_flex
1789707347.313945,239,hard_flex
1789707347.3140428,236,hard_flex
1789707347.3141088,240,hard_flex
1789707347.314173,218,hard_flex
1789707347.314235,198,hard_flex
1789707347.314295,201,hard_flex
1789707347.347487,189,hard_flex
1789707347.347561,190,hard_flex
1789707347.347601,183,hard_flex
1789707347.347639,178,hard_flex
1789707347.3476748,165,hard_flex
1789707347.34771,157,hard_flex
1789707347.381459,160,hard_flex
1789707347.381591,168,hard_flex
1789707347.3816588,162,hard_flex
1789707347.3817248,170,hard_flex
1789707347.381789,198,hard_flex
1789707347.381852,214,hard_flex
1789707347.3819141,217,hard_flex
1789707347.415383,198,hard_flex
1789707347.415491,202,hard_flex
1789707347.4155571,193,hard_flex
1789707347.415618,198,hard_flex
1789707347.415678,204,hard_flex
1789707347.4157372,223,hard_flex
1789707347.449101,239,hard_flex
1789707347.449204,226,hard_flex
1789707347.44927,221,hard_flex
1789707347.449332,245,hard_flex
1789707347.449394,248,hard_flex
1789707347.449454,227,hard_flex
1789707347.449514,239,hard_flex
1789707347.483042,258,hard_flex
1789707347.483147,248,hard_flex
1789707347.483215,266,hard_flex
1789707347.483281,252,hard_flex
1789707347.483346,248,hard_flex
1789707347.48341,225,hard_flex
1789707347.516806,216,hard_flex
1789707347.516914,204,hard_flex
1789707347.516983,221,hard_flex
1789707347.5170481,251,hard_flex
1789707347.51711,244,hard_flex
1789707347.51717,249,hard_flex
1789707347.550478,246,hard_flex
1789707347.5505779,224,hard_flex
1789707347.5506182,212,hard_flex
1789707347.550665,213,hard_flex
1789707347.550729,212,hard_flex
1789707347.550792,204,hard_flex
1789707347.550855,194,hard_flex
1789707347.584359,176,hard_flex
1789707347.584457,163,hard_flex
1789707347.584522,186,hard_flex
1789707347.5845828,173,hard_flex
1789707347.5846431,165,hard_flex
1789707347.584715,210,hard_flex
1789707347.618173,212,hard_flex
1789707347.618281,194,hard_flex
1789707347.618349,205,hard_flex
1789707347.6184142,231,hard_flex
1789707347.6184971,221,hard_flex
1789707347.618561,204,hard_flex
1789707347.618623,184,hard_flex
1789707347.652051,166,hard_flex
1789707347.6521542,172,hard_flex
1789707347.652221,170,hard_flex
1789707347.652284,176,hard_flex
1789707347.6523461,174,hard_flex
1789707347.652407,167,hard_flex
1789707347.685833,162,hard_flex
1789707347.6859388,152,hard_flex
1789707347.686008,155,hard_flex
1789707347.686075,143,hard_flex
1789707347.6861389,183,hard_flex
1789707347.686202,217,hard_flex
1789707347.719678,209,hard_flex
1789707347.7198,192,hard_flex
1789707347.719844,190,hard_flex
1789707347.719879,198,hard_flex
1789707347.7199109,198,hard_flex
1789707347.7199402,209,hard_flex
1789707347.719968,221,hard_flex
1789707347.7534652,235,hard_flex
1789707347.753578,214,hard_flex
1789707347.753644,194,hard_flex
1789707347.753706,182,hard_flex
1789707347.7537658,169,hard_flex
1789707347.7538261,157,hard_flex
1789707347.78701,184,hard_flex
1789707347.7870982,191,hard_flex
1789707347.787162,199,hard_flex
1789707347.787221,188,hard_flex
1789707347.7872798,170,hard_flex
1789707347.787338,159,hard_flex
1789707347.7873962,160,hard_flex
1789707347.8209229,148,hard_flex
1789707347.821004,168,hard_flex
1789707347.821066,173,hard_flex
1789707347.821125,163,hard_flex
1789707347.821183,168,hard_flex
1789707347.82124,162,hard_flex
1789707347.854641,155,hard_flex
1789707347.854742,152,hard_flex
1789707347.8548071,174,hard_flex
1789707347.854869,181,hard_flex
1789707347.8549278,168,hard_flex
1789707347.854987,151,hard_flex
1789707347.88841,142,hard_flex
1789707347.888511,141,hard_flex
1789707347.888575,151,hard_flex
1789707347.8886359,150,hard_flex
1789707347.888696,159,hard_flex
1789707347.8887548,156,hard_flex
1789707347.888813,164,hard_flex
1789707347.9222882,186,hard_flex
1789707347.92238,200,hard_flex
1789707347.922455,199,hard_flex
1789707347.922614,189,hard_flex
1789707347.922692,173,hard_flex
1789707347.9228039,159,hard_flex
1789707347.9560478,150,hard_flex
1789707347.956469,134,hard_flex
1789707347.956544,141,hard_flex
1789707347.956606,156,hard_flex
1789707347.9566662,146,hard_flex
1789707347.9567978,143,hard_flex
1789707347.9568691,145,hard_flex
1789707347.990006,135,hard_flex
1789707347.9900842,152,hard_flex
1789707347.990314,154,hard_flex
1789707347.9903948,165,hard_flex
1789707347.990458,151,hard_flex
1789707347.990518,141,hard_flex
1789707348.023681,134,hard_flex
1789707348.0237598,123,hard_flex
1789707348.023823,118,hard_flex
1789707348.023883,110,hard_flex
1789707348.023943,107,hard_flex
1789707348.024002,116,hard_flex
1789707348.041364,109,hard_flex
1789707348.041466,102,hard_flex
1789707348.0415301,100,hard_flex
1789707348.041583,94,hard_flex
1789707348.074477,109,hard_flex
1789707348.074558,123,hard_flex
1789707348.0746229,131,hard_flex
1789707348.074683,124,hard_flex
1789707348.074744,121,hard_flex
1789707348.074804,118,hard_flex
1789707348.108122,115,hard_flex
1789707348.108201,113,hard_flex
1789707348.108263,109,hard_flex
1789707348.1083221,114,hard_flex
1789707348.108382,121,hard_flex
1789707348.1084402,134,hard_flex
1789707348.1418931,133,hard_flex
1789707348.142014,133,hard_flex
1789707348.1420648,143,hard_flex
1789707348.1421099,132,hard_flex
1789707348.142155,122,hard_flex
1789707348.142198,132,hard_flex
1789707348.142292,138,hard_flex
1789707348.175763,134,hard_flex
1789707348.17584,125,hard_flex
1789707348.1759,117,hard_flex
1789707348.175959,116,hard_flex
1789707348.1760168,112,hard_flex
1789707348.176076,117,hard_flex
1789707348.209491,136,hard_flex
1789707348.209553,157,hard_flex
1789707348.209598,149,hard_flex
1789707348.209641,136,hard_flex
1789707348.209687,127,hard_flex
1789707348.209731,134,hard_flex
1789707348.209773,130,hard_flex
1789707348.2434392,126,hard_flex
1789707348.2435148,137,hard_flex
1789707348.243577,133,hard_flex
1789707348.243636,135,hard_flex
1789707348.243695,135,hard_flex
1789707348.243754,156,hard_flex
1789707348.2770932,181,hard_flex
1789707348.277175,170,hard_flex
1789707348.27724,154,hard_flex
1789707348.277303,140,hard_flex
1789707348.277351,132,hard_flex
1789707348.2773938,130,hard_flex
1789707348.310951,122,hard_flex
1789707348.311052,115,hard_flex
1789707348.311116,117,hard_flex
1789707348.311178,137,hard_flex
1789707348.3112478,149,hard_flex
1789707348.311312,160,hard_flex
1789707348.3113742,166,hard_flex
1789707348.344788,178,hard_flex
1789707348.3448582,195,hard_flex
1789707348.344908,195,hard_flex
1789707348.344954,177,hard_flex
1789707348.3449972,173,hard_flex
1789707348.3450398,164,hard_flex
1789707348.3785422,156,hard_flex
1789707348.378624,153,hard_flex
1789707348.378685,141,hard_flex
1789707348.3787441,143,hard_flex
1789707348.378803,138,hard_flex
1789707348.378867,151,hard_flex
1789707348.3789241,160,hard_flex
1789707348.412502,170,hard_flex
1789707348.4125729,158,hard_flex
1789707348.41262,157,hard_flex
1789707348.4126642,161,hard_flex
1789707348.412708,170,hard_flex
1789707348.412767,169,hard_flex
1789707348.446203,172,hard_flex
1789707348.446291,169,hard_flex
1789707348.446356,180,hard_flex
1789707348.4464169,193,hard_flex
1789707348.446539,182,hard_flex
1789707348.446605,167,hard_flex
1789707348.479997,154,hard_flex
